{
  "label_coordinates": {
    "0": [
      0.034895833333333334,
      0.25558791980799017,
      0.022916666666666665,
      0.015549076773566569
    ],
    "1": [
      0.06302083333333333,
      0.25558791980799017,
      0.03125,
      0.015549076773566569
    ],
    "2": [
      0.034895833333333334,
      0.2944606413994169,
      0.022916666666666665,
      0.015549076773566569
    ],
    "3": [
      0.06302083333333333,
      0.2944606413994169,
      0.03125,
      0.015549076773566569
    ],
    "4": [
      0.13489583333333333,
      0.31584062196307094,
      0.017708333333333333,
      0.015549076773566569
    ],
    "5": [
      0.03489582935969035,
      0.4499514091350826,
      0.029166666666666667,
      0.015549076773566569
    ],
    "6": [
      0.004999180634816487,
      0.4749753486774174,
      0.09924071629842122,
      0.0404580638058795
    ],
    "7": [
      0.00577093760172526,
      0.2023667167759961,
      0.09910157521565756,
      0.04123506091889881
    ],
    "8": [
      0.005847573280334473,
      0.39701912956868013,
      0.09996428489685058,
      0.04031351310055272
    ],
    "9": [
      0.006277700265248616,
      0.3559003854052782,
      0.09947722752888997,
      0.042811327935191934
    ],
    "10": [
      0.0031648874282836914,
      0.667753495790057,
      0.1006622076034546,
      0.04105014634201895
    ],
    "11": [
      0.0023871501286824542,
      0.6295992273862671,
      0.10196563402811686,
      0.039898604531098156
    ],
    "12": [
      0.007043822606404623,
      0.15978026691284772,
      0.09775833288828532,
      0.04466791773908224
    ],
    "13": [
      0.002992904186248779,
      0.7078570930325255,
      0.10070185661315918,
      0.038486551149477646
    ],
    "14": [
      0.008383891979853312,
      0.9644809200186771,
      0.02287296454111735,
      0.02333891843567784
    ],
    "15": [
      0.10691495736440022,
      0.15632758404701166,
      0.08228010336558024,
      0.043403914649006926
    ],
    "16": [
      0.004252425829569499,
      0.5140678620778668,
      0.0989789883295695,
      0.03982849417668853
    ],
    "17": [
      0.004063010215759277,
      0.5519168360703657,
      0.09896903038024903,
      0.039497397731413995
    ],
    "18": [
      0.9812015533447266,
      0.95876573983388,
      0.017621231079101563,
      0.033923446610787174
    ],
    "19": [
      0.9640356699625651,
      0.9577574437978317,
      0.017063140869140625,
      0.03478185358965014
    ],
    "20": [
      0.9103511174519857,
      0.0,
      0.024788665771484374,
      0.04780557482305143
    ],
    "21": [
      0.11785575548807779,
      0.229294416392394,
      0.061479981740315756,
      0.05760922445847759
    ],
    "22": [
      0.9380369822184245,
      0.0,
      0.029246012369791668,
      0.04544927079893062
    ],
    "23": [
      0.09276692072550456,
      0.4447701234511662,
      0.010457801818847656,
      0.026228746241800292
    ],
    "24": [
      0.006144520143667857,
      0.2887111474751731,
      0.01182259718577067,
      0.025267902222272837
    ],
    "25": [
      0.9945247014363606,
      0.0,
      0.005475362141927083,
      0.04285125065127893
    ],
    "26": [
      0.0055178642272949215,
      0.24564126536496295,
      0.011813672383626302,
      0.03192553877019558
    ],
    "27": [
      8.362655838330586e-05,
      0.15761804163629736,
      0.006295526027679443,
      0.08918458217550412
    ]
  },
  "parsed_content_list": [
    {
      "type": "text",
      "bbox": [
        0.03489583358168602,
        0.25558793544769287,
        0.05781250074505806,
        0.2711370289325714
      ],
      "interactivity": false,
      "content": "Ashen",
      "source": "box_ocr_content_ocr"
    },
    {
      "type": "text",
      "bbox": [
        0.06302083283662796,
        0.25558793544769287,
        0.09427083283662796,
        0.2711370289325714
      ],
      "interactivity": false,
      "content": "Personal",
      "source": "box_ocr_content_ocr"
    },
    {
      "type": "text",
      "bbox": [
        0.03489583358168602,
        0.294460654258728,
        0.05781250074505806,
        0.3100097179412842
      ],
      "interactivity": false,
      "content": "Ashen",
      "source": "box_ocr_content_ocr"
    },
    {
      "type": "text",
      "bbox": [
        0.06302083283662796,
        0.294460654258728,
        0.09427083283662796,
        0.3100097179412842
      ],
      "interactivity": false,
      "content": "Personal",
      "source": "box_ocr_content_ocr"
    },
    {
      "type": "text",
      "bbox": [
        0.13489583134651184,
        0.31584063172340393,
        0.15260416269302368,
        0.3313896954059601
      ],
      "interactivity": false,
      "content": "Acer",
      "source": "box_ocr_content_ocr"
    },
    {
      "type": "text",
      "bbox": [
        0.03489583358168602,
        0.4499514102935791,
        0.06406249850988388,
        0.46550047397613525
      ],
      "interactivity": false,
      "content": "Pictures",
      "source": "box_ocr_content_ocr"
    },
    {
      "type": "icon",
      "bbox": [
        0.004999184515327215,
        0.4749753475189209,
        0.10423989593982697,
        0.5154334306716919
      ],
      "interactivity": true,
      "content": "tutorial ",
      "source": "box_yolo_content_ocr"
    },
    {
      "type": "icon",
      "bbox": [
        0.00577093381434679,
        0.20236670970916748,
        0.10487250983715057,
        0.24360178411006927
      ],
      "interactivity": true,
      "content": "Gallery ",
      "source": "box_yolo_content_ocr"
    },
    {
      "type": "icon",
      "bbox": [
        0.005847573280334473,
        0.3970191478729248,
        0.10581185668706894,
        0.4373326599597931
      ],
      "interactivity": true,
      "content": "Videos ",
      "source": "box_yolo_content_ocr"
    },
    {
      "type": "icon",
      "bbox": [
        0.006277704145759344,
        0.3559004068374634,
        0.10575492680072784,
        0.3987117111682892
      ],
      "interactivity": true,
      "content": "Downloads ",
      "source": "box_yolo_content_ocr"
    },
    {
      "type": "icon",
      "bbox": [
        0.0031648874282836914,
        0.6677534580230713,
        0.1038270965218544,
        0.7088035941123962
      ],
      "interactivity": true,
      "content": "(C) ",
      "source": "box_yolo_content_ocr"
    },
    {
      "type": "icon",
      "bbox": [
        0.002387154148891568,
        0.6295992732048035,
        0.10435278713703156,
        0.6694978475570679
      ],
      "interactivity": true,
      "content": "PC ",
      "source": "box_yolo_content_ocr"
    },
    {
      "type": "icon",
      "bbox": [
        0.0070438263937830925,
        0.15978026390075684,
        0.10480215400457382,
        0.20444819331169128
      ],
      "interactivity": true,
      "content": "Home ",
      "source": "box_yolo_content_ocr"
    },
    {
      "type": "icon",
      "bbox": [
        0.0029929042793810368,
        0.707857072353363,
        0.10369475930929184,
        0.7463436126708984
      ],
      "interactivity": true,
      "content": "Network ",
      "source": "box_yolo_content_ocr"
    },
    {
      "type": "icon",
      "bbox": [
        0.008383890613913536,
        0.9644809365272522,
        0.03125685453414917,
        0.9878198504447937
      ],
      "interactivity": true,
      "content": "Item ",
      "source": "box_yolo_content_ocr"
    },
    {
      "type": "icon",
      "bbox": [
        0.1069149523973465,
        0.15632757544517517,
        0.18919506669044495,
        0.1997314989566803
      ],
      "interactivity": true,
      "content": "Devices and drives ",
      "source": "box_yolo_content_ocr"
    },
    {
      "type": "icon",