{
  "label_coordinates": {
    "0": [
      0.8989583333333333,
      0.07407406700981987,
      0.057291666666666664,
      0.02962962962962963
    ],
    "1": [
      0.8921875,
      0.11944445857295284,
      0.029166666666666667,
      0.018518518518518517
    ],
    "2": [
      0.9255208333333333,
      0.12314814814814815,
      0.019791666666666666,
      0.014814814814814815
    ],
    "3": [
      0.9151041666666667,
      0.13796296296296295,
      0.04583333333333333,
      0.016666666666666666
    ],
    "4": [
      0.9244791666666666,
      0.16944443031593606,
      0.017708333333333333,
      0.016666666666666666
    ],
    "5": [
      0.8921875,
      0.1824074074074074,
      0.027083333333333334,
      0.018518518518518517
    ],
    "6": [
      0.9244791666666666,
      0.18611111111111112,
      0.015625,
      0.014814814814814815
    ],
    "7": [
      0.35634009043375653,
      0.950258156105324,
      0.14799029032389324,
      0.04232132523148148
    ],
    "8": [
      0.848817253112793,
      0.0001488597304732711,
      0.09591522216796874,
      0.034534687466091576
    ],
    "9": [
      0.8479135513305665,
      0.22714631822374132,
      0.15208638509114583,
      0.04491780598958333
    ],
    "10": [
      0.9087343215942383,
      0.15336485968695746,
      0.048761749267578126,
      0.0160085607458044
    ],
    "11": [
      0.9121129989624024,
      0.03668926380298756,
      0.02875175476074219,
      0.0372521647700557
    ],
    "12": [
      0.5594655990600585,
      0.9509440104166667,
      0.026457595825195312,
      0.048584662543402775
    ],
    "13": [
      0.588666025797526,
      0.9481434574833623,
      0.026561609903971353,
      0.05029121681495949
    ],
    "14": [
      0.5036283810933431,
      0.9487429018373843,
      0.02608464558919271,
      0.05058865017361111
    ],
    "15": [
      0.5319957097371419,
      0.9486754240813079,
      0.025225321451822918,
      0.05028347439236111
    ],
    "16": [
      0.9760068893432617,
      4.574281198007089e-05,
      0.023688888549804686,
      0.033926638850459344
    ],
    "17": [
      0.6178494771321614,
      0.9483095522280093,
      0.025838470458984374,
      0.05040622287326389
    ],
    "18": [
      0.32722342809041344,
      0.9486194751880787,
      0.027893257141113282,
      0.045054117838541664
    ],
    "19": [
      0.6496446609497071,
      0.9483540852864584,
      0.019514973958333334,
      0.05063928674768518
    ],
    "20": [
      0.9433763504028321,
      3.498042071307147e-05,
      0.029439163208007813,
      0.03418634909170645
    ],
    "21": [
      0.848138173421224,
      0.27090510615596064,
      0.15186182657877603,
      0.056513468424479164
    ],
    "22": [
      0.08813905715942383,
      0.1978017736364294,
      0.7484724680582683,
      0.7087227150245949
    ]
  },
  "parsed_content_list": [
    {
      "type": "text",
      "bbox": [
        0.8989583253860474,
        0.07407407462596893,
        0.956250011920929,
        0.10370370000600815
      ],
      "interactivity": false,
      "content": "Manual",
      "source": "box_ocr_content_ocr"
    },
    {
      "type": "text",
      "bbox": [
        0.8921874761581421,
        0.11944444477558136,
        0.9213541746139526,
        0.1379629671573639
      ],
      "interactivity": false,
      "content": "SPACE",
      "source": "box_ocr_content_ocr"
    },
    {
      "type": "text",
      "bbox": [
        0.9255208373069763,
        0.12314815074205399,
        0.9453125,
        0.1379629671573639
      ],
      "interactivity": false,
      "content": "Scan",
      "source": "box_ocr_content_ocr"
    },
    {
      "type": "text",
      "bbox": [
        0.9151041507720947,
        0.1379629671573639,
        0.9609375,
        0.1546296328306198
      ],
      "interactivity": false,
      "content": "Select action",
      "source": "box_ocr_content_ocr"
    },
    {
      "type": "text",
      "bbox": [
        0.9244791865348816,
        0.16944444179534912,
        0.942187488079071,
        0.18611110746860504
      ],
      "interactivity": false,
      "content": "back",
      "source": "box_ocr_content_ocr"
    },
    {
      "type": "text",
      "bbox": [
        0.8921874761581421,
        0.182407408952713,
        0.9192708134651184,
        0.20092593133449554
      ],
      "interactivity": false,
      "content": "QIESC",
      "source": "box_ocr_content_ocr"
    },
    {
      "type": "text",
      "bbox": [
        0.9244791865348816,
        0.18611110746860504,
        0.9401041865348816,
        0.20092593133449554
      ],
      "interactivity": false,
      "content": "Quit",
      "source": "box_ocr_content_ocr"
    },
    {
      "type": "icon",
      "bbox": [
        0.35634008049964905,
        0.9502581357955933,
        0.5043303370475769,
        0.992579460144043
      ],
      "interactivity": true,
      "content": "Search ",
      "source": "box_yolo_content_ocr"
    },
    {
      "type": "icon",
      "bbox": [
        0.8488172888755798,
        0.00014885928248986602,
        0.9447325468063354,
        0.03468354418873787
      ],
      "interactivity": true,
      "content": "BCI Manual ",
      "source": "box_yolo_content_ocr"
    },
    {
      "type": "icon",
      "bbox": [
        0.8479135632514954,
        0.22714631259441376,
        1.0,
        0.27206411957740784
      ],
      "interactivity": true,
      "content": "Taking screenshot__. ",
      "source": "box_yolo_content_ocr"
    },
    {
      "type": "icon",
      "bbox": [
        0.9087343215942383,
        0.1533648669719696,
        0.9574960470199585,
        0.16937343776226044
      ],
      "interactivity": true,
      "content": "More options ",
      "source": "box_yolo_content_ocr"
    },
    {
      "type": "icon",
      "bbox": [
        0.9121130108833313,
        0.036689262837171555,
        0.9408647418022156,
        0.0739414319396019
      ],
      "interactivity": true,
      "content": "BCI ",
      "source": "box_yolo_content_ocr"
    },
    {
      "type": "icon",
      "bbox": [
        0.5594656467437744,
        0.9509440064430237,
        0.5859232544898987,
        0.9995286464691162
      ],
      "interactivity": true,
      "content": "Microsoft Edge browser",
      "source": "box_yolo_content_yolo"
    },
    {
      "type": "icon",
      "bbox": [
        0.5886660218238831,
        0.9481435418128967,
        0.6152276396751404,
        0.9984347820281982
      ],
      "interactivity": true,
      "content": "Google Chrome",
      "source": "box_yolo_content_yolo"
    },
    {
      "type": "icon",
      "bbox": [
        0.5036283731460571,
        0.9487429261207581,
        0.5297130346298218,
        0.999331533908844
      ],
      "interactivity": true,
      "content": "Gallery",
      "source": "box_yolo_content_yolo"
    },
    {
      "type": "icon",
      "bbox": [
        0.5319956541061401,
        0.9486754536628723,
        0.557220995426178,
        0.9989588856697083
      ],
      "interactivity": true,
      "content": "Spotify",
      "source": "box_yolo_content_yolo"
    },
    {
      "type": "icon",
      "bbox": [
        0.9760068655014038,
        4.574457852868363e-05,
        0.9996957778930664,
        0.03397237882018089
      ],
      "interactivity": true,
      "content": "Close",
      "source": "box_yolo_content_yolo"
    },
    {
      "type": "icon",
      "bbox": [
        0.6178494691848755,
        0.9483095407485962,
        0.6436879634857178,
        0.9987157583236694
      ],
      "interactivity": true,
      "content": "PyCharm",
      "source": "box_yolo_content_yolo"
    },
    {
      "type": "icon",
      "bbox": [
        0.32722344994544983,
        0.9486194849014282,
        0.35511672496795654,
        0.9936736226081848
      ],
      "interactivity": true,
      "content": "Windows",