{
  "label_coordinates": {
    "0": [
      0.016666664679845174,
      0.005888124677454056,
      0.059375,
      0.023552502453385672
    ],
    "1": [
      0.22552083333333334,
      0.13444553483807656,
      0.18020833333333333,
      0.03631010794896958
    ],
    "2": [
      0.546875,
      0.21589793915603533,
      0.08229166666666667,
      0.02747791952894995
    ],
    "3": [
      0.5578125,
      0.2512266928361138,
      0.09114583333333333,
      0.02649656526005888
    ],
    "4": [
      0.27395833333333336,
      0.3415113155226478,
      0.121875,
      0.03042198233562316
    ],
    "5": [
      0.546875,
      0.37684003925417076,
      0.10104166666666667,
      0.03140333660451423
    ],
    "6": [
      0.5463541666666667,
      0.41020605444791153,
      0.07864583333333333,
      0.02649656526005888
    ],
    "7": [
      0.6375,
      0.4102060843964671,
      0.07083333333333333,
      0.023552502453385672
    ],
    "8": [
      0.5468749364217123,
      0.4514229936384476,
      0.08333333333333333,
      0.02551521099116781
    ],
    "9": [
      0.5458333333333333,
      0.48282630029440626,
      0.128125,
      0.02551521099116781
    ],
    "10": [
      0.546875,
      0.5103042198233563,
      0.09791666666666667,
      0.02551521099116781
    ],
    "11": [
      0.2734375,
      0.5858684985279686,
      0.0375,
      0.019627085377821395
    ],
    "12": [
      0.3182291666666667,
      0.5897939156035329,
      0.03854166666666667,
      0.019627085377821395
    ],
    "13": [
      0.27342259089152016,
      0.20574972135863898,
      0.20968793233235677,
      0.12308706596157384
    ],
    "14": [
      0.7165889739990234,
      0.12833084840184925,
      0.05240020751953125,
      0.041825344096924066
    ],
    "15": [
      0.27094720204671224,
      0.3658340349281618,
      0.21047630310058593,
      0.16979683978049864
    ],
    "16": [
      0.6714604695638021,
      0.1306747122063604,
      0.03744799296061198,
      0.03771038261316242
    ],
    "17": [
      0.11415448188781738,
      0.05171472775924428,
      0.09833898544311523,
      0.030953542991990077
    ],
    "18": [
      0.27416737874348956,
      0.547098356327435,
      0.05434614817301432,
      0.03159955954060353
    ],
    "19": [
      0.5455315272013347,
      0.30576468964671244,
      0.18201866149902343,
      0.03089109651005888
    ],
    "20": [
      0.833961296081543,
      0.04037122941695673,
      0.1626911163330078,
      0.058223316316164744
    ],
    "21": [
      0.4990015665690104,
      0.3721428479015886,
      0.041956392923990886,
      0.07469894513999632
    ],
    "22": [
      0.2241978645324707,
      0.4295200276772571,
      0.044303480784098306,
      0.10163994696470191
    ],
    "23": [
      0.22486120859781902,
      0.33835398905176645,
      0.04247605005900065,
      0.07627429906004661
    ],
    "24": [
      0.500084114074707,
      0.2105235510649227,
      0.04049491882324219,
      0.08077430912276129
    ],
    "25": [
      0.08213570117950439,
      0.053643276225830316,
      0.019898366928100587,
      0.03404903692632943
    ],
    "26": [
      0.778939692179362,
      0.05116888538544031,
      0.01891161600748698,
      0.035038615817293686
    ],
    "27": [
      0.060880494117736814,
      0.05527737798119901,
      0.014995463689168294,
      0.02863058327926621
    ],
    "28": [
      0.22786801656087238,
      0.21260919842331635,
      0.03757314682006836,
      0.08063253266069677
    ],
    "29": [
      0.8056469599405924,
      0.04987913586557555,
      0.020342000325520835,
      0.0397654262913338
    ],
    "30": [
      0.9698655446370442,
      0.0,
      0.023537953694661457,
      0.03309740285527133
    ],
    "31": [
      0.499819278717041,
      0.4526678053506808,
      0.04084717432657878,
      0.07658941776174559
    ],
    "32": [
      0.22364363670349122,
      0.5484018971571394,
      0.0452025572458903,
      0.07753573222062071
    ],
    "33": [
      0.03431465228398641,
      0.053397106586190506,
      0.01912526289621989,
      0.031823874221816734
    ],
    "34": [
      0.9935524622599284,
      0.0,
      0.0064474741617838545,
      0.032292093683154825
    ],
    "35": [
      0.4986728668212891,
      0.294078643469394,
      0.04289035797119141,
      0.06762916931811212
    ],
    "36": [
      6.326660513877869e-05,
      0.04637861766571853,
      0.004557356238365173,
      0.048234993856952284
    ]
  },
  "parsed_content_list": [
    {
      "type": "text",
      "bbox": [
        0.01666666753590107,
        0.005888125393539667,
        0.07604166865348816,
        0.029440628364682198
      ],
      "interactivity": false,
      "content": "Control Panel",
      "source": "box_ocr_content_ocr"
    },
    {
      "type": "text",
      "bbox": [
        0.22552083432674408,
        0.13444553315639496,
        0.40572917461395264,
        0.17075563967227936
      ],
      "interactivity": false,
      "content": "Adjust your computer's settings",
      "source": "box_ocr_content_ocr"
    },
    {
      "type": "text",
      "bbox": [
        0.546875,
        0.21589793264865875,
        0.6291666626930237,
        0.24337585270404816
      ],
      "interactivity": false,
      "content": "User Accounts",
      "source": "box_ocr_content_ocr"
    },
    {
      "type": "text",
      "bbox": [
        0.557812511920929,
        0.2512266933917999,
        0.6489583253860474,
        0.2777232527732849
      ],
      "interactivity": false,
      "content": "Change account type",
      "source": "box_ocr_content_ocr"
    },
    {
      "type": "text",
      "bbox": [
        0.27395832538604736,
        0.3415112793445587,
        0.3958333432674408,
        0.3719332814216614
      ],
      "interactivity": false,
      "content": "Network and Internet",
      "source": "box_ocr_content_ocr"
    },
    {
      "type": "text",
      "bbox": [
        0.546875,
        0.3768400251865387,
        0.6479166746139526,
        0.4082433879375458
      ],
      "interactivity": false,
      "content": "Clock and Region",
      "source": "box_ocr_content_ocr"
    },
    {
      "type": "text",
      "bbox": [
        0.5463541746139526,
        0.4102060794830322,
        0.625,
        0.4367026388645172
      ],
      "interactivity": false,
      "content": "Change date, time,",
      "source": "box_ocr_content_ocr"
    },
    {
      "type": "text",
      "bbox": [
        0.637499988079071,
        0.4102060794830322,
        0.7083333134651184,
        0.43375858664512634
      ],
      "interactivity": false,
      "content": "number formats",
      "source": "box_ocr_content_ocr"
    },
    {
      "type": "text",
      "bbox": [
        0.546875,
        0.45142295956611633,
        0.6302083134651184,
        0.4769381880760193
      ],
      "interactivity": false,
      "content": "Ease of Access",
      "source": "box_ocr_content_ocr"
    },
    {
      "type": "text",
      "bbox": [
        0.5458333492279053,
        0.482826292514801,
        0.6739583611488342,
        0.5083414912223816
      ],
      "interactivity": false,
      "content": "Let Windows suggest settings",
      "source": "box_ocr_content_ocr"
    },
    {
      "type": "text",
      "bbox": [
        0.546875,
        0.5103042125701904,
        0.6447916626930237,
        0.535819411277771
      ],
      "interactivity": false,
      "content": "Optimize visual display",
      "source": "box_ocr_content_ocr"
    },
    {
      "type": "text",
      "bbox": [
        0.2734375,
        0.5858684778213501,
        0.3109374940395355,
        0.6054955720901489
      ],
      "interactivity": false,
      "content": "Uninstall",
      "source": "box_ocr_content_ocr"
    },
    {
      "type": "text",