{
  "label_coordinates": {
    "0": [
      0.016666664679845174,
      0.005888124677454056,
      0.059375,
      0.023552502453385672
    ],
    "1": [
      0.1421875,
      0.05986261040235525,
      0.057291666666666664,
      0.019627085377821395
    ],
    "2": [
      0.22552083333333334,
      0.13444553483807656,
      0.18020833333333333,
      0.03631010794896958
    ],
    "3": [
      0.546875,
      0.21589793915603533,
      0.08229166666666667,
      0.02747791952894995
    ],
    "4": [
      0.5578125,
      0.2512266928361138,
      0.09114583333333333,
      0.02649656526005888
    ],
    "5": [
      0.546875,
      0.37684003925417076,
      0.10104166666666667,
      0.03140333660451423
    ],
    "6": [
      0.2734375,
      0.3994112173872209,
      0.12708333333333333,
      0.019627085377821395
    ],
    "7": [
      0.5463541666666667,
      0.41020605444791153,
      0.07864583333333333,
      0.02649656526005888
    ],
    "8": [
      0.6375,
      0.4102060843964671,
      0.07083333333333333,
      0.023552502453385672
    ],
    "9": [
      0.5468749364217123,
      0.4514229936384476,
      0.08333333333333333,
      0.02551521099116781
    ],
    "10": [
      0.5458333333333333,
      0.48282630029440626,
      0.128125,
      0.02551521099116781
    ],
    "11": [
      0.27291666666666664,
      0.49656526005888124,
      0.020833333333333332,
      0.023552502453385672
    ],
    "12": [
      0.30104166666666665,
      0.49656526005888124,
      0.029166666666666667,
      0.023552502453385672
    ],
    "13": [
      0.546875,
      0.5103042198233563,
      0.09791666666666667,
      0.02551521099116781
    ],
    "14": [
      0.27291666666666664,
      0.5220804710500491,
      0.17083333333333334,
      0.02747791952894995
    ],
    "15": [
      0.2734375,
      0.60549558390579,
      0.0375,
      0.019627085377821395
    ],
    "16": [
      0.3182291666666667,
      0.6094210009813543,
      0.03854166666666667,
      0.019627085377821395
    ],
    "17": [
      0.27326526641845705,
      0.20589706825203938,
      0.20983606974283855,
      0.12120252315382728
    ],
    "18": [
      0.27319761912027996,
      0.33556074717093964,
      0.21335233052571614,
      0.0608639104092554
    ],
    "19": [
      0.7165258407592774,
      0.128295134749333,
      0.052447509765625,
      0.041880659079060356
    ],
    "20": [
      0.6713835398356119,
      0.13062797748539468,
      0.037548192342122394,
      0.03770331475404809
    ],
    "21": [
      0.2738845189412435,
      0.43560521478624875,
      0.2118277867635091,
      0.03149252340299927
    ],
    "22": [
      0.2714559555053711,
      0.5622975477643523,
      0.20741437276204427,
      0.03747546614327772
    ],
    "23": [
      0.2735145568847656,
      0.46840121912184124,
      0.20664717356363932,
      0.026293514053299803
    ],
    "24": [
      0.5456350962320964,
      0.30563612049765393,
      0.18195228576660155,
      0.0310470685874632
    ],
    "25": [
      0.2231485684712728,
      0.4417173555952527,
      0.04609518051147461,
      0.11130925740999141
    ],
    "26": [
      0.8339450836181641,
      0.040356112883533184,
      0.16274948120117189,
      0.058221654171330656
    ],
    "27": [
      0.49900519053141273,
      0.37214470471203387,
      0.04197285970052083,
      0.07467414773598503
    ],
    "28": [
      0.22512003580729167,
      0.33623270291224544,
      0.04355640411376953,
      0.08299691122577281
    ],
    "29": [
      0.49999993642171225,
      0.21035341332073418,
      0.040598551432291664,
      0.08105717323011224
    ],
    "30": [
      0.08214635848999023,
      0.053644234579608534,
      0.0198734442392985,
      0.03407649975178637
    ],
    "31": [
      0.778962516784668,
      0.05120298555952527,
      0.018867111206054686,
      0.034998481009261534
    ],
    "32": [
      0.06086897850036621,
      0.05530649172078171,
      0.014997752507527669,
      0.02858987944867824
    ],
    "33": [
      0.499798838297526,
      0.4526435470206698,
      0.04084587097167969,
      0.07638343159654072
    ],
    "34": [
      0.22789182662963867,
      0.21169257795728808,
      0.03768844604492187,
      0.08247087982147785
    ],
    "35": [
      0.8056718826293945,
      0.049868601461154086,
      0.020307540893554688,
      0.039803303726989925
    ],
    "36": [
      0.9699370066324869,
      0.0,
      0.023467254638671876,
      0.033110838526013556
    ],
    "37": [
      0.034345495700836184,
      0.053458635893607394,
      0.018984166781107585,
      0.03169612865803637
    ],
    "38": [
      0.11142377058664958,
      0.051004950735824034,
      0.018206675847371418,
      0.03364583952270148
    ],
    "39": [
      0.9935529708862305,
      0.0,
      0.006446965535481771,
      0.032308134878231566
    ],
    "40": [
      0.49867591857910154,
      0.29410931079029684,
      0.042980257670084634,
      0.0675072187998344
    ],
    "41": [
      6.377647320429483e-05,
      0.04648038285754263,
      0.004556106030941009,
      0.048141629234965344
    ],
    "42": [
      0.22186091740926106,
      0.5650478434164928,
      0.047713279724121094,
      0.07984308873589303
    ]
  },
  "parsed_content_list": [
    {
      "type": "text",
      "bbox": [
        0.01666666753590107,
        0.005888125393539667,
        0.07604166865348816,
        0.029440628364682198
      ],
      "interactivity": false,
      "content": "Control Panel",
      "source": "box_ocr_content_ocr"
    },
    {
      "type": "text",
      "bbox": [
        0.14218750596046448,
        0.05986260995268822,
        0.19947916269302368,
        0.07948969304561615
      ],
      "interactivity": false,
      "content": "Control Panel",
      "source": "box_ocr_content_ocr"
    },
    {
      "type": "text",
      "bbox": [
        0.22552083432674408,
        0.13444553315639496,
        0.40572917461395264,
        0.17075563967227936
      ],
      "interactivity": false,
      "content": "Adjust your computer's settings",
      "source": "box_ocr_content_ocr"
    },
    {
      "type": "text",
      "bbox": [
        0.546875,
        0.21589793264865875,
        0.6291666626930237,
        0.24337585270404816
      ],
      "interactivity": false,
      "content": "User Accounts",
      "source": "box_ocr_content_ocr"
    },
    {
      "type": "text",
      "bbox": [
        0.557812511920929,
        0.2512266933917999,
        0.6489583253860474,
        0.2777232527732849
      ],
      "interactivity": false,
      "content": "Change account type",
      "source": "box_ocr_content_ocr"
    },
    {
      "type": "text",
      "bbox": [
        0.546875,
        0.3768400251865387,
        0.6479166746139526,
        0.4082433879375458
      ],
      "interactivity": false,
      "content": "Clock and Region",
      "source": "box_ocr_content_ocr"
    },
    {
      "type": "text",
      "bbox": [
        0.2734375,
        0.3994112014770508,
        0.40052083134651184,
        0.4190382659435272
      ],
      "interactivity": false,
      "content": "View network status and tasks",
      "source": "box_ocr_content_ocr"
    },
    {
      "type": "text",
      "bbox": [
        0.5463541746139526,
        0.4102060794830322,
        0.625,
        0.4367026388645172
      ],
      "interactivity": false,
      "content": "Change date, time,",
      "source": "box_ocr_content_ocr"
    },
    {
      "type": "text",
      "bbox": [
        0.637499988079071,
        0.4102060794830322,
        0.7083333134651184,
        0.43375858664512634
      ],
      "interactivity": false,
      "content": "number formats",
      "source": "box_ocr_content_ocr"
    },
    {
      "type": "text",
      "bbox": [
        0.546875,
        0.45142295956611633,
        0.6302083134651184,
        0.4769381880760193
      ],
      "interactivity": false,