{
  "label_coordinates": {
    "0": [
      0.016666664679845174,
      0.005888124677454056,
      0.059375,
      0.023552502453385672
    ],
    "1": [
      0.1421875,
      0.05986261040235525,
      0.057291666666666664,
      0.019627085377821395
    ],
    "2": [
      0.22552083333333334,
      0.13444553483807656,
      0.18020833333333333,
      0.03631010794896958
    ],
    "3": [
      0.546875,
      0.21589793915603533,
      0.08229166666666667,
      0.02747791952894995
    ],
    "4": [
      0.5578125,
      0.2512266928361138,
      0.09114583333333333,
      0.02649656526005888
    ],
    "5": [
      0.27395833333333336,
      0.3415113155226478,
      0.121875,
      0.03042198233562316
    ],
    "6": [
      0.546875,
      0.37684003925417076,
      0.10104166666666667,
      0.03140333660451423
    ],
    "7": [
      0.5463541666666667,
      0.41020605444791153,
      0.07864583333333333,
      0.02649656526005888
    ],
    "8": [
      0.6375,
      0.4102060843964671,
      0.07083333333333333,
      0.023552502453385672
    ],
    "9": [
      0.5468749364217123,
      0.4514229936384476,
      0.08333333333333333,
      0.02551521099116781
    ],
    "10": [
      0.5458333333333333,
      0.48282630029440626,
      0.128125,
      0.02551521099116781
    ],
    "11": [
      0.546875,
      0.5103042198233563,
      0.09791666666666667,
      0.02551521099116781
    ],
    "12": [
      0.2734375,
      0.5858684985279686,
      0.0375,
      0.019627085377821395
    ],
    "13": [
      0.3182291666666667,
      0.5897939156035329,
      0.03854166666666667,
      0.019627085377821395
    ],
    "14": [
      0.2734260559082031,
      0.20576066755569952,
      0.20968310038248697,
      0.12306536823306397
    ],
    "15": [
      0.7165978749593099,
      0.1283453584770225,
      0.052385203043619794,
      0.04179671327779993
    ],
    "16": [
      0.2709396998087565,
      0.36584894930883527,
      0.21048107147216796,
      0.1697670709162629
    ],
    "17": [
      0.6714678446451823,
      0.13066852782963537,
      0.03743616739908854,
      0.03772107424750061
    ],
    "18": [
      0.27416629791259767,
      0.5471012313887696,
      0.05434608459472656,
      0.03159524694860157
    ],
    "19": [
      0.5455296834309896,
      0.30577355441916093,
      0.1820227305094401,
      0.030876301923607703
    ],
    "20": [
      0.8339649200439453,
      0.04037873153012681,
      0.16268043518066405,
      0.05821163637949276
    ],
    "21": [
      0.49899816513061523,
      0.372140871296921,
      0.041961256663004556,
      0.07469708832955103
    ],
    "22": [
      0.2241989771525065,
      0.4295358704631532,
      0.04429772694905599,
      0.10162116922036003
    ],
    "23": [
      0.22486003239949545,
      0.338362224904548,
      0.04247121810913086,
      0.07626196025515211
    ],
    "24": [
      0.5000882466634115,
      0.21052546777247916,
      0.04048983256022135,
      0.08076885848564769
    ],
    "25": [
      0.08213688532511393,
      0.05364180500303798,
      0.019895617167154947,
      0.03405115953020539
    ],
    "26": [
      0.7789469401041667,
      0.051191006137297594,
      0.018897883097330728,
      0.03499334483198142
    ],
    "27": [
      0.06088053782780965,
      0.05527971022496397,
      0.014995261033376058,
      0.02862050184674773
    ],
    "28": [
      0.2278698444366455,
      0.2126607698360065,
      0.03756704330444336,
      0.08053340294176276
    ],
    "29": [
      0.8056617736816406,
      0.049894203732596294,
      0.020318603515625,
      0.03971748988457587
    ],
    "30": [
      0.9698768615722656,
      0.0,
      0.023521041870117186,
      0.033098260132674494
    ],
    "31": [
      0.49981896082560223,
      0.4526675358136807,
      0.040848128000895184,
      0.07658902843052319
    ],
    "32": [
      0.22364786465962727,
      0.5484139364764782,
      0.04519060452779134,
      0.0775023096326055
    ],
    "33": [
      0.11141963005065918,
      0.050927136901316394,
      0.01819162368774414,
      0.03368031031016162
    ],
    "34": [
      0.034320314725240074,
      0.05340660402187539,
      0.01910551389058431,
      0.03181184613318626
    ],
    "35": [
      0.9935506184895834,
      0.0,
      0.006449381510416667,
      0.03229530192217017
    ],
    "36": [
      0.49867512385050455,
      0.29408783767595376,
      0.04288784662882487,
      0.06762096341388617
    ],
    "37": [
      6.370991468429565e-05,
      0.04637956104521897,
      0.004557967185974121,
      0.04822988762822773
    ]
  },
  "parsed_content_list": [
    {
      "type": "text",
      "bbox": [
        0.01666666753590107,
        0.005888125393539667,
        0.07604166865348816,
        0.029440628364682198
      ],
      "interactivity": false,
      "content": "Control Panel",
      "source": "box_ocr_content_ocr"
    },
    {
      "type": "text",
      "bbox": [
        0.14218750596046448,
        0.05986260995268822,
        0.19947916269302368,
        0.07948969304561615
      ],
      "interactivity": false,
      "content": "Control Panel",
      "source": "box_ocr_content_ocr"
    },
    {
      "type": "text",
      "bbox": [
        0.22552083432674408,
        0.13444553315639496,
        0.40572917461395264,
        0.17075563967227936
      ],
      "interactivity": false,
      "content": "Adjust your computer's settings",
      "source": "box_ocr_content_ocr"
    },
    {
      "type": "text",
      "bbox": [
        0.546875,
        0.21589793264865875,
        0.6291666626930237,
        0.24337585270404816
      ],
      "interactivity": false,
      "content": "User Accounts",
      "source": "box_ocr_content_ocr"
    },
    {
      "type": "text",
      "bbox": [
        0.557812511920929,
        0.2512266933917999,
        0.6489583253860474,
        0.2777232527732849
      ],
      "interactivity": false,
      "content": "Change account type",
      "source": "box_ocr_content_ocr"
    },
    {
      "type": "text",
      "bbox": [
        0.27395832538604736,
        0.3415112793445587,
        0.3958333432674408,
        0.3719332814216614
      ],
      "interactivity": false,
      "content": "Network and Internet",
      "source": "box_ocr_content_ocr"
    },
    {
      "type": "text",
      "bbox": [
        0.546875,
        0.3768400251865387,
        0.6479166746139526,
        0.4082433879375458
      ],
      "interactivity": false,
      "content": "Clock and Region",
      "source": "box_ocr_content_ocr"
    },
    {
      "type": "text",
      "bbox": [
        0.5463541746139526,
        0.4102060794830322,
        0.625,
        0.4367026388645172
      ],
      "interactivity": false,
      "content": "Change date, time,",
      "source": "box_ocr_content_ocr"
    },
    {
      "type": "text",
      "bbox": [
        0.637499988079071,
        0.4102060794830322,
        0.7083333134651184,
        0.43375858664512634
      ],
      "interactivity": false,
      "content": "number formats",
      "source": "box_ocr_content_ocr"
    },
    {
      "type": "text",
      "bbox": [
        0.546875,
        0.45142295956611633,
        0.6302083134651184,
        0.4769381880760193
      ],
      "interactivity": false,
      "content": "Ease of Access",
      "source": "box_ocr_content_ocr"
    },
    {
      "type": "text",
      "bbox": [
        0.5458333492279053,
        0.482826292514801,
        0.6739583611488342,
        0.5083414912223816
      ],
      "interactivity": false,
      "content": "Let Windows suggest settings",
      "source": "box_ocr_content_ocr"
    },
    {
      "type": "text",
      "bbox": [
        0.546875,
        0.5103042125701904,
        0.6447916626930237,
        0.535819411277771
      ],
      "interactivity": false,
      "content": "Optimize visual display",
      "source": "box_ocr_content_ocr"
    },
    {
      "type": "text",