{
  "label_coordinates": {
    "0": [
      0.015625,
      0.005888124677454056,
      0.06354166666666666,
      0.023552502453385672
    ],
    "1": [
      0.8338289896647135,
      0.0416906542118211,
      0.16158129374186198,
      0.05568026092499348
    ],
    "2": [
      0.3414559046427409,
      0.16534486720091696,
      0.10398585001627604,
      0.02745333176482765
    ],
    "3": [
      0.4537436167399089,
      0.16579427522578816,
      0.13665523529052734,
      0.026052937306412536
    ],
    "4": [
      0.2039823849995931,
      0.1662954343546829,
      0.12759742736816407,
      0.02582559782108685
    ],
    "5": [
      0.34945287704467776,
      0.19195598568602798,
      0.1464792251586914,
      0.028522315507314155
    ],
    "6": [
      0.20382169087727864,
      0.193292709515303,
      0.1370957056681315,
      0.026459279308375244
    ],
    "7": [
      0.139229679107666,
      0.05279646958640326,
      0.061334228515625,
      0.030961913613271667
    ],
    "8": [
      0.2126479148864746,
      0.05337109252210922,
      0.06543130874633789,
      0.02956825757985962
    ],
    "9": [
      0.004964709281921387,
      0.16716097755918793,
      0.14755646387736002,
      0.04077882177111445
    ],
    "10": [
      0.01452187697092692,
      0.34946741884660204,
      0.13275007406870523,
      0.056632419095774045
    ],
    "11": [
      0.20412309964497885,
      0.13131661457215255,
      0.12386905352274577,
      0.034094663550739084
    ],
    "12": [
      0.004276053110758463,
      0.20670484069285144,
      0.14731938044230145,
      0.0360503940750736
    ],
    "13": [
      0.012039979298909506,
      0.27791265276159227,
      0.13936055501302083,
      0.03464880167443572
    ],
    "14": [
      0.0045085271199544275,
      0.2413708028896283,
      0.14703219731648762,
      0.03620708491781158
    ],
    "15": [
      0.011535851160685222,
      0.3134196003473074,
      0.14161307017008465,
      0.033142389329305695
    ],
    "16": [
      0.014386145273844402,
      0.40616267001196027,
      0.1415615399678548,
      0.032968867398337834
    ],
    "17": [
      0.006013703346252441,
      0.11364276650141453,
      0.1495187759399414,
      0.05121927008661602
    ],
    "18": [
      0.022368834416071574,
      0.4432669537575135,
      0.06663064161936443,
      0.0297807837608869
    ],
    "19": [
      0.11142943700154623,
      0.053291230955114545,
      0.017635679244995116,
      0.031696592860647695
    ],
    "20": [
      0.08216992219289145,
      0.05295973788065812,
      0.01969464619954427,
      0.03640097186656649
    ],
    "21": [
      0.060024066766103105,
      0.05548902442340645,
      0.015258379777272542,
      0.03053768483649526
    ],
    "22": [
      0.9677504221598308,
      0.0,
      0.026039886474609374,
      0.033503239475358805
    ],
    "23": [
      0.034855663776397705,
      0.05466944850813067,
      0.018071722984313966,
      0.03235782701905974
    ],
    "24": [
      0.005716943740844726,
      0.05035545266762566,
      0.021699559688568116,
      0.04061487214722039
    ],
    "25": [
      0.8042579650878906,
      0.04396012580429841,
      0.02249883015950521,
      0.05143008171283696
    ],
    "26": [
      0.1694025993347168,
      0.13131679426348594,
      0.028752708435058595,
      0.05986854021635795
    ],
    "27": [
      0.7790439605712891,
      0.05035415739259729,
      0.018328730265299478,
      0.03830882588125422
    ],
    "28": [
      0.9935787200927735,
      0.0,
      0.006421279907226562,
      0.03284138762798815
    ],
    "29": [
      0.12922588984171549,
      0.055039163426632266,
      0.009870688120524088,
      0.028144664221586728
    ],
    "30": [
      0.0001310497522354126,
      0.44219970703125,
      0.021000448862711588,
      0.030531713843228656
    ],
    "31": [
      0.0,
      0.0,
      0.01682931979497274,
      0.03370873523296622
    ],
    "32": [
      0.9359032313028971,
      0.0003375033752022126,
      0.016837310791015626,
      0.03152198529454045
    ],
    "33": [
      0.00012434273958206177,
      0.04766254219152508,
      0.004828353226184845,
      0.047152712955793055
    ]
  },
  "parsed_content_list": [
    {
      "type": "text",
      "bbox": [
        0.015625,
        0.005888125393539667,
        0.07916666567325592,
        0.029440628364682198
      ],
      "interactivity": false,
      "content": "Ease of Access",
      "source": "box_ocr_content_ocr"
    },
    {
      "type": "icon",
      "bbox": [
        0.8338289856910706,
        0.041690658777952194,
        0.9954102635383606,
        0.09737091511487961
      ],
      "interactivity": true,
      "content": "Search Control Panel ",
      "source": "box_yolo_content_ocr"
    },
    {
      "type": "icon",
      "bbox": [
        0.3414559066295624,
        0.16534486413002014,
        0.44544172286987305,
        0.1927981972694397
      ],
      "interactivity": true,
      "content": "Optimize visual display ",
      "source": "box_yolo_content_ocr"
    },
    {
      "type": "icon",
      "bbox": [
        0.4537436366081238,
        0.1657942682504654,
        0.590398907661438,
        0.19184722006320953
      ],
      "interactivity": true,
      "content": "Replace sounds visual cues ",
      "source": "box_yolo_content_ocr"
    },
    {
      "type": "icon",
      "bbox": [
        0.2039823979139328,
        0.16629543900489807,
        0.3315798342227936,
        0.19212102890014648
      ],
      "interactivity": true,
      "content": "Let Windows suggest settings ",
      "source": "box_yolo_content_ocr"
    },
    {
      "type": "icon",
      "bbox": [
        0.3494528532028198,
        0.19195598363876343,
        0.49593207240104675,
        0.22047829627990723
      ],
      "interactivity": true,
      "content": "Change how your keyboard works ",
      "source": "box_yolo_content_ocr"
    },
    {
      "type": "icon",
      "bbox": [
        0.20382168889045715,
        0.19329270720481873,
        0.3409173786640167,
        0.2197519838809967
      ],
      "interactivity": true,
      "content": "Change how your mouse works ",
      "source": "box_yolo_content_ocr"
    },
    {
      "type": "icon",
      "bbox": [
        0.1392296850681305,
        0.05279646813869476,
        0.20056390762329102,
        0.0837583839893341
      ],
      "interactivity": true,
      "content": "Control Panel ",
      "source": "box_yolo_content_ocr"
    },
    {
      "type": "icon",
      "bbox": [
        0.2126479148864746,
        0.053371090441942215,
        0.27807921171188354,
        0.08293934911489487
      ],
      "interactivity": true,
      "content": "Ease of Access ",
      "source": "box_yolo_content_ocr"
    },
    {
      "type": "icon",
      "bbox": [
        0.004964709281921387,
        0.1671609878540039,
        0.15252116322517395,
        0.20793980360031128
      ],
      "interactivity": true,
      "content": "System and Security ",
      "source": "box_yolo_content_ocr"
    },
    {
      "type": "icon",
      "bbox": [
        0.014521884731948376,
        0.3494674265384674,
        0.14727196097373962,
        0.4060998260974884
      ],
      "interactivity": true,
      "content": "Appearance and Personalization ",
      "source": "box_yolo_content_ocr"
    },
    {
      "type": "icon",
      "bbox": [
        0.2041231095790863,
        0.13131661713123322,
        0.32799217104911804,
        0.16541127860546112
      ],
      "interactivity": true,
      "content": "Ease of Access Center ",
      "source": "box_yolo_content_ocr"
    },
    {
      "type": "icon",
      "bbox": [
        0.0042760493233799934,
        0.20670484006404877,
        0.15159542858600616,
        0.2427552342414856
      ],
      "interactivity": true,
      "content": "Network and Internet ",