{
  "label_coordinates": {
    "0": [
      0.25246913580246916,
      0.075,
      0.09012345679012346,
      0.014814814814814815
    ],
    "1": [
      0.2537037037037037,
      0.24351851851851852,
      0.09506172839506173,
      0.014814814814814815
    ],
    "2": [
      0.9334400318287037,
      0.10627599645543981,
      0.0665599681712963,
      0.04399611861617477
    ],
    "3": [
      0.5450133523823303,
      0.26218157167787903,
      0.10799974983121143,
      0.02220622875072338
    ],
    "4": [
      0.0,
      0.1119600154735424,
      0.06050926962016541,
      0.11058902740478516
    ],
    "5": [
      0.5669299467110339,
      0.20454013965747975,
      0.09612954222125772,
      0.02436854044596354
    ],
    "6": [
      0.431579288435571,
      0.2641707808883102,
      0.10185614691840278,
      0.017453907154224537
    ],
    "7": [
      0.4313317946445795,
      0.18149072152596932,
      0.15582863136574074,
      0.02590498747649016
    ],
    "8": [
      0.4310981656298225,
      0.20807829962836372,
      0.12610360604745371,
      0.01958256474247685
    ],
    "9": [
      0.6679108796296296,
      0.20077328152126736,
      0.1620750144675926,
      0.030720435248480903
    ],
    "10": [
      0.43137806080005786,
      0.23835997404875578,
      0.09223482108410494,
      0.024866626880787036
    ],
    "11": [
      0.010218105787112389,
      0.003940829524287471,
      0.03717751208646798,
      0.08668135890254268
    ],
    "12": [
      0.2435966020748939,
      0.3410588299786603,
      0.13072198938440394,
      0.04096481888382523
    ],
    "13": [
      0.24671009205005787,
      0.2880657054759838,
      0.13235454794801313,
      0.02719562671802662
    ],
    "14": [
      0.2474469220196759,
      0.31377272429289643,
      0.13143318082079475,
      0.026518419053819443
    ],
    "15": [
      0.24237201831958913,
      0.38200788144712094,
      0.1326650548864294,
      0.027491477683738427
    ],
    "16": [
      0.24450093963999808,
      0.2069433989348235,
      0.1367490980360243,
      0.031068363896122685
    ],
    "17": [
      0.2423394662362558,
      0.16680566293221932,
      0.13773967601634837,
      0.03844189114040798
    ],
    "18": [
      0.24548313470534336,
      0.2619151362666377,
      0.13368454921392747,
      0.026314912018952547
    ],
    "19": [
      0.6646940254870756,
      0.25832734284577547,
      0.15598325376157407,
      0.027695436830873842
    ],
    "20": [
      0.24308970886983988,
      0.4083281340422454,
      0.13250836030936536,
      0.025756892451533564
    ],
    "21": [
      0.3699225154923804,
      0.11492793471724899,
      0.058179539809992284,
      0.02577036398428458
    ],
    "22": [
      0.4405009705343364,
      0.10774753711841724,
      0.10306238245081019,
      0.04038546526873553
    ],
    "23": [
      0.694800106095679,
      0.9468354401765047,
      0.033504081066743824,
      0.05316455982349537
    ],
    "24": [
      0.5966356819058642,
      0.9516335946542246,
      0.03034570011091821,
      0.044117115162037035
    ],
    "25": [
      0.6295404504846643,
      0.9523776584201389,
      0.02895375946421682,
      0.045689109519675926
    ],
    "26": [
      0.23491088490427275,
      0.11127053719979746,
      0.024396769205729165,
      0.033986070421006945
    ],
    "27": [
      0.5626088083526235,
      0.9529518410011574,
      0.026943479938271606,
      0.04129593460648148
    ],
    "28": [
      0.2619350480444637,
      0.11067856682671441,
      0.02419795283564815,
      0.03375690601490162
    ],
    "29": [
      0.6615371515721451,
      0.9494448061342593,
      0.032341399016203705,
      0.05055519386574074
    ],
    "30": [
      0.49079231921537425,
      0.9544622350622106,
      0.031063503689236112,
      0.04220671477141204
    ],
    "31": [
      0.5284321349344135,
      0.9534384268301505,
      0.026007984302662036,
      0.0407359935619213
    ],
    "32": [
      0.30965583707079475,
      0.1098211924235026,
      0.021262538580246914,
      0.03500332302517361
    ],
    "33": [
      0.28895858953028547,
      0.11072038721155238,
      0.0185211181640625,
      0.033808249014395254
    ],
    "34": [
      0.9012748058931327,
      0.10782649428756148,
      0.024476453993055557,
      0.04159730275472005
    ],
    "35": [
      0.39769648799189816,
      0.18051096598307292,
      0.028085063416280864,
      0.04639285052264178
    ],
    "36": [
      0.4590254795404128,
      0.9523196750217013,
      0.028425579306520062,
      0.042130533854166666
    ],
    "37": [
      0.33961528260030865,
      0.1099500161630136,
      0.02034640842013889,
      0.034723437273943863
    ],
    "38": [
      0.9784203800154321,
      0.9455367476851851,
      0.0215796199845679,
      0.05446325231481482
    ],
    "39": [
      0.3981947910638503,
      0.2378252382631655,
      0.029006016107253087,
      0.042407057020399305
    ],
    "40": [
      0.878039852189429,
      0.1131053712632921,
      0.018809678819444446,
      0.031168542084870514
    ],
    "41": [
      0.23338005160108025,
      0.23787757025824652,
      0.017948555652006173,
      0.022807368525752315
    ]
  },
  "parsed_content_list": [
    {
      "type": "text",
      "bbox": [
        0.25246912240982056,
        0.07500000298023224,
        0.34259259700775146,
        0.08981481194496155
      ],
      "interactivity": false,
      "content": "Network and Internet",
      "source": "box_ocr_content_ocr"
    },
    {
      "type": "text",
      "bbox": [
        0.2537037134170532,
        0.24351851642131805,
        0.34876543283462524,
        0.25833332538604736
      ],
      "interactivity": false,
      "content": "Network and Internet",
      "source": "box_ocr_content_ocr"
    },
    {
      "type": "icon",
      "bbox": [
        0.9334400296211243,
        0.10627599060535431,
        1.0,
        0.15027210116386414
      ],
      "interactivity": true,
      "content": "Search Controb ",
      "source": "box_yolo_content_ocr"
    },
    {
      "type": "icon",
      "bbox": [
        0.5450133681297302,
        0.2621815502643585,
        0.6530131101608276,
        0.2843877971172333
      ],
      "interactivity": true,
      "content": "Manage browser add-ons ",
      "source": "box_yolo_content_ocr"
    },
    {
      "type": "icon",
      "bbox": [
        0.0,
        0.1119600161910057,
        0.06050926819443703,
        0.22254903614521027
      ],
      "interactivity": true,
      "content": "Control Panel ",
      "source": "box_yolo_content_ocr"
    },
    {
      "type": "icon",
      "bbox": [
        0.5669299364089966,
        0.20454013347625732,
        0.6630594730377197,
        0.2289086878299713
      ],
      "interactivity": true,
      "content": "Connect network ",
      "source": "box_yolo_content_ocr"
    },
    {
      "type": "icon",
      "bbox": [
        0.4315792918205261,
        0.2641707956790924,
        0.5334354639053345,
        0.2816246747970581
      ],
      "interactivity": true,
      "content": "Change homepage your ",
      "source": "box_yolo_content_ocr"
    },
    {
      "type": "icon",
      "bbox": [
        0.4313317835330963,
        0.1814907193183899,
        0.5871604084968567,
        0.20739570260047913
      ],
      "interactivity": true,
      "content": "Network and Sharing Center ",
      "source": "box_yolo_content_ocr"
    },
    {
      "type": "icon",
      "bbox": [
        0.43109816312789917,
        0.2080782949924469,
        0.5572017431259155,
        0.2276608645915985
      ],
      "interactivity": true,
      "content": "View network status and tasks ",
      "source": "box_yolo_content_ocr"
    },
    {
      "type": "icon",
      "bbox": [
        0.6679108738899231,
        0.20077328383922577,
        0.8299859166145325,
        0.2314937263727188
      ],
      "interactivity": true,