{
  "label_coordinates": {
    "0": [
      0.7932291666666667,
      0.3962962962962963,
      0.04635416666666667,
      0.025925925925925925
    ],
    "1": [
      0.8541666666666666,
      0.39814814814814814,
      0.08020833333333334,
      0.022222222222222223
    ],
    "2": [
      0.7208333969116211,
      0.4425925925925926,
      0.08229166666666667,
      0.025925925925925925
    ],
    "3": [
      0.8270833333333333,
      0.4444444444444444,
      0.03958333333333333,
      0.022222222222222223
    ],
    "4": [
      0.9307291666666667,
      0.9453703703703704,
      0.036458333333333336,
      0.018518518518518517
    ],
    "5": [
      0.9208333333333333,
      0.9657407407407408,
      0.046875,
      0.022222222222222223
    ],
    "6": [
      0.7086640040079752,
      0.48697091561776623,
      0.28349838256835935,
      0.08230658637152778
    ],
    "7": [
      0.7087157567342123,
      0.5677888093171296,
      0.2835985819498698,
      0.08899434407552083
    ],
    "8": [
      0.8189105987548828,
      0.9365943060980902,
      0.033569717407226564,
      0.05925767686631944
    ],
    "9": [
      0.7088900883992513,
      0.7349251641167535,
      0.28719571431477864,
      0.08377696849681714
    ],
    "10": [
      0.7089951833089193,
      0.6541447957356771,
      0.2843957265218099,
      0.08555976019965278
    ],
    "11": [
      0.3099355697631836,
      0.9415176956741899,
      0.17563209533691407,
      0.05075615776909722
    ],
    "12": [
      0.7100443522135417,
      0.8192801581488716,
      0.2860342661539714,
      0.10918341742621528
    ],
    "13": [
      0.5191141446431478,
      0.9344219631618924,
      0.0347108523050944,
      0.06557803683810765
    ],
    "14": [
      0.6910273234049479,
      0.9367901272243924,
      0.03454717000325521,
      0.060817407678674766
    ],
    "15": [
      0.6215129216512044,
      0.9364158912941262,
      0.03638318379720052,
      0.06358399567780672
    ],
    "16": [
      0.5535728454589843,
      0.9349918506763599,
      0.03462816874186198,
      0.06500826235170717
    ],
    "17": [
      0.6583475748697917,
      0.9356791178385416,
      0.029818344116210937,
      0.06432088216145833
    ],
    "18": [
      0.588039779663086,
      0.9351108127170139,
      0.033719380696614586,
      0.06488918728298611
    ],
    "19": [
      0.8558865865071614,
      0.9385539302119502,
      0.019844182332356772,
      0.05693251998336227
    ],
    "20": [
      0.485637633005778,
      0.9383958039460358,
      0.03309135437011719,
      0.054291167082609955
    ],
    "21": [
      0.27680416107177735,
      0.9388913755063657,
      0.03154964447021484,
      0.05477950484664352
    ],
    "22": [
      0.7947013854980469,
      0.9361203794126157,
      0.022774759928385416,
      0.06387962058738426
    ],
    "23": [
      0.8931634902954102,
      0.9375139589662905,
      0.02076276143391927,
      0.06004531295211227
    ],
    "24": [
      0.9674654006958008,
      0.393741946750217,
      0.020966339111328124,
      0.033478800455729166
    ],
    "25": [
      0.8756929397583008,
      0.9381472552264178,
      0.017699050903320312,
      0.060318049678096064
    ],
    "26": [
      0.6614983876546224,
      0.7975032099971064,
      0.04634221394856771,
      0.08114488389756945
    ]
  },
  "parsed_content_list": [
    {
      "type": "text",
      "bbox": [
        0.7932291626930237,
        0.39629629254341125,
        0.8395833373069763,
        0.42222222685813904
      ],
      "interactivity": false,
      "content": "paloalto",
      "source": "box_ocr_content_ocr"
    },
    {
      "type": "text",
      "bbox": [
        0.8541666865348816,
        0.39814814925193787,
        0.934374988079071,
        0.4203703701496124
      ],
      "interactivity": false,
      "content": "GlobalProtect",
      "source": "box_ocr_content_ocr"
    },
    {
      "type": "text",
      "bbox": [
        0.7208333611488342,
        0.442592591047287,
        0.8031250238418579,
        0.46851852536201477
      ],
      "interactivity": false,
      "content": "Keyboard layout",
      "source": "box_ocr_content_ocr"
    },
    {
      "type": "text",
      "bbox": [
        0.8270833492279053,
        0.4444444477558136,
        0.8666666746139526,
        0.46666666865348816
      ],
      "interactivity": false,
      "content": "Spacebar",
      "source": "box_ocr_content_ocr"
    },
    {
      "type": "text",
      "bbox": [
        0.9307291507720947,
        0.9453703761100769,
        0.9671875238418579,
        0.9638888835906982
      ],
      "interactivity": false,
      "content": "125 PM",
      "source": "box_ocr_content_ocr"
    },
    {
      "type": "text",
      "bbox": [
        0.9208333492279053,
        0.9657407402992249,
        0.9677083492279053,
        0.9879629611968994
      ],
      "interactivity": false,
      "content": "3/10/2026",
      "source": "box_ocr_content_ocr"
    },
    {
      "type": "icon",
      "bbox": [
        0.7086640000343323,
        0.4869709014892578,
        0.9921623468399048,
        0.5692775249481201
      ],
      "interactivity": true,
      "content": "ENG   English (United States) US ",
      "source": "box_yolo_content_ocr"
    },
    {
      "type": "icon",
      "bbox": [
        0.7087157964706421,
        0.5677887797355652,
        0.992314338684082,
        0.6567831039428711
      ],
      "interactivity": true,
      "content": "ENG English (Malaysia) US ",
      "source": "box_yolo_content_ocr"
    },
    {
      "type": "icon",
      "bbox": [
        0.8189105987548828,
        0.9365943074226379,
        0.8524802923202515,
        0.995851993560791
      ],
      "interactivity": true,
      "content": "ENG US ",
      "source": "box_yolo_content_ocr"
    },
    {
      "type": "icon",
      "bbox": [
        0.7088900804519653,
        0.7349251508712769,
        0.9960857629776001,
        0.8187021613121033
      ],
      "interactivity": true,
      "content": "Sinhala Google Input Tools ",
      "source": "box_yolo_content_ocr"
    },
    {
      "type": "icon",
      "bbox": [
        0.7089951634407043,
        0.6541447639465332,
        0.9933909177780151,
        0.7397045493125916
      ],
      "interactivity": true,
      "content": "Sinhala Sinhala ",
      "source": "box_yolo_content_ocr"
    },
    {
      "type": "icon",
      "bbox": [
        0.3099355697631836,
        0.9415176510810852,
        0.4855676591396332,
        0.9922738671302795
      ],
      "interactivity": true,
      "content": "Search ",
      "source": "box_yolo_content_ocr"
    },
    {
      "type": "icon",
      "bbox": [
        0.7100443243980408,
        0.8192801475524902,
        0.9960786700248718,
        0.9284635782241821
      ],
      "interactivity": true,
      "content": "Tamil (India) More keyboard settings ",
      "source": "box_yolo_content_ocr"
    },
    {
      "type": "icon",
      "bbox": [
        0.5191141366958618,
        0.934421956539154,
        0.5538250207901001,
        1.0
      ],
      "interactivity": true,
      "content": "Spotify",
      "source": "box_yolo_content_yolo"
    },
    {
      "type": "icon",
      "bbox": [
        0.6910272836685181,
        0.9367901682853699,
        0.7255744934082031,
        0.9976075291633606
      ],
      "interactivity": true,
      "content": "Clipboard",
      "source": "box_yolo_content_yolo"
    },
    {
      "type": "icon",
      "bbox": [
        0.6215129494667053,
        0.93641597032547,
        0.657896101474762,
        1.0
      ],
      "interactivity": true,
      "content": "Corel Paint Paint",
      "source": "box_yolo_content_yolo"
    },
    {
      "type": "icon",
      "bbox": [
        0.5535728335380554,
        0.9349917769432068,
        0.5882009863853455,
        1.0
      ],
      "interactivity": true,
      "content": "Microsoft Edge browser",