{
  "label_coordinates": {
    "0": [
      0.8989583333333333,
      0.07407406700981987,
      0.057291666666666664,
      0.02962962962962963
    ],
    "1": [
      0.8921875,
      0.11944445857295284,
      0.029166666666666667,
      0.018518518518518517
    ],
    "2": [
      0.9255208333333333,
      0.12314814814814815,
      0.019791666666666666,
      0.014814814814814815
    ],
    "3": [
      0.9151041666666667,
      0.13796296296296295,
      0.04583333333333333,
      0.016666666666666666
    ],
    "4": [
      0.9244791666666666,
      0.16944443031593606,
      0.017708333333333333,
      0.016666666666666666
    ],
    "5": [
      0.8921875,
      0.1824074074074074,
      0.027083333333333334,
      0.018518518518518517
    ],
    "6": [
      0.9244791666666666,
      0.18611111111111112,
      0.015625,
      0.014814814814814815
    ],
    "7": [
      0.35639769236246743,
      0.9501849139178241,
      0.14784393310546876,
      0.04228221752025463
    ],
    "8": [
      0.8489089965820312,
      0.00013981042084870515,
      0.09549102783203126,
      0.03444468180338542
    ],
    "9": [
      0.8494141896565756,
      0.22773987098976417,
      0.15058581034342447,
      0.043699716638635706
    ],
    "10": [
      0.9121163686116537,
      0.03645880663836444,
      0.028927103678385416,
      0.03718961786340784
    ],
    "11": [
      0.9093666076660156,
      0.15336502922905815,
      0.04805831909179688,
      0.016032720495153356
    ],
    "12": [
      0.6451371510823568,
      0.946350493254485,
      0.02908935546875,
      0.0509328771520544
    ],
    "13": [
      0.5885019302368164,
      0.9472578825774016,
      0.026444625854492188,
      0.05220534713179977
    ],
    "14": [
      0.5596293131510417,
      0.949924949363426,
      0.025856399536132814,
      0.050075050636574074
    ],
    "15": [
      0.6172893524169922,
      0.9469046698676216,
      0.026436869303385416,
      0.05039508960865162
    ],
    "16": [
      0.9765008290608724,
      4.209235862449364e-05,
      0.023179244995117188,
      0.03391292360093859
    ],
    "17": [
      0.503806718190511,
      0.9485536928530093,
      0.025583457946777344,
      0.04511198820891204
    ],
    "18": [
      0.5322614034016927,
      0.9479988945855035,
      0.024802780151367186,
      0.050991538718894676
    ],
    "19": [
      0.3271532694498698,
      0.9490388093171296,
      0.027981058756510416,
      0.04402533637152778
    ],
    "20": [
      0.9434200286865234,
      5.698204040527344e-05,
      0.029322052001953126,
      0.033971588699905964
    ],
    "21": [
      0.08814566930135091,
      0.19837544759114584,
      0.7482826232910156,
      0.7098196524160879
    ],
    "22": [
      0.8925531387329102,
      0.15113778290925203,
      0.007091903686523437,
      0.020504732485170717
    ]
  },
  "parsed_content_list": [
    {
      "type": "text",
      "bbox": [
        0.8989583253860474,
        0.07407407462596893,
        0.956250011920929,
        0.10370370000600815
      ],
      "interactivity": false,
      "content": "Manual",
      "source": "box_ocr_content_ocr"
    },
    {
      "type": "text",
      "bbox": [
        0.8921874761581421,
        0.11944444477558136,
        0.9213541746139526,
        0.1379629671573639
      ],
      "interactivity": false,
      "content": "SPACE",
      "source": "box_ocr_content_ocr"
    },
    {
      "type": "text",
      "bbox": [
        0.9255208373069763,
        0.12314815074205399,
        0.9453125,
        0.1379629671573639
      ],
      "interactivity": false,
      "content": "Scan",
      "source": "box_ocr_content_ocr"
    },
    {
      "type": "text",
      "bbox": [
        0.9151041507720947,
        0.1379629671573639,
        0.9609375,
        0.1546296328306198
      ],
      "interactivity": false,
      "content": "Select action",
      "source": "box_ocr_content_ocr"
    },
    {
      "type": "text",
      "bbox": [
        0.9244791865348816,
        0.16944444179534912,
        0.942187488079071,
        0.18611110746860504
      ],
      "interactivity": false,
      "content": "back",
      "source": "box_ocr_content_ocr"
    },
    {
      "type": "text",
      "bbox": [
        0.8921874761581421,
        0.182407408952713,
        0.9192708134651184,
        0.20092593133449554
      ],
      "interactivity": false,
      "content": "QIESC",
      "source": "box_ocr_content_ocr"
    },
    {
      "type": "text",
      "bbox": [
        0.9244791865348816,
        0.18611110746860504,
        0.9401041865348816,
        0.20092593133449554
      ],
      "interactivity": false,
      "content": "Quit",
      "source": "box_ocr_content_ocr"
    },
    {
      "type": "icon",
      "bbox": [
        0.35639768838882446,
        0.9501849412918091,
        0.5042416453361511,
        0.9924671053886414
      ],
      "interactivity": true,
      "content": "Search ",
      "source": "box_yolo_content_ocr"
    },
    {
      "type": "icon",
      "bbox": [
        0.8489090204238892,
        0.00013980998483020812,
        0.9444000124931335,
        0.03458448871970177
      ],
      "interactivity": true,
      "content": "BCI Manual ",
      "source": "box_yolo_content_ocr"
    },
    {
      "type": "icon",
      "bbox": [
        0.8494142293930054,
        0.22773988544940948,
        1.0,
        0.2714396119117737
      ],
      "interactivity": true,
      "content": "Press SPACE to scan ",
      "source": "box_yolo_content_ocr"
    },
    {
      "type": "icon",
      "bbox": [
        0.9121164083480835,
        0.036458808928728104,
        0.941043496131897,
        0.07364842295646667
      ],
      "interactivity": true,
      "content": "BCI ",
      "source": "box_yolo_content_ocr"
    },
    {
      "type": "icon",
      "bbox": [
        0.9093666076660156,
        0.15336503088474274,
        0.9574249386787415,
        0.1693977415561676
      ],
      "interactivity": true,
      "content": "More options ",
      "source": "box_yolo_content_ocr"
    },
    {
      "type": "icon",
      "bbox": [
        0.6451371908187866,
        0.9463504552841187,
        0.6742265224456787,
        0.9972832798957825
      ],
      "interactivity": true,
      "content": "Inkiting",
      "source": "box_yolo_content_yolo"
    },
    {
      "type": "icon",
      "bbox": [
        0.5885019302368164,
        0.9472578167915344,
        0.6149466037750244,
        0.9994631409645081
      ],
      "interactivity": true,
      "content": "Google Chrome",
      "source": "box_yolo_content_yolo"
    },
    {
      "type": "icon",
      "bbox": [
        0.5596293210983276,
        0.9499249458312988,
        0.5854856967926025,
        1.0
      ],
      "interactivity": true,
      "content": "Microsoft Edge browser",
      "source": "box_yolo_content_yolo"
    },
    {
      "type": "icon",
      "bbox": [
        0.6172893643379211,
        0.9469046592712402,
        0.6437261700630188,
        0.9972997307777405
      ],
      "interactivity": true,
      "content": "PyCharm",
      "source": "box_yolo_content_yolo"
    },
    {
      "type": "icon",
      "bbox": [
        0.9765008091926575,
        4.209280086797662e-05,
        0.9996801018714905,
        0.03395501524209976
      ],
      "interactivity": true,
      "content": "Close",
      "source": "box_yolo_content_yolo"
    },
    {
      "type": "icon",
      "bbox": [
        0.5038067102432251,
        0.9485536813735962,
        0.5293901562690735,
        0.9936656951904297
      ],
      "interactivity": true,
      "content": "folder",
      "source": "box_yolo_content_yolo"
    },
    {
      "type": "icon",
      "bbox": [
        0.5322613716125488,
        0.9479988217353821,
        0.5570641756057739,
        0.9989904165267944
      ],
      "interactivity": true,
      "content": "Spotify",