{
  "label_coordinates": {
    "0": [
      0.016666664679845174,
      0.005888124677454056,
      0.059375,
      0.023552502453385672
    ],
    "1": [
      0.22552083333333334,
      0.13444553483807656,
      0.18020833333333333,
      0.03631010794896958
    ],
    "2": [
      0.546875,
      0.21589793915603533,
      0.08229166666666667,
      0.02747791952894995
    ],
    "3": [
      0.5578125,
      0.2512266928361138,
      0.09114583333333333,
      0.02649656526005888
    ],
    "4": [
      0.27395833333333336,
      0.3415113155226478,
      0.121875,
      0.03042198233562316
    ],
    "5": [
      0.546875,
      0.37684003925417076,
      0.10104166666666667,
      0.03140333660451423
    ],
    "6": [
      0.5463541666666667,
      0.41020605444791153,
      0.07864583333333333,
      0.02649656526005888
    ],
    "7": [
      0.6375,
      0.4102060843964671,
      0.07083333333333333,
      0.023552502453385672
    ],
    "8": [
      0.5468749364217123,
      0.4514229936384476,
      0.08333333333333333,
      0.02551521099116781
    ],
    "9": [
      0.5458333333333333,
      0.48282630029440626,
      0.128125,
      0.02551521099116781
    ],
    "10": [
      0.546875,
      0.5103042198233563,
      0.09791666666666667,
      0.02551521099116781
    ],
    "11": [
      0.2734375,
      0.5858684985279686,
      0.0375,
      0.019627085377821395
    ],
    "12": [
      0.3182291666666667,
      0.5897939156035329,
      0.03854166666666667,
      0.019627085377821395
    ],
    "13": [
      0.2734249114990234,
      0.20575159314336205,
      0.2096837361653646,
      0.12308432566873927
    ],
    "14": [
      0.7165917078653972,
      0.12833891953757515,
      0.05239944458007813,
      0.04181114848158427
    ],
    "15": [
      0.2708747863769531,
      0.3656034909473902,
      0.2105525334676107,
      0.17002426911149104
    ],
    "16": [
      0.6714653015136719,
      0.13068508938086512,
      0.03744239807128906,
      0.037699092007712834
    ],
    "17": [
      0.11414976119995117,
      0.05171680918385634,
      0.09834340413411459,
      0.030951132133266758
    ],
    "18": [
      0.27416518529256184,
      0.5471027288165481,
      0.054349327087402345,
      0.03159476777171246
    ],
    "19": [
      0.5455300649007161,
      0.30577220673416033,
      0.1820201873779297,
      0.03088157286938788
    ],
    "20": [
      0.8339626312255859,
      0.04037700200104269,
      0.16268692016601563,
      0.05821674260821731
    ],
    "21": [
      0.49900178909301757,
      0.37214191949636594,
      0.0419560432434082,
      0.07469499193066119
    ],
    "22": [
      0.22419610023498535,
      0.4295323664821516,
      0.04430352846781413,
      0.10162527217247301
    ],
    "23": [
      0.22485907872517905,
      0.33835650473043427,
      0.042473125457763675,
      0.07627328080915727
    ],
    "24": [
      0.5000860850016277,
      0.2105251083898123,
      0.0404934565226237,
      0.08076945745675908
    ],
    "25": [
      0.08213543891906738,
      0.0536457245202481,
      0.01989855766296387,
      0.03404803364971786
    ],
    "26": [
      0.7789409001668294,
      0.05117320172101172,
      0.01890907287597656,
      0.03503072062933176
    ],
    "27": [
      0.060878968238830565,
      0.055277389211907356,
      0.014996957778930665,
      0.028629456464862917
    ],
    "28": [
      0.22786784172058105,
      0.21262835052460285,
      0.03757200241088867,
      0.08060104175451577
    ],
    "29": [
      0.8056526184082031,
      0.049883272509813545,
      0.020332717895507814,
      0.03974606080658887
    ],
    "30": [
      0.969857660929362,
      0.0,
      0.023548380533854166,
      0.0330987954631053
    ],
    "31": [
      0.4998180071512858,
      0.4526677155050141,
      0.04084984461466471,
      0.07659166390341328
    ],
    "32": [
      0.22363924980163574,
      0.5484017773629171,
      0.045206181208292645,
      0.07754052398951178
    ],
    "33": [
      0.0343156894048055,
      0.053402085533553884,
      0.019119652112325032,
      0.03181857332748099
    ],
    "34": [
      0.9935520172119141,
      0.0,
      0.006447982788085937,
      0.03229458690040596
    ],
    "35": [
      0.49867658615112304,
      0.2940788231607274,
      0.04288708368937175,
      0.06763240376211359
    ],
    "36": [
      6.334657470385234e-05,
      0.04637100324546507,
      0.004557269811630249,
      0.04824499667451239
    ]
  },
  "parsed_content_list": [
    {
      "type": "text",
      "bbox": [
        0.01666666753590107,
        0.005888125393539667,
        0.07604166865348816,
        0.029440628364682198
      ],
      "interactivity": false,
      "content": "Control Panel",
      "source": "box_ocr_content_ocr"
    },
    {
      "type": "text",
      "bbox": [
        0.22552083432674408,
        0.13444553315639496,
        0.40572917461395264,
        0.17075563967227936
      ],
      "interactivity": false,
      "content": "Adjust your computer's settings",
      "source": "box_ocr_content_ocr"
    },
    {
      "type": "text",
      "bbox": [
        0.546875,
        0.21589793264865875,
        0.6291666626930237,
        0.24337585270404816
      ],
      "interactivity": false,
      "content": "User Accounts",
      "source": "box_ocr_content_ocr"
    },
    {
      "type": "text",
      "bbox": [
        0.557812511920929,
        0.2512266933917999,
        0.6489583253860474,
        0.2777232527732849
      ],
      "interactivity": false,
      "content": "Change account type",
      "source": "box_ocr_content_ocr"
    },
    {
      "type": "text",
      "bbox": [
        0.27395832538604736,
        0.3415112793445587,
        0.3958333432674408,
        0.3719332814216614
      ],
      "interactivity": false,
      "content": "Network and Internet",
      "source": "box_ocr_content_ocr"
    },
    {
      "type": "text",
      "bbox": [
        0.546875,
        0.3768400251865387,
        0.6479166746139526,
        0.4082433879375458
      ],
      "interactivity": false,
      "content": "Clock and Region",
      "source": "box_ocr_content_ocr"
    },
    {
      "type": "text",
      "bbox": [
        0.5463541746139526,
        0.4102060794830322,
        0.625,
        0.4367026388645172
      ],
      "interactivity": false,
      "content": "Change date, time,",
      "source": "box_ocr_content_ocr"
    },
    {
      "type": "text",
      "bbox": [
        0.637499988079071,
        0.4102060794830322,
        0.7083333134651184,
        0.43375858664512634
      ],
      "interactivity": false,
      "content": "number formats",
      "source": "box_ocr_content_ocr"
    },
    {
      "type": "text",
      "bbox": [
        0.546875,
        0.45142295956611633,
        0.6302083134651184,
        0.4769381880760193
      ],
      "interactivity": false,
      "content": "Ease of Access",
      "source": "box_ocr_content_ocr"
    },
    {
      "type": "text",
      "bbox": [
        0.5458333492279053,
        0.482826292514801,
        0.6739583611488342,
        0.5083414912223816
      ],
      "interactivity": false,
      "content": "Let Windows suggest settings",
      "source": "box_ocr_content_ocr"
    },
    {
      "type": "text",
      "bbox": [
        0.546875,
        0.5103042125701904,
        0.6447916626930237,
        0.535819411277771
      ],
      "interactivity": false,
      "content": "Optimize visual display",
      "source": "box_ocr_content_ocr"
    },
    {
      "type": "text",
      "bbox": [
        0.2734375,
        0.5858684778213501,
        0.3109374940395355,
        0.6054955720901489
      ],
      "interactivity": false,
      "content": "Uninstall",
      "source": "box_ocr_content_ocr"
    },
    {
      "type": "text",