{
  "label_coordinates": {
    "0": [
      0.016666664679845174,
      0.005888124677454056,
      0.059375,
      0.023552502453385672
    ],
    "1": [
      0.22552083333333334,
      0.13444553483807656,
      0.18020833333333333,
      0.03631010794896958
    ],
    "2": [
      0.546875,
      0.21589793915603533,
      0.08229166666666667,
      0.02747791952894995
    ],
    "3": [
      0.5578125,
      0.2512266928361138,
      0.09114583333333333,
      0.02649656526005888
    ],
    "4": [
      0.27395833333333336,
      0.3415113155226478,
      0.121875,
      0.03042198233562316
    ],
    "5": [
      0.546875,
      0.37684003925417076,
      0.10104166666666667,
      0.03140333660451423
    ],
    "6": [
      0.5463541666666667,
      0.41020605444791153,
      0.07864583333333333,
      0.02649656526005888
    ],
    "7": [
      0.6375,
      0.4102060843964671,
      0.07083333333333333,
      0.023552502453385672
    ],
    "8": [
      0.5468749364217123,
      0.4514229936384476,
      0.08333333333333333,
      0.02551521099116781
    ],
    "9": [
      0.5458333333333333,
      0.48282630029440626,
      0.128125,
      0.02551521099116781
    ],
    "10": [
      0.546875,
      0.5103042198233563,
      0.09791666666666667,
      0.02551521099116781
    ],
    "11": [
      0.2734375,
      0.5858684985279686,
      0.0375,
      0.019627085377821395
    ],
    "12": [
      0.3182291666666667,
      0.5897939156035329,
      0.03854166666666667,
      0.019627085377821395
    ],
    "13": [
      0.27342815399169923,
      0.2057649651734237,
      0.209674072265625,
      0.12307053435889966
    ],
    "14": [
      0.7166358947753906,
      0.12833959338007545,
      0.052317301432291664,
      0.041846397931489206
    ],
    "15": [
      0.2708766301472982,
      0.3656976192575442,
      0.21053326924641927,
      0.16991899993866535
    ],
    "16": [
      0.6715127944946289,
      0.13065259519807257,
      0.037381744384765624,
      0.03775809066218413
    ],
    "17": [
      0.11411360104878744,
      0.05172668472005528,
      0.0983554204305013,
      0.03093659959667681
    ],
    "18": [
      0.27416547139485675,
      0.5471027887136592,
      0.05434691111246745,
      0.03159309065260059
    ],
    "19": [
      0.545519765218099,
      0.3057747523613837,
      0.18203392028808593,
      0.03087905719072007
    ],
    "20": [
      0.8324039459228516,
      0.04010283046194569,
      0.1627716064453125,
      0.05824863781989849
    ],
    "21": [
      0.4989943504333496,
      0.37213871500092,
      0.04196507136027018,
      0.07471020579689033
    ],
    "22": [
      0.22417755126953126,
      0.4295614465296093,
      0.04432945251464844,
      0.10161775508502514
    ],
    "23": [
      0.22484690348307293,
      0.3383615061392143,
      0.04250125885009766,
      0.07628759621871933
    ],
    "24": [
      0.5000750541687011,
      0.21052507844125676,
      0.04051141738891602,
      0.08078895396643462
    ],
    "25": [
      0.0821595589319865,
      0.05366352893653398,
      0.01984861691792806,
      0.03401435649898031
    ],
    "26": [
      0.7789520263671875,
      0.05122862901023138,
      0.018902969360351563,
      0.034967963431136534
    ],
    "27": [
      0.06088944673538208,
      0.055287111261759,
      0.014972563584645588,
      0.02860467777869886
    ],
    "28": [
      0.8058019638061523,
      0.050045597424567975,
      0.020090484619140626,
      0.039496915029239375
    ],
    "29": [
      0.22786633173624674,
      0.2126507670184464,
      0.03757692972819011,
      0.08055364816532752
    ],
    "30": [
      0.9700101852416992,
      0.0,
      0.023311614990234375,
      0.03306923249518907
    ],
    "31": [
      0.4998172124226888,
      0.45266600843734667,
      0.040851656595865884,
      0.07659954037352797
    ],
    "32": [
      0.22362066904703776,
      0.5484173506118131,
      0.04523731867472331,
      0.07754148234328999
    ],
    "33": [
      0.034347931543986,
      0.0534178571916305,
      0.019032398859659832,
      0.03178883815537023
    ],
    "34": [
      0.9935429890950521,
      0.0,
      0.006457010904947917,
      0.03224456158189708
    ],
    "35": [
      0.4986599922180176,
      0.2940792424405054,
      0.04290685653686523,
      0.0676380340905606
    ],
    "36": [
      6.456226110458374e-05,
      0.046427239145685105,
      0.004560839633146922,
      0.048177238067537105
    ]
  },
  "parsed_content_list": [
    {
      "type": "text",
      "bbox": [
        0.01666666753590107,
        0.005888125393539667,
        0.07604166865348816,
        0.029440628364682198
      ],
      "interactivity": false,
      "content": "Control Panel",
      "source": "box_ocr_content_ocr"
    },
    {
      "type": "text",
      "bbox": [
        0.22552083432674408,
        0.13444553315639496,
        0.40572917461395264,
        0.17075563967227936
      ],
      "interactivity": false,
      "content": "Adjust your computer's settings",
      "source": "box_ocr_content_ocr"
    },
    {
      "type": "text",
      "bbox": [
        0.546875,
        0.21589793264865875,
        0.6291666626930237,
        0.24337585270404816
      ],
      "interactivity": false,
      "content": "User Accounts",
      "source": "box_ocr_content_ocr"
    },
    {
      "type": "text",
      "bbox": [
        0.557812511920929,
        0.2512266933917999,
        0.6489583253860474,
        0.2777232527732849
      ],
      "interactivity": false,
      "content": "Change account type",
      "source": "box_ocr_content_ocr"
    },
    {
      "type": "text",
      "bbox": [
        0.27395832538604736,
        0.3415112793445587,
        0.3958333432674408,
        0.3719332814216614
      ],
      "interactivity": false,
      "content": "Network and Internet",
      "source": "box_ocr_content_ocr"
    },
    {
      "type": "text",
      "bbox": [
        0.546875,
        0.3768400251865387,
        0.6479166746139526,
        0.4082433879375458
      ],
      "interactivity": false,
      "content": "Clock and Region",
      "source": "box_ocr_content_ocr"
    },
    {
      "type": "text",
      "bbox": [
        0.5463541746139526,
        0.4102060794830322,
        0.625,
        0.4367026388645172
      ],
      "interactivity": false,
      "content": "Change date, time,",
      "source": "box_ocr_content_ocr"
    },
    {
      "type": "text",
      "bbox": [
        0.637499988079071,
        0.4102060794830322,
        0.7083333134651184,
        0.43375858664512634
      ],
      "interactivity": false,
      "content": "number formats",
      "source": "box_ocr_content_ocr"
    },
    {
      "type": "text",
      "bbox": [
        0.546875,
        0.45142295956611633,
        0.6302083134651184,
        0.4769381880760193
      ],
      "interactivity": false,
      "content": "Ease of Access",
      "source": "box_ocr_content_ocr"
    },
    {
      "type": "text",
      "bbox": [
        0.5458333492279053,
        0.482826292514801,
        0.6739583611488342,
        0.5083414912223816
      ],
      "interactivity": false,
      "content": "Let Windows suggest settings",
      "source": "box_ocr_content_ocr"
    },
    {
      "type": "text",
      "bbox": [
        0.546875,
        0.5103042125701904,
        0.6447916626930237,
        0.535819411277771
      ],
      "interactivity": false,
      "content": "Optimize visual display",
      "source": "box_ocr_content_ocr"
    },
    {
      "type": "text",
      "bbox": [
        0.2734375,
        0.5858684778213501,
        0.3109374940395355,
        0.6054955720901489
      ],
      "interactivity": false,
      "content": "Uninstall",
      "source": "box_ocr_content_ocr"
    },
    {
      "type": "text",
      "bbox": [
        0.31822916865348816,
        0.5897939205169678,
        0.3567708432674408,
        0.6094210147857666
      ],