{
  "label_coordinates": {
    "0": [
      0.38623323069779714,
      0.19797979797979798,
      0.22817080943275972,
      0.050505050505050504
    ],
    "1": [
      0.28043335816752313,
      0.26666669749250316,
      0.43977059339398106,
      0.03333333333333333
    ],
    "2": [
      0.304015335267786,
      0.3010101318359375,
      0.39260671699480165,
      0.030303030303030304
    ],
    "3": [
      0.2224346717654557,
      0.43333333333333335,
      0.04079031230082855,
      0.020202020202020204
    ],
    "4": [
      0.3868706182281708,
      0.43333333333333335,
      0.05353728489483748,
      0.020202020202020204
    ],
    "5": [
      0.5353728489483748,
      0.43232323232323233,
      0.09687699171446781,
      0.024242424242424242
    ],
    "6": [
      0.7335882727852135,
      0.43333333333333335,
      0.02804333970681963,
      0.020202020202020204
    ],
    "7": [
      0.22179732313575526,
      0.6262626262626263,
      0.043339706819630335,
      0.024242424242424242
    ],
    "8": [
      0.3511790949649458,
      0.6252525252525253,
      0.12300828553218611,
      0.02727272727272727
    ],
    "9": [
      0.532823454429573,
      0.6252525252525253,
      0.10070108349267048,
      0.028282828282828285
    ],
    "10": [
      0.7023581899298916,
      0.6262626262626263,
      0.10197578075207138,
      0.024242424242424242
    ],
    "11": [
      0.2179732313575526,
      0.7252525252525253,
      0.05098789037603569,
      0.024242424242424242
    ],
    "12": [
      0.35882727852135116,
      0.7252525252525253,
      0.09878903760356915,
      0.026262626262626262
    ],
    "13": [
      0.5602293677053458,
      0.7282828282828283,
      0.03824099558337317,
      0.020202020202020204
    ],
    "14": [
      0.698534098151689,
      0.7252525252525253,
      0.09687699171446781,
      0.024242424242424242
    ],
    "15": [
      0.04370677357194073,
      0.8724773368450126,
      0.14085863744323615,
      0.060265250157828285
    ],
    "16": [
      0.006403230724249621,
      3.6318615229442864e-05,
      0.1128925155727175,
      0.0460072372898911
    ],
    "17": [
      0.8217897141640774,
      0.8852797999526515,
      0.13028333383126195,
      0.03634267479482323
    ],
    "18": [
      0.004284456932597893,
      0.31066672585227273,
      0.06998221383419972,
      0.07949163263494319
    ],
    "19": [
      0.9133569195895076,
      0.36477741279987375,
      0.051777262836599745,
      0.0421017425228851
    ],
    "20": [
      0.8655882933247689,
      0.0,
      0.03141711729206501,
      0.0515083736843533
    ],
    "21": [
      0.912722060602892,
      0.0,
      0.02554716130895475,
      0.04754401698256984
    ],
    "22": [
      0.2967615461866137,
      0.41833178587634157,
      0.017253226577437858,
      0.029253163963857323
    ],
    "23": [
      0.8076115858030593,
      0.4175040196890783,
      0.017361837257010834,
      0.029773380780460858
    ],
    "24": [
      0.2959495724349207,
      0.7091608837397412,
      0.018495558476736774,
      0.03443344578598485
    ],
    "25": [
      0.8072862205724187,
      0.7113824401238952,
      0.018240525663240918,
      0.031277989859532826
    ],
    "26": [
      0.9561773024219248,
      6.572838985558712e-05,
      0.03018801162165392,
      0.046503221145784014
    ],
    "27": [
      0.9124576138264818,
      0.1875941266917219,
      0.08343680912404397,
      0.09512531010791508
    ],
    "28": [
      0.9526284718072817,
      0.45391768638533775,
      0.026795406110579987,
      0.04196407433712121
    ],
    "29": [
      0.46890750882578475,
      0.7121586346867108,
      0.01437302073374761,
      0.02916629675662879
    ],
    "30": [
      0.6353101177227732,
      0.707034209280303,
      0.021023285320566444,
      0.03876028349905303
    ],
    "31": [
      0.8323206710086042,
      0.12109487514303188,
      0.03236629371813257,
      0.04777243257773043
    ],
    "32": [
      0.6379940307694989,
      0.41922773881392045,
      0.01582810041477454,
      0.02920168481691919
    ],
    "33": [
      0.46718358659227616,
      0.4165774875217014,
      0.017714277356198214,
      0.03236096314709596
    ],
    "34": [
      0.03358561586923399,
      0.4442373256490688,
      0.028335619914904,
      0.04911388050426136
    ]
  },
  "parsed_content_list": [
    {
      "type": "text",
      "bbox": [
        0.38623327016830444,
        0.19797979295253754,
        0.6144040822982788,
        0.24848484992980957
      ],
      "interactivity": false,
      "content": "Who'$ using Chrome?",
      "source": "box_ocr_content_ocr"
    },
    {
      "type": "text",
      "bbox": [
        0.28043338656425476,
        0.2666666805744171,
        0.7202039361000061,
        0.30000001192092896
      ],
      "interactivity": false,
      "content": "With Chrome profiles; you can separate all your Chrome stuff: Create",
      "source": "box_ocr_content_ocr"
    },
    {
      "type": "text",
      "bbox": [
        0.30401530861854553,
        0.3010101020336151,
        0.6966220736503601,
        0.3313131332397461
      ],
      "interactivity": false,
      "content": "profiles for friends and family; or split between work and fun:",
      "source": "box_ocr_content_ocr"
    },
    {
      "type": "text",
      "bbox": [
        0.22243466973304749,
        0.4333333373069763,
        0.2632249891757965,
        0.4535353481769562
      ],
      "interactivity": false,
      "content": "ASHEN",
      "source": "box_ocr_content_ocr"
    },
    {
      "type": "text",
      "bbox": [
        0.3868706226348877,
        0.4333333373069763,
        0.4404079020023346,
        0.4535353481769562
      ],
      "interactivity": false,
      "content": "Cloudggx",
      "source": "box_ocr_content_ocr"
    },
    {
      "type": "text",
      "bbox": [
        0.5353728532791138,
        0.43232324719429016,
        0.6322498321533203,
        0.45656564831733704
      ],
      "interactivity": false,
      "content": "cloud9gx-projects",
      "source": "box_ocr_content_ocr"
    },
    {
      "type": "text",
      "bbox": [
        0.7335882782936096,
        0.4333333373069763,
        0.7616316080093384,
        0.4535353481769562
      ],
      "interactivity": false,
      "content": "iit.ac _",
      "source": "box_ocr_content_ocr"
    },
    {
      "type": "text",
      "bbox": [
        0.22179731726646423,
        0.6262626051902771,
        0.2651370167732239,
        0.6505050659179688
      ],
      "interactivity": false,
      "content": "ASHEN",
      "source": "box_ocr_content_ocr"
    },
    {
      "type": "text",
      "bbox": [
        0.3511790931224823,
        0.6252525448799133,
        0.47418737411499023,
        0.6525252461433411
      ],
      "interactivity": false,
      "content": "Cloudg9X Operations",
      "source": "box_ocr_content_ocr"
    },
    {
      "type": "text",
      "bbox": [
        0.5328234434127808,
        0.6252525448799133,
        0.6335245370864868,
        0.6535353660583496
      ],
      "interactivity": false,
      "content": "cloudggx-projects",
      "source": "box_ocr_content_ocr"
    },
    {
      "type": "text",
      "bbox": [
        0.7023581862449646,
        0.6262626051902771,
        0.8043339848518372,
        0.6505050659179688
      ],
      "interactivity": false,
      "content": "Ashen Himeshana",
      "source": "box_ocr_content_ocr"
    },
    {
      "type": "text",
      "bbox": [
        0.2179732322692871,
        0.7252525091171265,
        0.2689611315727234,
        0.7494949698448181
      ],
      "interactivity": false,
      "content": "Lakshani",
      "source": "box_ocr_content_ocr"
    },
    {
      "type": "text",
      "bbox": [
        0.35882729291915894,
        0.7252525091171265,
        0.45761632919311523,
        0.7515151500701904
      ],
      "interactivity": false,