{
  "label_coordinates": {
    "0": [
      0.056666666666666664,
      0.08359456635318704,
      0.3225,
      0.03134796238244514
    ],
    "1": [
      0.041666666666666664,
      0.18808777429467086,
      0.06,
      0.027168234064785787
    ],
    "2": [
      0.8266666666666667,
      0.45141065830721006,
      0.15833333333333333,
      0.03134796238244514
    ],
    "3": [
      0.8583333333333333,
      0.48066875653082547,
      0.09666666666666666,
      0.027168234064785787
    ],
    "4": [
      0.8050000508626302,
      0.5161964153421337,
      0.04,
      0.025078401794752483
    ],
    "5": [
      0.8975,
      0.5172413155327521,
      0.03166666666666667,
      0.02089864158829676
    ],
    "6": [
      0.9341666666666667,
      0.5235109717868338,
      0.06583333333333333,
      0.018808777429467086
    ],
    "7": [
      0.6516666666666666,
      0.542319749216301,
      0.029166666666666667,
      0.01671891327063741
    ],
    "8": [
      0.805,
      0.5444096133751306,
      0.15916666666666668,
      0.02089864158829676
    ],
    "9": [
      0.8658333333333333,
      0.5673981828998498,
      0.08,
      0.02089864158829676
    ],
    "10": [
      0.8591666666666666,
      0.6300940438871473,
      0.09333333333333334,
      0.02089864158829676
    ],
    "11": [
      0.04166667302449544,
      0.6917450365726228,
      0.125,
      0.025078369905956112
    ],
    "12": [
      0.6125,
      0.6948798328108673,
      0.04,
      0.02089864158829676
    ],
    "13": [
      0.09833333333333333,
      0.7628004179728317,
      0.08,
      0.025078369905956112
    ],
    "14": [
      0.45916666666666667,
      0.765935277988669,
      0.11666666666666667,
      0.02089864158829676
    ],
    "15": [
      0.0983333396911621,
      0.7878788516563806,
      0.11,
      0.025078369905956112
    ],
    "16": [
      0.4575,
      0.786833855799373,
      0.15083333333333335,
      0.02821316614420063
    ],
    "17": [
      0.0018391799926757812,
      0.5154617293625914,
      0.12322739919026693,
      0.12701498926495558
    ],
    "18": [
      0.12593854268391927,
      0.5157153728489093,
      0.11992169698079427,
      0.1245122289707419
    ],
    "19": [
      0.6090552266438802,
      0.3900760662593064,
      0.11887440999348958,
      0.11716064963345742
    ],
    "20": [
      0.24640909830729166,
      0.3891085282886788,
      0.12415720621744791,
      0.09729265394380225
    ],
    "21": [
      0.0007466824849446615,
      0.3886387106517764,
      0.12648175557454427,
      0.10116937491836468
    ],
    "22": [
      0.9045322672526042,
      0.674887598370559,
      0.09546773274739584,
      0.04234870424340387
    ],
    "23": [
      0.24860308329264322,
      0.5169556556948798,
      0.1146203104654948,
      0.10577220378624608
    ],
    "24": [
      0.3729943084716797,
      0.3887342494856975,
      0.10991152445475261,
      0.0996345671491314
    ],
    "25": [
      0.4868902079264323,
      0.25412554925262865,
      0.11982554117838541,
      0.10635302632330852
    ],
    "26": [
      0.3632991282145182,
      0.25108396396617033,
      0.12427604675292969,
      0.11309820830884273
    ],
    "27": [
      0.48644912719726563,
      0.5149488299617947,
      0.1211083984375,
      0.12927105783045978
    ],
    "28": [
      0.36362497965494794,
      0.5190424585292581,
      0.12038014729817709,
      0.12167438120428423
    ],
    "29": [
      0.125153439839681,
      0.38723126673524033,
      0.12091462453206381,
      0.11343731376942921
    ],
    "30": [
      0.7915782674153646,
      0.6749997831561847,
      0.11006052652994791,
      0.04262128967476489
    ],
    "31": [
      0.003882706960042318,
      0.25064249546923983,
      0.12019577026367187,
      0.10638867799764891
    ],
    "32": [
      0.4855647786458333,
      0.38741500997991773,
      0.12328715006510417,
      0.11751671993371213
    ],
    "33": [
      0.2436706288655599,
      0.24768216283592934,
      0.12190923055013021,
      0.11485285744024294
    ],
    "34": [
      0.1249267578125,
      0.24965582422079088,
      0.11917877197265625,
      0.11574650906968391
    ],
    "35": [
      0.851239980061849,
      0.7494464104950366,
      0.1054546610514323,
      0.026271266000522465
    ],
    "36": [
      0.6003415934244791,
      0.25220039072704414,
      0.12700714111328126,
      0.10300616958921108
    ],
    "37": [
      0.042282301584879556,
      0.896720479648315,
      0.1890715789794922,
      0.062299100582876174
    ],
    "38": [
      0.621777598063151,
      0.18213282857195337,
      0.06531016031901042,
      0.04054781635726881
    ],
    "39": [
      0.02179383595784505,
      0.08164356195814557,
      0.025720418294270832,
      0.03275701668319782
    ],
    "40": [
      0.8955316162109375,
      0.29899624273445663,
      0.02210428873697917,
      0.03345900070206374
    ],
    "41": [
      0.6615070088704427,
      0.6937732915768678,
      0.018940327962239583,
      0.022669617783437828
    ],
    "42": [
      0.6548105875651041,
      0.9049671137220807,
      0.040821431477864586,
      0.05791324308548851
    ],
    "43": [
      0.3987373860677083,
      0.7592344214300875,
      0.05189524332682292,
      0.05738873616281348
    ]
  },
  "parsed_content_list": [
    {
      "type": "text",
      "bbox": [
        0.05666666850447655,
        0.08359456807374954,
        0.3791666626930237,
        0.1149425283074379
      ],
      "interactivity": false,
      "content": "Search for apps, settings; and documents",
      "source": "box_ocr_content_ocr"
    },
    {
      "type": "text",
      "bbox": [
        0.0416666679084301,
        0.18808777630329132,
        0.10166666656732559,
        0.215256005525589
      ],
      "interactivity": false,
      "content": "Pinned",
      "source": "box_ocr_content_ocr"
    },
    {
      "type": "text",
      "bbox": [
        0.8266666531562805,
        0.4514106512069702,
        0.9850000143051147,
        0.48275861144065857
      ],
      "interactivity": false,
      "content": "Access your mobile",
      "source": "box_ocr_content_ocr"
    },
    {
      "type": "text",
      "bbox": [
        0.8583333492279053,
        0.4806687533855438,
        0.9549999833106995,
        0.5078369975090027
      ],
      "interactivity": false,
      "content": "device here",
      "source": "box_ocr_content_ocr"
    },
    {
      "type": "text",
      "bbox": [
        0.8050000071525574,
        0.5161964297294617,
        0.8450000286102295,
        0.5412748456001282
      ],
      "interactivity": false,
      "content": "Keep",
      "source": "box_ocr_content_ocr"
    },
    {
      "type": "text",
      "bbox": [
        0.8974999785423279,
        0.517241358757019,
        0.9291666746139526,
        0.5381399989128113
      ],
      "interactivity": false,
      "content": "calls;",
      "source": "box_ocr_content_ocr"
    },
    {
      "type": "text",
      "bbox": [
        0.934166669845581,
        0.5235109925270081,
        1.0,
        0.5423197746276855
      ],
      "interactivity": false,
      "content": "messages",
      "source": "box_ocr_content_ocr"
    },
    {
      "type": "text",
      "bbox": [
        0.6516666412353516,
        0.5423197746276855,
        0.6808333396911621,
        0.5590386390686035
      ],
      "interactivity": false,
      "content": "video",
      "source": "box_ocr_content_ocr"
    },
    {
      "type": "text",
      "bbox": [
        0.8050000071525574,
        0.5444096326828003,
        0.9641666412353516,
        0.5653082728385925
      ],
      "interactivity": false,
      "content": "and recent activity here",
      "source": "box_ocr_content_ocr"
    },
    {
      "type": "text",
      "bbox": [
        0.8658333420753479,
        0.5673981308937073,
        0.9458333253860474,
        0.5882967710494995
      ],