{
  "label_coordinates": {
    "0": [
      0.05583333333333333,
      0.07836990595611286,
      0.32416666666666666,
      0.03761755485893417
    ],
    "1": [
      0.041666666666666664,
      0.18808777429467086,
      0.06,
      0.027168234064785787
    ],
    "2": [
      0.8266666666666667,
      0.45141065830721006,
      0.15833333333333333,
      0.03134796238244514
    ],
    "3": [
      0.8583333333333333,
      0.48066875653082547,
      0.09666666666666666,
      0.027168234064785787
    ],
    "4": [
      0.8050000508626302,
      0.5161964153421337,
      0.04,
      0.025078401794752483
    ],
    "5": [
      0.8975,
      0.5172413155327521,
      0.03166666666666667,
      0.02089864158829676
    ],
    "6": [
      0.9341666666666667,
      0.5235109717868338,
      0.06583333333333333,
      0.018808777429467086
    ],
    "7": [
      0.6516666666666666,
      0.542319749216301,
      0.029166666666666667,
      0.01671891327063741
    ],
    "8": [
      0.805,
      0.5444096133751306,
      0.15916666666666668,
      0.02089864158829676
    ],
    "9": [
      0.8658333333333333,
      0.5673981828998498,
      0.08,
      0.02089864158829676
    ],
    "10": [
      0.8591666666666666,
      0.6300940438871473,
      0.09333333333333334,
      0.02089864158829676
    ],
    "11": [
      0.04166667302449544,
      0.6917450365726228,
      0.125,
      0.025078369905956112
    ],
    "12": [
      0.6125,
      0.6948798328108673,
      0.04,
      0.02089864158829676
    ],
    "13": [
      0.09833333333333333,
      0.7628004179728317,
      0.08,
      0.025078369905956112
    ],
    "14": [
      0.4575,
      0.7617554858934169,
      0.12916666666666668,
      0.029258098223615466
    ],
    "15": [
      0.0983333396911621,
      0.7878788516563806,
      0.11,
      0.025078369905956112
    ],
    "16": [
      0.4558333333333333,
      0.786833855799373,
      0.15083333333333335,
      0.02821316614420063
    ],
    "17": [
      0.09916667302449544,
      0.9205850981868796,
      0.125,
      0.02089864158829676
    ],
    "18": [
      0.0018526140848795572,
      0.5159544750440831,
      0.1232879638671875,
      0.1262300146535397
    ],
    "19": [
      0.6093905639648437,
      0.3902069059908079,
      0.11842539469401042,
      0.1166667559552965
    ],
    "20": [
      0.12614758809407553,
      0.5157010866681361,
      0.1197155507405599,
      0.12434143257739028
    ],
    "21": [
      0.24648358662923178,
      0.3892888594321447,
      0.12409754435221354,
      0.09705871773364028
    ],
    "22": [
      0.0007717323303222657,
      0.3886857147376241,
      0.12631993611653647,
      0.10115298407703109
    ],
    "23": [
      0.9045331827799479,
      0.6748790521731322,
      0.09546671549479167,
      0.04232893318965517
    ],
    "24": [
      0.24819669087727864,
      0.517257993373253,
      0.1152203877766927,
      0.10517164208423133
    ],
    "25": [
      0.3731080881754557,
      0.3887543394274099,
      0.1095984141031901,
      0.09969094654111155
    ],
    "26": [
      0.36390584309895835,
      0.2511717219337774,
      0.12435745239257813,
      0.11208950190210293
    ],
    "27": [
      0.4869955444335938,
      0.25427966780547934,
      0.119984130859375,
      0.10551384075806557
    ],
    "28": [
      0.4864556884765625,
      0.5150350891559724,
      0.12068888346354166,
      0.12948531865326215
    ],
    "29": [
      0.791524912516276,
      0.6749692336892633,
      0.11016921997070313,
      0.04255355787127743
    ],
    "30": [
      0.3639543914794922,
      0.5189694969631662,
      0.11926017761230469,
      0.12025099288956374
    ],
    "31": [
      0.0039355023701985676,
      0.2509199279976489,
      0.12032572428385417,
      0.10532123242799765
    ],
    "32": [
      0.12526724497477212,
      0.38743905413237983,
      0.12061038970947266,
      0.11234652560083594
    ],
    "33": [
      0.24364039103190105,
      0.24802954343917352,
      0.12209696451822917,
      0.11392860851068606
    ],
    "34": [
      0.485063730875651,
      0.3876861604154421,
      0.1237396240234375,
      0.11705439616395637
    ],
    "35": [
      0.12487548828125,
      0.2502044231291226,
      0.11909441630045572,
      0.11471335990052736
    ],
    "36": [
      0.8515546671549479,
      0.7493846737852664,
      0.10502888997395833,
      0.0262087639596395
    ],
    "37": [
      0.6003653971354167,
      0.25219128647568084,
      0.12688252766927083,
      0.10247268597035822
    ],
    "38": [
      0.621834716796875,
      0.18213722922585227,
      0.06527669270833333,
      0.04053939771502743
    ],
    "39": [
      0.021864023208618164,
      0.08135324635600347,
      0.02584448496500651,
      0.033175891967900994
    ],
    "40": [
      0.6615024820963542,
      0.6937326652502939,
      0.018916117350260418,
      0.022640152535592997
    ],
    "41": [
      0.03888942400614421,
      0.8982552874175483,
      0.05176927248636882,
      0.0656452557634535
    ],
    "42": [
      0.8955336507161459,
      0.2990083285882804,
      0.022114664713541666,
      0.03343540299275078
    ],
    "43": [
      0.40172386169433594,
      0.7592233879065439,
      0.04720263163248698,
      0.054624742848746084
    ],
    "44": [
      0.6548737589518229,
      0.9049160278702978,
      0.04076761881510416,
      0.05836504355244253
    ]
  },
  "parsed_content_list": [
    {
      "type": "text",
      "bbox": [
        0.05583333224058151,
        0.07836990803480148,
        0.3799999952316284,
        0.11598745733499527
      ],
      "interactivity": false,
      "content": "pearch for apps, settings, and documents",
      "source": "box_ocr_content_ocr"
    },
    {
      "type": "text",
      "bbox": [
        0.0416666679084301,
        0.18808777630329132,
        0.10166666656732559,
        0.215256005525589
      ],
      "interactivity": false,
      "content": "Pinned",
      "source": "box_ocr_content_ocr"
    },
    {
      "type": "text",
      "bbox": [
        0.8266666531562805,
        0.4514106512069702,
        0.9850000143051147,
        0.48275861144065857
      ],
      "interactivity": false,
      "content": "Access your mobile",
      "source": "box_ocr_content_ocr"
    },
    {
      "type": "text",
      "bbox": [
        0.8583333492279053,
        0.4806687533855438,
        0.9549999833106995,
        0.5078369975090027
      ],
      "interactivity": false,
      "content": "device here",
      "source": "box_ocr_content_ocr"
    },
    {
      "type": "text",
      "bbox": [
        0.8050000071525574,
        0.5161964297294617,
        0.8450000286102295,
        0.5412748456001282
      ],
      "interactivity": false,
      "content": "Keep",
      "source": "box_ocr_content_ocr"
    },
    {
      "type": "text",
      "bbox": [
        0.8974999785423279,
        0.517241358757019,
        0.9291666746139526,
        0.5381399989128113
      ],
      "interactivity": false,
      "content": "calls;",
      "source": "box_ocr_content_ocr"
    },
    {
      "type": "text",
      "bbox": [
        0.934166669845581,
        0.5235109925270081,
        1.0,
        0.5423197746276855
      ],
      "interactivity": false,
      "content": "messages",
      "source": "box_ocr_content_ocr"
    },
    {
      "type": "text",
      "bbox": [
        0.6516666412353516,
        0.5423197746276855,
        0.6808333396911621,
        0.5590386390686035
      ],
      "interactivity": false,
      "content": "video",
      "source": "box_ocr_content_ocr"
    },
    {
      "type": "text",
      "bbox": [
        0.8050000071525574,
        0.5444096326828003,
        0.9641666412353516,
        0.5653082728385925
      ],
      "interactivity": false,
      "content": "and recent activity here",
      "source": "box_ocr_content_ocr"
    },
    {
      "type": "text",