{
  "label_coordinates": {
    "0": [
      0.09833332697550455,
      0.16666666666666666,
      0.20166666666666666,
      0.03666666666666667
    ],
    "1": [
      0.31,
      0.1688888888888889,
      0.075,
      0.03333333333333333
    ],
    "2": [
      0.0,
      0.19777777777777777,
      0.06333333333333334,
      0.028888888888888888
    ],
    "3": [
      0.07999998728434245,
      0.1988888888888889,
      0.105,
      0.028888888888888888
    ],
    "4": [
      0.5749999491373697,
      0.2577777777777778,
      0.13083333333333333,
      0.028888888888888888
    ],
    "5": [
      0.5749999491373697,
      0.3622222222222222,
      0.28833338419596355,
      0.03333333333333333
    ],
    "6": [
      0.1725,
      0.37777777777777777,
      0.20583333333333334,
      0.028888888888888888
    ],
    "7": [
      0.175,
      0.4288888888888889,
      0.195,
      0.03111111111111111
    ],
    "8": [
      0.5750000508626302,
      0.43777777777777777,
      0.16166666666666665,
      0.035555555555555556
    ],
    "9": [
      0.17416666666666666,
      0.47,
      0.20166666666666666,
      0.022222222222222223
    ],
    "10": [
      0.5733332824707031,
      0.4755555894639757,
      0.1275,
      0.032222154405381946
    ],
    "11": [
      0.7208333333333333,
      0.47888888888888886,
      0.11166666666666666,
      0.022222222222222223
    ],
    "12": [
      0.5733332824707031,
      0.5577777777777778,
      0.20333333333333334,
      0.03111111111111111
    ],
    "13": [
      0.5733333841959636,
      0.5911111111111111,
      0.15833333333333333,
      0.02666666666666667
    ],
    "14": [
      0.1725,
      0.66,
      0.09166666666666666,
      0.04111111111111111
    ],
    "15": [
      0.17416666666666666,
      0.703333265516493,
      0.06,
      0.022222222222222223
    ],
    "16": [
      0.2475,
      0.71,
      0.06,
      0.02
    ],
    "17": [
      0.23301737467447917,
      0.0723588392469618,
      0.11392501831054687,
      0.034794464111328124
    ],
    "18": [
      0.8112725830078125,
      0.1609825642903646,
      0.08136403401692709,
      0.04293867323133681
    ],
    "19": [
      0.0,
      0.00016165203518337672,
      0.710631612141927,
      0.05339518229166667
    ],
    "20": [
      0.7391554768880209,
      0.16303436279296876,
      0.06008514404296875,
      0.039090169270833336
    ],
    "21": [
      0.5706421407063802,
      0.2904331800672743,
      0.16862263997395832,
      0.04100314670138889
    ],
    "22": [
      0.5756002807617188,
      0.5210091824001736,
      0.1305694580078125,
      0.033563639322916665
    ],
    "23": [
      0.1751572545369466,
      0.2482666015625,
      0.2928466288248698,
      0.14035291883680556
    ],
    "24": [
      0.1745544942220052,
      0.5138485039605035,
      0.29342681884765626,
      0.12749325222439237
    ],
    "25": [
      0.7250679016113282,
      0.059666951497395836,
      0.24737879435221355,
      0.06369686550564237
    ],
    "26": [
      0.01716711203257243,
      0.06853686862521702,
      0.0378410275777181,
      0.049566548665364585
    ],
    "27": [
      0.06377869288126628,
      0.07094667222764757,
      0.03398342132568359,
      0.04207255045572917
    ],
    "28": [
      0.14058954874674479,
      0.07103982713487413,
      0.03379618326822917,
      0.04522647433810764
    ],
    "29": [
      0.10385089874267578,
      0.07222748650444878,
      0.028110707600911458,
      0.037839508056640624
    ],
    "30": [
      0.18724082946777343,
      0.07096934848361545,
      0.03065386454264323,
      0.03656702677408854
    ],
    "31": [
      0.5005873107910156,
      0.2439103529188368,
      0.06656219482421875,
      0.09610222710503472
    ],
    "32": [
      0.5008507283528646,
      0.5256331719292535,
      0.06467549641927084,
      0.08607187906901041
    ],
    "33": [
      0.6370686848958333,
      0.06724573771158854,
      0.030646464029947917,
      0.04321521335177951
    ],
    "34": [
      0.5000019836425781,
      0.43525326199001735,
      0.06769571940104167,
      0.08343241373697917
    ],
    "35": [
      0.09482524236043294,
      0.664637451171875,
      0.07486162185668946,
      0.08057373046875
    ],
    "36": [
      0.09336793263753256,
      0.5305987209743923,
      0.07308570861816406,
      0.11223425971137153
    ],
    "37": [
      0.9442051188151042,
      0.00289794921875,
      0.036534016927083336,
      0.045588641696506074
    ],
    "38": [
      0.6796994018554687,
      0.0662748040093316,
      0.031943868001302084,
      0.05184602525499132
    ],
    "39": [
      0.49835459391276044,
      0.346702643500434,
      0.0714593505859375,
      0.07421305338541667
    ],
    "40": [
      0.8876705932617187,
      0.0009530597262912327,
      0.033188883463541666,
      0.04652470906575521
    ],
    "41": [
      0.09717067718505859,
      0.4257571411132812,
      0.06860852559407551,
      0.08333448621961806
    ],
    "42": [
      0.10067047119140625,
      0.25262420654296874,
      0.06528404235839844,
      0.09771864149305555
    ],
    "43": [
      0.21756510416666666,
      0.07383130391438802,
      0.015857645670572917,
      0.03172522650824653
    ],
    "44": [
      0.8295470174153646,
      0.002103411356608073,
      0.031064656575520832,
      0.043648774888780384
    ],
    "45": [
      4.126866658528646e-05,
      0.04890711890326606,
      0.008120009104410807,
      0.08168087429470486
    ]
  },
  "parsed_content_list": [
    {
      "type": "text",
      "bbox": [
        0.09833333641290665,
        0.1666666716337204,
        0.30000001192092896,
        0.20333333313465118
      ],
      "interactivity": false,
      "content": "Adiust vour computer'",
      "source": "box_ocr_content_ocr"
    },
    {
      "type": "text",
      "bbox": [
        0.3100000023841858,
        0.1688888818025589,
        0.38499999046325684,
        0.20222222805023193
      ],
      "interactivity": false,
      "content": "settings",
      "source": "box_ocr_content_ocr"
    },
    {
      "type": "text",
      "bbox": [
        0.0,
        0.19777777791023254,
        0.06333333253860474,
        0.2266666740179062
      ],
      "interactivity": false,
      "content": "ctionality",
      "source": "box_ocr_content_ocr"
    },
    {
      "type": "text",
      "bbox": [
        0.07999999821186066,
        0.1988888829946518,
        0.1850000023841858,
        0.22777777910232544
      ],
      "interactivity": false,
      "content": "your computer:",
      "source": "box_ocr_content_ocr"
    },
    {
      "type": "text",
      "bbox": [
        0.574999988079071,
        0.25777778029441833,
        0.7058333158493042,
        0.2866666615009308
      ],
      "interactivity": false,
      "content": "User Accounts",
      "source": "box_ocr_content_ocr"
    },
    {
      "type": "text",
      "bbox": [
        0.574999988079071,
        0.36222222447395325,
        0.8633333444595337,
        0.3955555558204651
      ],
      "interactivity": false,
      "content": "Appearance and Personalization",
      "source": "box_ocr_content_ocr"
    },
    {
      "type": "text",
      "bbox": [
        0.17249999940395355,
        0.3777777850627899,
        0.37833333015441895,
        0.40666666626930237
      ],
      "interactivity": false,
      "content": "Backup and Restore (Windows",
      "source": "box_ocr_content_ocr"
    },
    {
      "type": "text",
      "bbox": [
        0.17499999701976776,
        0.42888888716697693,
        0.3700000047683716,
        0.46000000834465027
      ],
      "interactivity": false,
      "content": "Network and Internet",
      "source": "box_ocr_content_ocr"
    },
    {
      "type": "text",
      "bbox": [
        0.574999988079071,
        0.4377777874469757,
        0.7366666793823242,
        0.47333332896232605
      ],
      "interactivity": false,