{
  "label_coordinates": {
    "0": [
      0.016666664679845174,
      0.005888124677454056,
      0.059375,
      0.023552502453385672
    ],
    "1": [
      0.1421875,
      0.05986261040235525,
      0.057291666666666664,
      0.019627085377821395
    ],
    "2": [
      0.22552083333333334,
      0.13444553483807656,
      0.18020833333333333,
      0.03631010794896958
    ],
    "3": [
      0.546875,
      0.21589793915603533,
      0.08229166666666667,
      0.02747791952894995
    ],
    "4": [
      0.5578125,
      0.2512266928361138,
      0.09114583333333333,
      0.02649656526005888
    ],
    "5": [
      0.546875,
      0.37684003925417076,
      0.10104166666666667,
      0.03140333660451423
    ],
    "6": [
      0.2734375,
      0.3994112173872209,
      0.12708333333333333,
      0.019627085377821395
    ],
    "7": [
      0.5463541666666667,
      0.41020605444791153,
      0.07864583333333333,
      0.02649656526005888
    ],
    "8": [
      0.6375,
      0.4102060843964671,
      0.07083333333333333,
      0.023552502453385672
    ],
    "9": [
      0.5468749364217123,
      0.4514229936384476,
      0.08333333333333333,
      0.02551521099116781
    ],
    "10": [
      0.5458333333333333,
      0.48282630029440626,
      0.128125,
      0.02551521099116781
    ],
    "11": [
      0.27291666666666664,
      0.49656526005888124,
      0.020833333333333332,
      0.023552502453385672
    ],
    "12": [
      0.30104166666666665,
      0.49656526005888124,
      0.029166666666666667,
      0.023552502453385672
    ],
    "13": [
      0.546875,
      0.5103042198233563,
      0.09791666666666667,
      0.02551521099116781
    ],
    "14": [
      0.27291666666666664,
      0.5220804710500491,
      0.17083333333333334,
      0.02747791952894995
    ],
    "15": [
      0.2734375,
      0.60549558390579,
      0.0375,
      0.019627085377821395
    ],
    "16": [
      0.3182291666666667,
      0.6094210009813543,
      0.03854166666666667,
      0.019627085377821395
    ],
    "17": [
      0.2732694625854492,
      0.20588862275936887,
      0.2098333994547526,
      0.12121797660850098
    ],
    "18": [
      0.2731885274251302,
      0.33555880051482767,
      0.2133679707845052,
      0.060867743824368256
    ],
    "19": [
      0.7165193557739258,
      0.12828532659738406,
      0.0524627685546875,
      0.04190027538295817
    ],
    "20": [
      0.6713838577270508,
      0.13064239771490124,
      0.03755111694335937,
      0.03768549536348442
    ],
    "21": [
      0.2738876978556315,
      0.43560533458047107,
      0.21184266408284505,
      0.03149839331989082
    ],
    "22": [
      0.2714543660481771,
      0.5622947924972399,
      0.20740941365559895,
      0.03747929955839058
    ],
    "23": [
      0.27351538340250653,
      0.4683976851922841,
      0.2066523234049479,
      0.02630351687085991
    ],
    "24": [
      0.545635477701823,
      0.3056343235843198,
      0.1819483439127604,
      0.03105401665235525
    ],
    "25": [
      0.22313995361328126,
      0.4417171759039193,
      0.04610662460327149,
      0.11131009596954736
    ],
    "26": [
      0.8339412689208985,
      0.04035370576837931,
      0.16274744669596355,
      0.05822909264382015
    ],
    "27": [
      0.4990090370178223,
      0.3721470107508127,
      0.041968949635823566,
      0.07467750197420878
    ],
    "28": [
      0.2251154581705729,
      0.3362302471306888,
      0.04356600443522136,
      0.08300643486644382
    ],
    "29": [
      0.4999953269958496,
      0.21035374275484545,
      0.04060576756795247,
      0.08105753261277908
    ],
    "30": [
      0.08214453061421713,
      0.05364642831130397,
      0.019876829783121743,
      0.034073999047396344
    ],
    "31": [
      0.7789571762084961,
      0.051185076323294894,
      0.018877029418945312,
      0.035035886755167445
    ],
    "32": [
      0.06087086200714111,
      0.055305514649156264,
      0.014995098114013672,
      0.028594607576888725
    ],
    "33": [
      0.49979963302612307,
      0.4526489377606722,
      0.040846093495686846,
      0.0763799575640947
    ],
    "34": [
      0.22788877487182618,
      0.21166415677805292,
      0.037694263458251956,
      0.08253212461761684
    ],
    "35": [
      0.8056638717651368,
      0.04985179283434088,
      0.02032051086425781,
      0.039839069789478425
    ],
    "36": [
      0.969920539855957,
      0.0,
      0.0234893798828125,
      0.03311190169973626
    ],
    "37": [
      0.03434144655863444,
      0.05345415484098036,
      0.018996564547220866,
      0.03170490732838759
    ],
    "38": [
      0.11142215728759766,
      0.05100326612957327,
      0.018209441502888998,
      0.033654359886760916
    ],
    "39": [
      0.9935543696085612,
      0.0,
      0.006445566813151042,
      0.032308209749620495
    ],
    "40": [
      0.49867944717407225,
      0.29410158406296,
      0.042975648244222,
      0.0675131486138371
    ],
    "41": [
      6.310741106669108e-05,
      0.04646979604314892,
      0.004556299249331156,
      0.04815795119775055
    ],
    "42": [
      0.2218476136525472,
      0.5650356843029318,
      0.04773481686909994,
      0.07990586090836604
    ]
  },
  "parsed_content_list": [
    {
      "type": "text",
      "bbox": [
        0.01666666753590107,
        0.005888125393539667,
        0.07604166865348816,
        0.029440628364682198
      ],
      "interactivity": false,
      "content": "Control Panel",
      "source": "box_ocr_content_ocr"
    },
    {
      "type": "text",
      "bbox": [
        0.14218750596046448,
        0.05986260995268822,
        0.19947916269302368,
        0.07948969304561615
      ],
      "interactivity": false,
      "content": "Control Panel",
      "source": "box_ocr_content_ocr"
    },
    {
      "type": "text",
      "bbox": [
        0.22552083432674408,
        0.13444553315639496,
        0.40572917461395264,
        0.17075563967227936
      ],
      "interactivity": false,
      "content": "Adjust your computer's settings",
      "source": "box_ocr_content_ocr"
    },
    {
      "type": "text",
      "bbox": [
        0.546875,
        0.21589793264865875,
        0.6291666626930237,
        0.24337585270404816
      ],
      "interactivity": false,
      "content": "User Accounts",
      "source": "box_ocr_content_ocr"
    },
    {
      "type": "text",
      "bbox": [
        0.557812511920929,
        0.2512266933917999,
        0.6489583253860474,
        0.2777232527732849
      ],
      "interactivity": false,
      "content": "Change account type",
      "source": "box_ocr_content_ocr"
    },
    {
      "type": "text",
      "bbox": [
        0.546875,
        0.3768400251865387,
        0.6479166746139526,
        0.4082433879375458
      ],
      "interactivity": false,
      "content": "Clock and Region",
      "source": "box_ocr_content_ocr"
    },
    {
      "type": "text",
      "bbox": [
        0.2734375,
        0.3994112014770508,
        0.40052083134651184,
        0.4190382659435272
      ],
      "interactivity": false,
      "content": "View network status and tasks",
      "source": "box_ocr_content_ocr"
    },
    {
      "type": "text",
      "bbox": [
        0.5463541746139526,
        0.4102060794830322,
        0.625,
        0.4367026388645172
      ],
      "interactivity": false,
      "content": "Change date, time,",
      "source": "box_ocr_content_ocr"
    },
    {
      "type": "text",
      "bbox": [
        0.637499988079071,
        0.4102060794830322,
        0.7083333134651184,
        0.43375858664512634
      ],
      "interactivity": false,
      "content": "number formats",
      "source": "box_ocr_content_ocr"
    },
    {
      "type": "text",
      "bbox": [
        0.546875,
        0.45142295956611633,
        0.6302083134651184,
        0.4769381880760193
      ],
      "interactivity": false,
      "content": "Ease of Access",