{
  "label_coordinates": {
    "0": [
      0.033098209441128595,
      0.021450459652706845,
      0.018448182311448725,
      0.020429009193054137
    ],
    "1": [
      0.03309821358078922,
      0.13789581205311544,
      0.019533369506239826,
      0.01634320735444331
    ],
    "2": [
      0.9544220715842038,
      0.13789581205311544,
      0.027129679869777535,
      0.01634320735444331
    ],
    "3": [
      0.041779711139118034,
      0.4811031664964249,
      0.029300050119699116,
      0.01634320735444331
    ],
    "4": [
      0.00575939391659319,
      0.2206353254776079,
      0.10763527450520127,
      0.04361600944043667
    ],
    "5": [
      0.006044819377002933,
      0.2627444087058701,
      0.10758838870896636,
      0.04292336328524004
    ],
    "6": [
      0.007016083111403368,
      0.5081763730229347,
      0.10483261663112961,
      0.042668967008347165
    ],
    "7": [
      0.0076546299024179325,
      0.4260927849088675,
      0.10530853685450438,
      0.04309936149371169
    ],
    "8": [
      0.00926709395029334,
      0.38144952698065626,
      0.10432482102094497,
      0.04654949994812947
    ],
    "9": [
      0.010179363381131732,
      0.666805715434276,
      0.09926558446444317,
      0.04583709062180797
    ],
    "10": [
      0.007105466663611045,
      0.30392917403161707,
      0.10686211009033336,
      0.04145259681834142
    ],
    "11": [
      0.00993939553404139,
      0.7111467277674923,
      0.10012559067989521,
      0.04321900037506384
    ],
    "12": [
      0.005629909471914423,
      0.17570085691114978,
      0.1086327754086408,
      0.04739336241740615
    ],
    "13": [
      0.7401594637013361,
      0.05805559323927477,
      0.22592121689331254,
      0.04869106086208823
    ],
    "14": [
      0.009033343873461238,
      0.7531240773030515,
      0.10181746997719411,
      0.03934629165602656
    ],
    "15": [
      0.18657049716198115,
      0.060364813799755807,
      0.04078502934456389,
      0.04282867774534761
    ],
    "16": [
      0.26921471498999594,
      0.11486467277674924,
      0.05930265860265193,
      0.05794645938736913
    ],
    "17": [
      0.33327076374287845,
      0.11556356895688362,
      0.05578441071368014,
      0.05694598781441522
    ],
    "18": [
      0.16933970624703268,
      0.11363899768677381,
      0.032182549628238605,
      0.0597658245020429
    ],
    "19": [
      0.13703400171521044,
      0.11388655166703907,
      0.032597716192285846,
      0.05915590935026175
    ],
    "20": [
      0.03894547179414084,
      0.054967566578819266,
      0.0334973389599159,
      0.059174472391909795
    ],
    "21": [
      0.07066193703264888,
      0.11416443619226412,
      0.03527525696363775,
      0.059630537179200714
    ],
    "22": [
      0.00641501991242995,
      0.05440859848193908,
      0.03366169590569681,
      0.05965251747263829
    ],
    "23": [
      0.0072817789492759764,
      0.548642712788879,
      0.1033283053567341,
      0.04287261495307712
    ],
    "24": [
      0.10500355977696436,
      0.11433815103751037,
      0.03167756070795747,
      0.05902226636066378
    ],
    "25": [
      0.07172641764499542,
      0.05510747128292781,
      0.03370067908979924,
      0.05904285949145932
    ],
    "26": [
      0.00751073529910472,
      0.5896001081301072,
      0.10277742415876798,
      0.04300727883203524
    ],
    "27": [
      0.20239963210670442,
      0.1138076080852193,
      0.0325110068608417,
      0.059530100369477784
    ],
    "28": [
      0.23472332760360146,
      0.11387988081747957,
      0.029675571153943977,
      0.059390978866748594
    ],
    "29": [
      0.39657998460178717,
      0.11593678584503081,
      0.02690282646754612,
      0.0570559399364187
    ],
    "30": [
      0.10544547682796816,
      0.05532308935023182,
      0.03156994609035879,
      0.05903832393720274
    ],
    "31": [
      0.14096844280406437,
      0.060636378162606135,
      0.027037779403910066,
      0.04288436687029175
    ],
    "32": [
      0.9040745917830982,
      0.0,
      0.02315136665762344,
      0.053504335989869284
    ],
    "33": [
      0.9652051920484603,
      0.0,
      0.02771665062906945,
      0.04828158291903409
    ],
    "34": [
      0.15154191429564567,
      0.012024136193560872,
      0.017557459814161694,
      0.03998404357723123
    ],
    "35": [
      0.9305868329913863,
      0.0,
      0.03127781851939772,
      0.05196468676682999
    ],
    "36": [
      0.0030866882688508884,
      0.7971136543188202,
      0.11259970455407708,
      0.1683788513869382
    ],
    "37": [
      0.9649877439551682,
      0.06065520227138063,
      0.02211267613096853,
      0.04401429266924756
    ],
    "38": [
      0.012992710893851418,
      0.9639312775312819,
      0.02864342957039728,
      0.022387371121680287
    ],
    "39": [
      0.10077312467412591,
      0.47409469090150985,
      0.013230984584831117,
      0.030432540379213485
    ],
    "40": [
      0.16814880867853024,
      0.061664148784633555,
      0.017924730504781605,
      0.042064787540299416
    ],
    "41": [
      0.18170841608238944,
      0.018317467102113124,
      0.014197313843766955,
      0.02953416553532383
    ],
    "42": [
      0.22767641643952624,
      0.060246445185317445,
      0.018792039081575555,
      0.04286377763602049
    ],
    "43": [
      0.00012847410875756134,
      0.15777927667541816,
      0.006275699634106988,
      0.016994893246456845
    ]
  },
  "parsed_content_list": [
    {
      "type": "text",
      "bbox": [
        0.03309820964932442,
        0.021450459957122803,
        0.05154639109969139,
        0.04187946766614914
      ],
      "interactivity": false,
      "content": "This",
      "source": "box_ocr_content_ocr"
    },
    {
      "type": "text",
      "bbox": [
        0.03309820964932442,
        0.13789580762386322,
        0.05263157933950424,
        0.1542390137910843
      ],
      "interactivity": false,
      "content": "New",
      "source": "box_ocr_content_ocr"
    },
    {
      "type": "text",
      "bbox": [
        0.954422116279602,
        0.13789580762386322,
        0.9815518260002136,
        0.1542390137910843
      ],
      "interactivity": false,
      "content": "Details",
      "source": "box_ocr_content_ocr"
    },
    {
      "type": "text",
      "bbox": [
        0.04177970811724663,
        0.48110315203666687,
        0.07107976078987122,
        0.4974463880062103
      ],
      "interactivity": false,
      "content": "Pictures",
      "source": "box_ocr_content_ocr"
    },
    {
      "type": "icon",
      "bbox": [
        0.005759394261986017,
        0.2206353098154068,
        0.11339467018842697,
        0.26425132155418396
      ],
      "interactivity": true,
      "content": "Gallery ",
      "source": "box_yolo_content_ocr"
    },
    {
      "type": "icon",
      "bbox": [
        0.00604481715708971,
        0.26274439692497253,
        0.11363320052623749,
        0.3056677579879761
      ],
      "interactivity": true,
      "content": "Ashen Personal ",
      "source": "box_yolo_content_ocr"
    },
    {
      "type": "icon",
      "bbox": [
        0.0070160869508981705,
        0.5081763863563538,
        0.11184868961572647,
        0.5508453249931335
      ],
      "interactivity": true,
      "content": "tutorial ",
      "source": "box_yolo_content_ocr"
    },
    {
      "type": "icon",
      "bbox": [
        0.00765463151037693,
        0.42609280347824097,
        0.11296316981315613,
        0.46919214725494385
      ],
      "interactivity": true,
      "content": "Videos ",
      "source": "box_yolo_content_ocr"
    },
    {
      "type": "icon",
      "bbox": [
        0.009267091751098633,
        0.38144952058792114,
        0.11359191685914993,
        0.42799901962280273
      ],
      "interactivity": true,
      "content": "Downloads ",