{
  "label_coordinates": {
    "0": [
      0.9307291666666667,
      0.9453703703703704,
      0.036458333333333336,
      0.018518518518518517
    ],
    "1": [
      0.8729166666666667,
      0.9555555555555556,
      0.016666666666666666,
      0.022222222222222223
    ],
    "2": [
      0.9208333333333333,
      0.9666665536385995,
      0.04791666666666667,
      0.022222222222222223
    ],
    "3": [
      0.8157349904378255,
      0.9364615546332465,
      0.035468037923177084,
      0.0599904943395544
    ],
    "4": [
      0.0,
      0.41870603208188656,
      0.06618396043777466,
      0.13815070258246528
    ],
    "5": [
      0.0,
      0.1393908041494864,
      0.06696250438690185,
      0.13573635242603443
    ],
    "6": [
      1.71661376953125e-05,
      0.5730530915436921,
      0.051862541834513345,
      0.11993125632957176
    ],
    "7": [
      0.006141674518585205,
      0.7160454644097223,
      0.04517583847045899,
      0.1202358669704861
    ],
    "8": [
      0.0002856751283009847,
      0.28861976906105324,
      0.05226271152496338,
      0.10454067654079861
    ],
    "9": [
      0.010729201634724935,
      0.009479649861653646,
      0.03797260125478109,
      0.09815622965494791
    ],
    "10": [
      0.46664339701334634,
      0.938749016655816,
      0.03341255187988281,
      0.05652934886791088
    ],
    "11": [
      0.4314021428426107,
      0.9376711810076678,
      0.03551019032796224,
      0.05665650544343171
    ],
    "12": [
      0.39770015080769855,
      0.9382880881980613,
      0.0338040033976237,
      0.05443290427879051
    ],
    "13": [
      0.5008150100708008,
      0.9383778324833623,
      0.03330364227294922,
      0.0616220544885706
    ],
    "14": [
      0.5334603627522786,
      0.9385279337565104,
      0.03586629231770833,
      0.06147206624348958
    ],
    "15": [
      0.8912370681762696,
      0.9372305976019966,
      0.021903228759765626,
      0.06253905119719329
    ],
    "16": [
      0.8527697245279948,
      0.9372234768337674,
      0.02789026896158854,
      0.057325179488570605
    ],
    "17": [
      0.790149180094401,
      0.9368963736074942,
      0.026645660400390625,
      0.06310373942057292
    ],
    "18": [
      0.5715044657389323,
      0.9373734650788483,
      0.02691027323404948,
      0.06262653492115162
    ],
    "19": [
      6.138334671656291e-05,
      0.007510033360234013,
      0.010343235731124879,
      0.09861395094129774
    ]
  },
  "parsed_content_list": [
    {
      "type": "text",
      "bbox": [
        0.9307291507720947,
        0.9453703761100769,
        0.9671875238418579,
        0.9638888835906982
      ],
      "interactivity": false,
      "content": "1.51 PM",
      "source": "box_ocr_content_ocr"
    },
    {
      "type": "text",
      "bbox": [
        0.8729166388511658,
        0.9555555582046509,
        0.8895833492279053,
        0.9777777791023254
      ],
      "interactivity": false,
      "content": "Qx",
      "source": "box_ocr_content_ocr"
    },
    {
      "type": "text",
      "bbox": [
        0.9208333492279053,
        0.9666666388511658,
        0.96875,
        0.9888888597488403
      ],
      "interactivity": false,
      "content": "3/20/2026",
      "source": "box_ocr_content_ocr"
    },
    {
      "type": "icon",
      "bbox": [
        0.8157349824905396,
        0.9364615678787231,
        0.8512030243873596,
        0.9964520335197449
      ],
      "interactivity": true,
      "content": "ENG US ",
      "source": "box_yolo_content_ocr"
    },
    {
      "type": "icon",
      "bbox": [
        0.0,
        0.4187060296535492,
        0.06618396192789078,
        0.5568567514419556
      ],
      "interactivity": true,
      "content": "Downloads Shortcut ",
      "source": "box_yolo_content_ocr"
    },
    {
      "type": "icon",
      "bbox": [
        0.0,
        0.13939081132411957,
        0.06696250289678574,
        0.2751271426677704
      ],
      "interactivity": true,
      "content": "Control Panel ",
      "source": "box_yolo_content_ocr"
    },
    {
      "type": "icon",
      "bbox": [
        1.71661376953125e-05,
        0.5730531215667725,
        0.05187970772385597,
        0.6929843425750732
      ],
      "interactivity": true,
      "content": "Videos Shortcut ",
      "source": "box_yolo_content_ocr"
    },
    {
      "type": "icon",
      "bbox": [
        0.00614167470484972,
        0.7160454392433167,
        0.05131751298904419,
        0.8362813591957092
      ],
      "interactivity": true,
      "content": "Pictures Shortcut ",
      "source": "box_yolo_content_ocr"
    },
    {
      "type": "icon",
      "bbox": [
        0.00028567312983796,
        0.2886197566986084,
        0.05254838615655899,
        0.3931604325771332
      ],
      "interactivity": true,
      "content": "Spotify ",
      "source": "box_yolo_content_ocr"
    },
    {
      "type": "icon",
      "bbox": [
        0.010729202069342136,
        0.009479650296270847,
        0.048701804131269455,
        0.10763587802648544
      ],
      "interactivity": true,
      "content": "This PC ",
      "source": "box_yolo_content_ocr"
    },
    {
      "type": "icon",
      "bbox": [
        0.46664342284202576,
        0.9387490153312683,
        0.5000559687614441,
        0.9952783584594727
      ],
      "interactivity": true,
      "content": "Google Chrome",
      "source": "box_yolo_content_yolo"
    },
    {
      "type": "icon",
      "bbox": [
        0.43140214681625366,
        0.9376712441444397,
        0.46691232919692993,
        0.9943277835845947
      ],
      "interactivity": true,
      "content": "Save",
      "source": "box_yolo_content_yolo"
    },
    {
      "type": "icon",
      "bbox": [
        0.39770013093948364,
        0.9382880330085754,
        0.43150416016578674,
        0.992720901966095
      ],
      "interactivity": true,
      "content": "Windows",
      "source": "box_yolo_content_yolo"
    },
    {
      "type": "icon",
      "bbox": [
        0.5008150339126587,
        0.9383779168128967,
        0.53411865234375,
        1.0
      ],
      "interactivity": true,
      "content": "Spotify",
      "source": "box_yolo_content_yolo"
    },
    {
      "type": "icon",
      "bbox": [
        0.5334603786468506,
        0.9385279417037964,
        0.569326639175415,
        1.0
      ],
      "interactivity": true,
      "content": "PowerPoint",
      "source": "box_yolo_content_yolo"
    },
    {
      "type": "icon",
      "bbox": [
        0.8912370800971985,
        0.9372305870056152,
        0.9131402969360352,
        0.9997696280479431
      ],
      "interactivity": true,
      "content": "Subtitles",
      "source": "box_yolo_content_yolo"
    },
    {
      "type": "icon",
      "bbox": [
        0.8527697324752808,
        0.937223494052887,
        0.8806599974632263,
        0.9945486783981323
      ],
      "interactivity": true,
      "content": "Send",
      "source": "box_yolo_content_yolo"
    },
    {
      "type": "icon",
      "bbox": [
        0.7901491522789001,
        0.9368962645530701,
        0.8167948126792908,
        1.0
      ],
      "interactivity": true,
      "content": "M0,0L9,0 4.5,5z",
      "source": "box_yolo_content_yolo"
    },
    {
      "type": "icon",
      "bbox": [
        0.5715044736862183,
        0.9373735189437866,
        0.5984147191047668,
        1.0
      ],
      "interactivity": true,
      "content": "Pencil",
      "source": "box_yolo_content_yolo"
    },
    {
      "type": "icon",
      "bbox": [
        6.138384196674451e-05,
        0.007510036695748568,
        0.010404618456959724,
        0.10612399131059647
      ],
      "interactivity": true,
      "content": "M0,0L9,0 4.5,5z",
      "source": "box_yolo_content_yolo"
    }
  ]
}