{
  "label_coordinates": {
    "0": [
      0.388144071602527,
      0.9489780002170138,
      0.17388780381944444,
      0.043884503399884256
    ],
    "1": [
      0.5616115617163387,
      0.9504688404224537,
      0.03129694432388117,
      0.04571374963831019
    ],
    "2": [
      0.6987495328173225,
      0.951042796947338,
      0.03171040099344136,
      0.04626916956018518
    ],
    "3": [
      0.732886947820216,
      0.9502691198278357,
      0.030566707658179013,
      0.049428304036458336
    ],
    "4": [
      0.3550209704740548,
      0.948628404405382,
      0.031164701485339508,
      0.043583396629050926
    ],
    "5": [
      0.664519660855517,
      0.9499919750072338,
      0.029902705439814815,
      0.0497547290943287
    ],
    "6": [
      0.9266353654272762,
      0.880275245949074,
      0.022981469425154322,
      0.04112887912326389
    ],
    "7": [
      0.8025178885754244,
      0.9468948364257812,
      0.02456521870177469,
      0.05310516357421875
    ],
    "8": [
      0.5961548605082948,
      0.9475877549913194,
      0.03066579559702932,
      0.05241224500868055
    ],
    "9": [
      0.7661532931857639,
      0.9490489818431713,
      0.03085575810185185,
      0.0508838794849537
    ],
    "10": [
      0.9555863745418596,
      0.8332882916485822,
      0.028814019097222223,
      0.04493001302083333
    ],
    "11": [
      0.6318095642843364,
      0.9556286847149884,
      0.027319788049768517,
      0.033866825810185186
    ],
    "12": [
      0.9865808557581018,
      0.9467375013563368,
      0.013419144241898148,
      0.051922437879774304
    ],
    "13": [
      0.9257973753375771,
      0.8326549388744213,
      0.024573206018518517,
      0.04480556911892361
    ],
    "14": [
      0.9874321831597223,
      0.8330308702256944,
      0.012567816840277777,
      0.044490672923900465
    ],
    "15": [
      0.9555373957127701,
      0.7879094441731771,
      0.027518114631558642,
      0.042301319263599535
    ],
    "16": [
      0.9870509018132716,
      0.7878269336841724,
      0.012949098186728396,
      0.04243604871961806
    ],
    "17": [
      0.9213971926842207,
      0.7870516176576967,
      0.029828559027777778,
      0.04326330114293982
    ],
    "18": [
      0.9861059871720679,
      0.7437846431025752,
      0.013894012827932099,
      0.039970454463252314
    ],
    "19": [
      0.9550630545910493,
      0.7418189154730903,
      0.027992983217592592,
      0.04251268174913195
    ],
    "20": [
      0.920440071011767,
      0.7393438268590856,
      0.031944293740354936,
      0.04549628363715278
    ],
    "21": [
      0.9531306514033565,
      0.8802469324182581,
      0.03531132450810185,
      0.038896461769386576
    ],
    "22": [
      0.643735984519676,
      0.8125634087456597,
      0.08868528766396605,
      0.11373223198784722
    ]
  },
  "parsed_content_list": [
    {
      "type": "icon",
      "bbox": [
        0.3881440758705139,
        0.9489780068397522,
        0.5620318651199341,
        0.9928624033927917
      ],
      "interactivity": true,
      "content": "Search ",
      "source": "box_yolo_content_ocr"
    },
    {
      "type": "icon",
      "bbox": [
        0.561611533164978,
        0.9504688382148743,
        0.5929084420204163,
        0.9961825013160706
      ],
      "interactivity": true,
      "content": "Gallery",
      "source": "box_yolo_content_yolo"
    },
    {
      "type": "icon",
      "bbox": [
        0.6987495422363281,
        0.9510427117347717,
        0.730459988117218,
        0.9973119497299194
      ],
      "interactivity": true,
      "content": "Google Chrome",
      "source": "box_yolo_content_yolo"
    },
    {
      "type": "icon",
      "bbox": [
        0.7328869700431824,
        0.9502691030502319,
        0.7634536623954773,
        0.9996973276138306
      ],
      "interactivity": true,
      "content": "PowerPoint",
      "source": "box_yolo_content_yolo"
    },
    {
      "type": "icon",
      "bbox": [
        0.3550209701061249,
        0.9486284255981445,
        0.3861857056617737,
        0.9922118186950684
      ],
      "interactivity": true,
      "content": "Windows",
      "source": "box_yolo_content_yolo"
    },
    {
      "type": "icon",
      "bbox": [
        0.6645196676254272,
        0.9499920010566711,
        0.6944223642349243,
        0.9997466206550598
      ],
      "interactivity": true,
      "content": "Google Chrome",
      "source": "box_yolo_content_yolo"
    },
    {
      "type": "icon",
      "bbox": [
        0.9266353845596313,
        0.8802752494812012,
        0.9496168494224548,
        0.9214041829109192
      ],
      "interactivity": true,
      "content": "Microsoft 365 365",
      "source": "box_yolo_content_yolo"
    },
    {
      "type": "icon",
      "bbox": [
        0.8025179505348206,
        0.9468948245048523,
        0.8270831108093262,
        1.0
      ],
      "interactivity": true,
      "content": "Pencil",
      "source": "box_yolo_content_yolo"
    },
    {
      "type": "icon",
      "bbox": [
        0.5961548686027527,
        0.9475877285003662,
        0.6268206834793091,
        1.0
      ],
      "interactivity": true,
      "content": "Spotify",
      "source": "box_yolo_content_yolo"
    },
    {
      "type": "icon",
      "bbox": [
        0.7661532759666443,
        0.9490489959716797,
        0.7970089912414551,
        0.9999328851699829
      ],
      "interactivity": true,
      "content": "Toggle Terminal",
      "source": "box_yolo_content_yolo"
    },
    {
      "type": "icon",
      "bbox": [
        0.9555864334106445,
        0.8332882523536682,
        0.9844003915786743,
        0.8782182931900024
      ],
      "interactivity": true,
      "content": "Podcasts",
      "source": "box_yolo_content_yolo"
    },
    {
      "type": "icon",
      "bbox": [
        0.6318095922470093,
        0.9556286931037903,
        0.6591293811798096,
        0.9894955158233643
      ],
      "interactivity": true,
      "content": "Microsoft Edge browser",
      "source": "box_yolo_content_yolo"
    },
    {
      "type": "icon",
      "bbox": [
        0.9865809082984924,
        0.94673752784729,
        1.0,
        0.9986599683761597
      ],
      "interactivity": true,
      "content": "Minimize",
      "source": "box_yolo_content_yolo"
    },
    {
      "type": "icon",
      "bbox": [
        0.9257974624633789,
        0.8326549530029297,
        0.9503706097602844,
        0.8774604797363281
      ],
      "interactivity": true,
      "content": "Account",
      "source": "box_yolo_content_yolo"
    },
    {
      "type": "icon",
      "bbox": [
        0.9874321818351746,
        0.8330308794975281,
        1.0,
        0.8775215148925781
      ],
      "interactivity": true,
      "content": "Sending a message or message.",
      "source": "box_yolo_content_yolo"
    },
    {
      "type": "icon",
      "bbox": [
        0.9555373787879944,
        0.7879093885421753,
        0.9830555319786072,
        0.8302107453346252
      ],
      "interactivity": true,
      "content": "Microsoft 365",
      "source": "box_yolo_content_yolo"
    },
    {
      "type": "icon",
      "bbox": [
        0.9870508909225464,
        0.7878268957138062,
        1.0,
        0.8302629590034485
      ],
      "interactivity": true,
      "content": "Bluetoothetooth",
      "source": "box_yolo_content_yolo"
    },
    {
      "type": "icon",
      "bbox": [
        0.9213972091674805,
        0.7870516777038574,
        0.9512258172035217,
        0.8303149342536926
      ],
      "interactivity": true,
      "content": "Toggleoggleoggle",
      "source": "box_yolo_content_yolo"
    },
    {
      "type": "icon",
      "bbox": [
        0.9861059188842773,
        0.7437846064567566,
        1.0,
        0.7837550640106201
      ],
      "interactivity": true,
      "content": "Microsoft Edge browser",