{
  "label_coordinates": {
    "0": [
      0.016666664679845174,
      0.005888124677454056,
      0.059375,
      0.023552502453385672
    ],
    "1": [
      0.1421875,
      0.05986261040235525,
      0.057291666666666664,
      0.019627085377821395
    ],
    "2": [
      0.22552083333333334,
      0.13444553483807656,
      0.18020833333333333,
      0.03631010794896958
    ],
    "3": [
      0.5578125,
      0.2512266928361138,
      0.09114583333333333,
      0.02649656526005888
    ],
    "4": [
      0.27291666666666664,
      0.3788027477919529,
      0.12708333333333333,
      0.023552502453385672
    ],
    "5": [
      0.27395830154418943,
      0.4180569185475957,
      0.11875,
      0.02747791952894995
    ],
    "6": [
      0.5463541666666667,
      0.41020605444791153,
      0.07864583333333333,
      0.02649656526005888
    ],
    "7": [
      0.6375,
      0.4102060843964671,
      0.07083333333333333,
      0.023552502453385672
    ],
    "8": [
      0.27291669845581057,
      0.4494602551521099,
      0.10729166666666666,
      0.02551521099116781
    ],
    "9": [
      0.27291666666666664,
      0.47693817468105987,
      0.020833333333333332,
      0.023552502453385672
    ],
    "10": [
      0.3015625,
      0.47988223748773307,
      0.028125,
      0.019627085377821395
    ],
    "11": [
      0.5614583333333333,
      0.48282630029440626,
      0.1125,
      0.02551521099116781
    ],
    "12": [
      0.27291666666666664,
      0.5034347399411188,
      0.17083333333333334,
      0.029440628066732092
    ],
    "13": [
      0.546875,
      0.5103042198233563,
      0.09791666666666667,
      0.02551521099116781
    ],
    "14": [
      0.2734375,
      0.5858684985279686,
      0.0375,
      0.019627085377821395
    ],
    "15": [
      0.3182291666666667,
      0.5897939156035329,
      0.03854166666666667,
      0.019627085377821395
    ],
    "16": [
      0.2738684972127279,
      0.20560096688312685,
      0.20866820017496746,
      0.12347951183375246
    ],
    "17": [
      0.7160744984944661,
      0.12813459551720438,
      0.0530059814453125,
      0.041783955193127456
    ],
    "18": [
      0.6715082804361979,
      0.13100869849806795,
      0.0375152587890625,
      0.037207276828155667
    ],
    "19": [
      0.27412986755371094,
      0.5468667341986629,
      0.05446637471516927,
      0.032003266069676156
    ],
    "20": [
      0.5467501322428385,
      0.44410623207878436,
      0.22575416564941406,
      0.03821657309939279
    ],
    "21": [
      0.5452369054158529,
      0.3698826903098933,
      0.22471173604329428,
      0.03733770278765947
    ],
    "22": [
      0.2739268938700358,
      0.34065691318081454,
      0.20953598022460937,
      0.03209772381394137
    ],
    "23": [
      0.5450255076090494,
      0.3058658259188696,
      0.1826422373453776,
      0.03075327325732949
    ],
    "24": [
      0.5455595652262369,
      0.21068599203032998,
      0.21725743611653645,
      0.035580890569415484
    ],
    "25": [
      0.8322822570800781,
      0.040196674260821734,
      0.16301727294921875,
      0.0580686320266499
    ],
    "26": [
      0.22410696347554523,
      0.42934827271106785,
      0.044538418451944985,
      0.10218779589172902
    ],
    "27": [
      0.22492427825927735,
      0.33828390943173453,
      0.042595958709716795,
      0.07643985467523307
    ],
    "28": [
      0.49985694885253906,
      0.21022132521639628,
      0.040917396545410156,
      0.08162657014287138
    ],
    "29": [
      0.7789331436157226,
      0.05140264509236614,
      0.018943150838216145,
      0.03452155026182225
    ],
    "30": [
      0.08210461139678955,
      0.053888554895941944,
      0.020252497990926106,
      0.03408358258517848
    ],
    "31": [
      0.06081709861755371,
      0.055301958258182425,
      0.01507878303527832,
      0.02868982900932095
    ],
    "32": [
      0.4982780456542969,
      0.37174255550785085,
      0.042820167541503903,
      0.07570982868467861
    ],
    "33": [
      0.22788031895955405,
      0.21246733211558513,
      0.037676461537679035,
      0.0808553499141315
    ],
    "34": [
      0.805804189046224,
      0.05002196427065444,
      0.020173390706380207,
      0.03940500665576699
    ],
    "35": [
      0.9698683420817057,
      0.0,
      0.023514175415039064,
      0.03307855772667942
    ],
    "36": [
      0.49943154652913413,
      0.4514059229617732,
      0.040997886657714845,
      0.07665000368966204
    ],
    "37": [
      0.22338218688964845,
      0.5483470314033366,
      0.04550787607828776,
      0.07702924224883465
    ],
    "38": [
      0.11112990379333496,
      0.04969843002484053,
      0.01833505630493164,
      0.036794181426912105
    ],
    "39": [
      0.03431393305460612,
      0.05352422323030391,
      0.01924896240234375,
      0.03162801066839426
    ],
    "40": [
      0.9935499827067057,
      0.0,
      0.0064500172932942705,
      0.03223959760881149
    ],
    "41": [
      0.4984805742899577,
      0.293951362108225,
      0.043221632639567055,
      0.06799340365094456
    ],
    "42": [
      5.901282032330831e-05,
      0.04620706485227935,
      0.0045505821704864505,
      0.0484908743157354
    ]
  },
  "parsed_content_list": [
    {
      "type": "text",
      "bbox": [
        0.01666666753590107,
        0.005888125393539667,
        0.07604166865348816,
        0.029440628364682198
      ],
      "interactivity": false,
      "content": "Control Panel",
      "source": "box_ocr_content_ocr"
    },
    {
      "type": "text",
      "bbox": [
        0.14218750596046448,
        0.05986260995268822,
        0.19947916269302368,
        0.07948969304561615
      ],
      "interactivity": false,
      "content": "Control Panel",
      "source": "box_ocr_content_ocr"
    },
    {
      "type": "text",
      "bbox": [
        0.22552083432674408,
        0.13444553315639496,
        0.40572917461395264,
        0.17075563967227936
      ],
      "interactivity": false,
      "content": "Adjust your computer's settings",
      "source": "box_ocr_content_ocr"
    },
    {
      "type": "text",
      "bbox": [
        0.557812511920929,
        0.2512266933917999,
        0.6489583253860474,
        0.2777232527732849
      ],
      "interactivity": false,
      "content": "Change account type",
      "source": "box_ocr_content_ocr"
    },
    {
      "type": "text",
      "bbox": [
        0.27291667461395264,
        0.37880274653434753,
        0.4000000059604645,
        0.40235525369644165
      ],
      "interactivity": false,
      "content": "View network status and tasks",
      "source": "box_ocr_content_ocr"
    },
    {
      "type": "text",
      "bbox": [
        0.27395832538604736,
        0.4180569052696228,
        0.39270833134651184,
        0.4455348253250122
      ],
      "interactivity": false,
      "content": "Hardware and Sound",
      "source": "box_ocr_content_ocr"
    },
    {
      "type": "text",
      "bbox": [
        0.5463541746139526,
        0.4102060794830322,
        0.625,
        0.4367026388645172
      ],
      "interactivity": false,
      "content": "Change date, time,",
      "source": "box_ocr_content_ocr"
    },
    {
      "type": "text",
      "bbox": [
        0.637499988079071,
        0.4102060794830322,
        0.7083333134651184,
        0.43375858664512634
      ],
      "interactivity": false,
      "content": "number formats",
      "source": "box_ocr_content_ocr"
    },
    {
      "type": "text",
      "bbox": [
        0.27291667461395264,
        0.4494602680206299,
        0.3802083432674408,
        0.47497546672821045
      ],
      "interactivity": false,
      "content": "View devices and printers",
      "source": "box_ocr_content_ocr"
    },
    {
      "type": "text",
      "bbox": [
        0.27291667461395264,
        0.4769381880760193,
        0.29374998807907104,
        0.500490665435791
      ],