{
  "label_coordinates": {
    "0": [
      0.015625,
      0.005888124677454056,
      0.09270833333333334,
      0.023552502453385672
    ],
    "1": [
      0.833844248453776,
      0.0417617483391729,
      0.1615496317545573,
      0.05548603331141898
    ],
    "2": [
      0.3423075993855794,
      0.16445794072773554,
      0.09813899993896484,
      0.02879134338199215
    ],
    "3": [
      0.3197224934895833,
      0.23705641397433144,
      0.11016057332356771,
      0.0280872528405606
    ],
    "4": [
      0.20419845581054688,
      0.238269779703217,
      0.10712318420410157,
      0.024871945966097278
    ],
    "5": [
      0.4447068214416504,
      0.16174031894972093,
      0.1657216707865397,
      0.033358917386070906
    ],
    "6": [
      0.006957681973775228,
      0.405553935671461,
      0.14075832366943358,
      0.03489258291676889
    ],
    "7": [
      0.20398049354553222,
      0.1674324761897004,
      0.12795494397481283,
      0.024397500948770242
    ],
    "8": [
      0.012913258870442708,
      0.24175983462647202,
      0.1364988327026367,
      0.03559793129753435
    ],
    "9": [
      0.008968885739644368,
      0.3480786444277478,
      0.13876558939615885,
      0.05854451457464426
    ],
    "10": [
      0.011845541000366212,
      0.20645662706429405,
      0.13786964416503905,
      0.036838610109098995
    ],
    "11": [
      0.011913283665974935,
      0.2773345857419958,
      0.13678599993387858,
      0.036682428391805695
    ],
    "12": [
      0.20428492228190104,
      0.2045669181307118,
      0.09409030278523763,
      0.03258873038249816
    ],
    "13": [
      0.20426610310872395,
      0.1315453466653122,
      0.16107616424560547,
      0.03450142483247976
    ],
    "14": [
      0.0122634490331014,
      0.31240122966373285,
      0.13681472142537435,
      0.0349620635656894
    ],
    "15": [
      0.008557335535685221,
      0.4410319829010519,
      0.13939423561096193,
      0.03343804146988469
    ],
    "16": [
      0.44026737213134765,
      0.23338081277504755,
      0.15989424387613932,
      0.033871651631693145
    ],
    "17": [
      0.007016913096110026,
      0.1673512107841634,
      0.1412661552429199,
      0.04062473645271099
    ],
    "18": [
      0.007859365145365397,
      0.11290234087493867,
      0.1410491943359375,
      0.05242036439485709
    ],
    "19": [
      0.14051459630330404,
      0.05253958585100857,
      0.06014464696248372,
      0.03195512751016814
    ],
    "20": [
      0.2132422129313151,
      0.05410748632429158,
      0.09678541819254557,
      0.02858956498884476
    ],
    "21": [
      0.16768417358398438,
      0.13153088151297226,
      0.03078174591064453,
      0.059184365464379905
    ],
    "22": [
      0.9667798995971679,
      0.0,
      0.027350234985351562,
      0.03350890723950028
    ],
    "23": [
      0.08198587894439698,
      0.05149204901787905,
      0.02006360689798991,
      0.03962366105997761
    ],
    "24": [
      0.05963306824366252,
      0.05459383589245737,
      0.01596436897913615,
      0.03265484181891714
    ],
    "25": [
      0.8041117986043295,
      0.04371516908115915,
      0.022486495971679687,
      0.051902647458302024
    ],
    "26": [
      0.03357921838760376,
      0.050503574479901406,
      0.021250303586324057,
      0.03958361984118161
    ],
    "27": [
      0.11175804138183594,
      0.050216446446951286,
      0.017076873779296876,
      0.03632817067154724
    ],
    "28": [
      0.004726215203603109,
      0.046682415813412356,
      0.02353645960489909,
      0.045556784378066734
    ],
    "29": [
      0.1691013018290202,
      0.2039389568175371,
      0.029190635681152342,
      0.056749383179549494
    ],
    "30": [
      0.7788991928100586,
      0.049306388458162105,
      0.01858940124511719,
      0.040258645309433266
    ],
    "31": [
      0.9936876932779948,
      0.0,
      0.006312306722005208,
      0.03269112075041976
    ],
    "32": [
      0.935345458984375,
      0.0,
      0.01820220947265625,
      0.03213138224683168
    ],
    "33": [
      0.0001013567050298055,
      0.04653587753101233,
      0.004776882628599803,
      0.047991512100174806
    ],
    "34": [
      0.0,
      0.0,
      0.01533898413181305,
      0.031386338927443996
    ]
  },
  "parsed_content_list": [
    {
      "type": "text",
      "bbox": [
        0.015625,
        0.005888125393539667,
        0.10833333432674408,
        0.029440628364682198
      ],
      "interactivity": false,
      "content": "Network and Internet",
      "source": "box_ocr_content_ocr"
    },
    {
      "type": "icon",
      "bbox": [
        0.8338442444801331,
        0.04176174849271774,
        0.9953938722610474,
        0.09724777936935425
      ],
      "interactivity": true,
      "content": "Search Control Panel ",
      "source": "box_yolo_content_ocr"
    },
    {
      "type": "icon",
      "bbox": [
        0.34230756759643555,
        0.16445794701576233,
        0.4404465854167938,
        0.19324928522109985
      ],
      "interactivity": true,
      "content": "Connect to network ",
      "source": "box_yolo_content_ocr"
    },
    {
      "type": "icon",
      "bbox": [
        0.3197225034236908,
        0.2370564043521881,
        0.42988306283950806,
        0.26514366269111633
      ],
      "interactivity": true,
      "content": "browser add-ons Manage ",
      "source": "box_yolo_content_ocr"
    },
    {
      "type": "icon",
      "bbox": [
        0.2041984498500824,
        0.23826976120471954,
        0.3113216459751129,
        0.2631417214870453
      ],
      "interactivity": true,
      "content": "your homepage Change ",
      "source": "box_yolo_content_ocr"
    },
    {
      "type": "icon",
      "bbox": [
        0.44470682740211487,
        0.16174033284187317,
        0.610428512096405,
        0.19509923458099365
      ],
      "interactivity": true,
      "content": "View network computers and devices ",
      "source": "box_yolo_content_ocr"
    },
    {
      "type": "icon",
      "bbox": [
        0.006957673933357,
        0.405553936958313,
        0.14771601557731628,
        0.44044652581214905
      ],
      "interactivity": true,
      "content": "Clock and Region ",
      "source": "box_yolo_content_ocr"
    },
    {
      "type": "icon",
      "bbox": [
        0.20398050546646118,
        0.16743247210979462,
        0.33193546533584595,
        0.19182997941970825
      ],
      "interactivity": true,
      "content": "View network status and tasks ",
      "source": "box_yolo_content_ocr"
    },
    {
      "type": "icon",
      "bbox": [
        0.012913251295685768,
        0.24175982177257538,
        0.1494120955467224,
        0.2773577570915222
      ],
      "interactivity": true,
      "content": "Hardware and Sound ",
      "source": "box_yolo_content_ocr"
    },
    {
      "type": "icon",
      "bbox": [
        0.008968889713287354,
        0.3480786383152008,
        0.14773449301719666,
        0.40662315487861633
      ],
      "interactivity": true,
      "content": "Appearance and Personalization ",
      "source": "box_yolo_content_ocr"
    },
    {
      "type": "icon",
      "bbox": [
        0.011845541186630726,
        0.20645663142204285,
        0.14971518516540527,
        0.24329523742198944
      ],
      "interactivity": true,
      "content": "Network Internet and ",
      "source": "box_yolo_content_ocr"
    },
    {
      "type": "icon",
      "bbox": [
        0.011913287453353405,
        0.2773345708847046,
        0.14869928359985352,
        0.31401702761650085
      ],
      "interactivity": true,
      "content": "Programs ",
      "source": "box_yolo_content_ocr"
    },
    {
      "type": "icon",
      "bbox": [
        0.2042849063873291,
        0.20456692576408386,
        0.2983752191066742,
        0.23715566098690033
      ],
      "interactivity": true,