{
  "label_coordinates": {
    "0": [
      0.38623323069779714,
      0.19797979797979798,
      0.22817080943275972,
      0.050505050505050504
    ],
    "1": [
      0.28043335816752313,
      0.26666669749250316,
      0.43977059339398106,
      0.03333333333333333
    ],
    "2": [
      0.304015335267786,
      0.3010101318359375,
      0.39260671699480165,
      0.030303030303030304
    ],
    "3": [
      0.2224346717654557,
      0.43333333333333335,
      0.04079031230082855,
      0.020202020202020204
    ],
    "4": [
      0.3868706182281708,
      0.43333333333333335,
      0.05353728489483748,
      0.020202020202020204
    ],
    "5": [
      0.5353728489483748,
      0.43232323232323233,
      0.09687699171446781,
      0.024242424242424242
    ],
    "6": [
      0.7335882727852135,
      0.43333333333333335,
      0.02804333970681963,
      0.020202020202020204
    ],
    "7": [
      0.22179732313575526,
      0.6262626262626263,
      0.043339706819630335,
      0.024242424242424242
    ],
    "8": [
      0.3511790949649458,
      0.6252525252525253,
      0.12300828553218611,
      0.02727272727272727
    ],
    "9": [
      0.532823454429573,
      0.6252525252525253,
      0.10070108349267048,
      0.028282828282828285
    ],
    "10": [
      0.7023581899298916,
      0.6262626262626263,
      0.10197578075207138,
      0.024242424242424242
    ],
    "11": [
      0.2179732313575526,
      0.7252525252525253,
      0.05098789037603569,
      0.024242424242424242
    ],
    "12": [
      0.35882727852135116,
      0.7252525252525253,
      0.09878903760356915,
      0.026262626262626262
    ],
    "13": [
      0.5602293677053458,
      0.7282828282828283,
      0.03824099558337317,
      0.020202020202020204
    ],
    "14": [
      0.698534098151689,
      0.7252525252525253,
      0.09687699171446781,
      0.024242424242424242
    ],
    "15": [
      0.04371400423457168,
      0.8724952774818497,
      0.14087981885979325,
      0.06022862906407828
    ],
    "16": [
      0.00731967709640396,
      0.0011315644389451151,
      0.11159646184373008,
      0.0448297057488952
    ],
    "17": [
      0.8216848379491316,
      0.8852778270991162,
      0.1302722860400733,
      0.03635648476957071
    ],
    "18": [
      0.004612610855248417,
      0.31061903828322285,
      0.06966214882028263,
      0.07961666222774622
    ],
    "19": [
      0.8658900847474506,
      0.00023008019033104484,
      0.03079455091818037,
      0.04966662628482087
    ],
    "20": [
      0.9119159608528521,
      0.0,
      0.026911796924792862,
      0.04837985953899345
    ],
    "21": [
      0.8076253566413719,
      0.41749652901081125,
      0.017344409755417463,
      0.02980069247159091
    ],
    "22": [
      0.2967285389654039,
      0.4182104553839173,
      0.01730574248625717,
      0.029444469105113637
    ],
    "23": [
      0.2959332341521769,
      0.7091534855389836,
      0.01853255301694949,
      0.034439487649936866
    ],
    "24": [
      0.8072216454549076,
      0.7112415660511363,
      0.018335287703154877,
      0.03160671657986111
    ],
    "25": [
      0.9134448351109385,
      0.3646797565498737,
      0.05252648980242192,
      0.04132092408459596
    ],
    "26": [
      0.9585414519349506,
      0.00279712291678997,
      0.0272522556166348,
      0.041752254601680874
    ],
    "27": [
      0.9139310157245857,
      0.18763760653409092,
      0.082564967236297,
      0.09449200871014836
    ],
    "28": [
      0.46892380820785534,
      0.7121438999368687,
      0.014373565343172403,
      0.02924582741477273
    ],
    "29": [
      0.9526977150055768,
      0.4537539087160669,
      0.026968747510356914,
      0.042140829683554294
    ],
    "30": [
      0.6352226301087476,
      0.7068304505011048,
      0.02118452861097833,
      0.039013671875
    ],
    "31": [
      0.6384266062554772,
      0.41934459956005365,
      0.0153732737437261,
      0.027205280342487374
    ],
    "32": [
      0.8322696333253665,
      0.12109397348731456,
      0.03205415471637986,
      0.04832016915986032
    ],
    "33": [
      0.46715172694092577,
      0.4164546465632891,
      0.017789666860858828,
      0.032540739425505054
    ],
    "34": [
      0.9926361025633366,
      0.2864062376696654,
      0.00736389743666348,
      0.062472996567234845
    ],
    "35": [
      0.03338737074473316,
      0.4439869273792614,
      0.028583852404466172,
      0.04996757122001263
    ]
  },
  "parsed_content_list": [
    {
      "type": "text",
      "bbox": [
        0.38623327016830444,
        0.19797979295253754,
        0.6144040822982788,
        0.24848484992980957
      ],
      "interactivity": false,
      "content": "Who'$ using Chrome?",
      "source": "box_ocr_content_ocr"
    },
    {
      "type": "text",
      "bbox": [
        0.28043338656425476,
        0.2666666805744171,
        0.7202039361000061,
        0.30000001192092896
      ],
      "interactivity": false,
      "content": "With Chrome profiles; you can separate all your Chrome stuff: Create",
      "source": "box_ocr_content_ocr"
    },
    {
      "type": "text",
      "bbox": [
        0.30401530861854553,
        0.3010101020336151,
        0.6966220736503601,
        0.3313131332397461
      ],
      "interactivity": false,
      "content": "profiles for friends and family; or split between work and fun:",
      "source": "box_ocr_content_ocr"
    },
    {
      "type": "text",
      "bbox": [
        0.22243466973304749,
        0.4333333373069763,
        0.2632249891757965,
        0.4535353481769562
      ],
      "interactivity": false,
      "content": "ASHEN",
      "source": "box_ocr_content_ocr"
    },
    {
      "type": "text",
      "bbox": [
        0.3868706226348877,
        0.4333333373069763,
        0.4404079020023346,
        0.4535353481769562
      ],
      "interactivity": false,
      "content": "Cloudggx",
      "source": "box_ocr_content_ocr"
    },
    {
      "type": "text",
      "bbox": [
        0.5353728532791138,
        0.43232324719429016,
        0.6322498321533203,
        0.45656564831733704
      ],
      "interactivity": false,
      "content": "cloud9gx-projects",
      "source": "box_ocr_content_ocr"
    },
    {
      "type": "text",
      "bbox": [
        0.7335882782936096,
        0.4333333373069763,
        0.7616316080093384,
        0.4535353481769562
      ],
      "interactivity": false,
      "content": "iit.ac _",
      "source": "box_ocr_content_ocr"
    },
    {
      "type": "text",
      "bbox": [
        0.22179731726646423,
        0.6262626051902771,
        0.2651370167732239,
        0.6505050659179688
      ],
      "interactivity": false,
      "content": "ASHEN",
      "source": "box_ocr_content_ocr"
    },
    {
      "type": "text",
      "bbox": [
        0.3511790931224823,
        0.6252525448799133,
        0.47418737411499023,
        0.6525252461433411
      ],
      "interactivity": false,
      "content": "Cloudg9X Operations",
      "source": "box_ocr_content_ocr"
    },
    {
      "type": "text",
      "bbox": [
        0.5328234434127808,
        0.6252525448799133,
        0.6335245370864868,
        0.6535353660583496
      ],
      "interactivity": false,
      "content": "cloudggx-projects",
      "source": "box_ocr_content_ocr"
    },
    {
      "type": "text",
      "bbox": [
        0.7023581862449646,
        0.6262626051902771,
        0.8043339848518372,
        0.6505050659179688
      ],
      "interactivity": false,
      "content": "Ashen Himeshana",
      "source": "box_ocr_content_ocr"
    },
    {
      "type": "text",
      "bbox": [
        0.2179732322692871,
        0.7252525091171265,
        0.2689611315727234,
        0.7494949698448181
      ],
      "interactivity": false,
      "content": "Lakshani",
      "source": "box_ocr_content_ocr"
    },
    {
      "type": "text",