{
  "label_coordinates": {
    "0": [
      0.7458333333333333,
      0.825925925925926,
      0.06145833333333333,
      0.024074074074074074
    ],
    "1": [
      0.9255208333333333,
      0.9453703703703704,
      0.041666666666666664,
      0.018518518518518517
    ],
    "2": [
      0.9208333333333333,
      0.9657407407407408,
      0.04791666666666667,
      0.022222222222222223
    ],
    "3": [
      0.7064093271891276,
      0.5690797028718171,
      0.2858557383219401,
      0.08692706072771991
    ],
    "4": [
      0.7064085006713867,
      0.6537128589771412,
      0.2854150136311849,
      0.08656570999710649
    ],
    "5": [
      0.7074869791666667,
      0.48550980179398145,
      0.28336448669433595,
      0.08193404586226852
    ],
    "6": [
      0.8190168380737305,
      0.9365202162000869,
      0.0350128173828125,
      0.05946706136067708
    ],
    "7": [
      0.7058036168416341,
      0.737778557671441,
      0.28712565104166665,
      0.08085259331597222
    ],
    "8": [
      0.7076443990071615,
      0.4230717694317853,
      0.2846703847249349,
      0.06496262726960358
    ],
    "9": [
      0.0,
      0.14423949630172164,
      0.06286550362904866,
      0.13548640498408565
    ],
    "10": [
      0.003979645172754924,
      0.003925125687210648,
      0.05025037129720052,
      0.13302247789171007
    ],
    "11": [
      0.7075902303059896,
      0.8463743421766493,
      0.28605753580729165,
      0.07598978678385417
    ],
    "12": [
      0.53542054494222,
      0.9377998634620949,
      0.035949961344401045,
      0.061701795789930555
    ],
    "13": [
      0.5704446156819661,
      0.9386124787507234,
      0.03762906392415365,
      0.06122747350622106
    ],
    "14": [
      0.39643662770589194,
      0.9391735500759548,
      0.036069997151692706,
      0.05413044117115162
    ],
    "15": [
      0.5000622431437175,
      0.9374739470305267,
      0.035307820638020834,
      0.060463177716290506
    ],
    "16": [
      0.364207394917806,
      0.939256117078993,
      0.03278554280598958,
      0.053426106770833336
    ],
    "17": [
      0.46647987365722654,
      0.9375533492476852,
      0.03300495147705078,
      0.05884173357928241
    ],
    "18": [
      0.43232364654541017,
      0.9393350671838832,
      0.03298816680908203,
      0.0546194005895544
    ],
    "19": [
      0.7939996083577474,
      0.9394320452654803,
      0.025868606567382813,
      0.055697010181568286
    ],
    "20": [
      0.607373301188151,
      0.9393757007740162,
      0.025950495402018228,
      0.059391502097800926
    ],
    "21": [
      0.7700300216674805,
      0.9414021809895833,
      0.02350273132324219,
      0.052968343098958336
    ],
    "22": [
      0.8551698048909505,
      0.9408313327365452,
      0.019638824462890624,
      0.05252917254412616
    ],
    "23": [
      0.7056107838948568,
      0.24643232557508682,
      0.2878734588623047,
      0.17932716652199074
    ],
    "24": [
      0.8935614267985026,
      0.9388016877350984,
      0.020037333170572918,
      0.055887575502748844
    ]
  },
  "parsed_content_list": [
    {
      "type": "text",
      "bbox": [
        0.7458333373069763,
        0.8259259462356567,
        0.8072916865348816,
        0.8500000238418579
      ],
      "interactivity": false,
      "content": "Tamil (India)",
      "source": "box_ocr_content_ocr"
    },
    {
      "type": "text",
      "bbox": [
        0.9255208373069763,
        0.9453703761100769,
        0.9671875238418579,
        0.9638888835906982
      ],
      "interactivity": false,
      "content": "11.43 AM",
      "source": "box_ocr_content_ocr"
    },
    {
      "type": "text",
      "bbox": [
        0.9208333492279053,
        0.9657407402992249,
        0.96875,
        0.9879629611968994
      ],
      "interactivity": false,
      "content": "3/11/2026",
      "source": "box_ocr_content_ocr"
    },
    {
      "type": "icon",
      "bbox": [
        0.7064093351364136,
        0.5690796971321106,
        0.9922650456428528,
        0.6560067534446716
      ],
      "interactivity": true,
      "content": "ENG English (Malaysia) US ",
      "source": "box_yolo_content_ocr"
    },
    {
      "type": "icon",
      "bbox": [
        0.7064085006713867,
        0.6537128686904907,
        0.9918235540390015,
        0.7402785420417786
      ],
      "interactivity": true,
      "content": "Sinhala Sinhala ",
      "source": "box_yolo_content_ocr"
    },
    {
      "type": "icon",
      "bbox": [
        0.7074869871139526,
        0.4855097532272339,
        0.9908514022827148,
        0.56744384765625
      ],
      "interactivity": true,
      "content": "ENG   English (United States) US ",
      "source": "box_yolo_content_ocr"
    },
    {
      "type": "icon",
      "bbox": [
        0.8190168142318726,
        0.9365202188491821,
        0.854029655456543,
        0.9959872961044312
      ],
      "interactivity": true,
      "content": "ENG US ",
      "source": "box_yolo_content_ocr"
    },
    {
      "type": "icon",
      "bbox": [
        0.7058035731315613,
        0.7377785444259644,
        0.992929220199585,
        0.8186311721801758
      ],
      "interactivity": true,
      "content": "Sinhala Google Input Tools ",
      "source": "box_yolo_content_ocr"
    },
    {
      "type": "icon",
      "bbox": [
        0.7076444029808044,
        0.4230717420578003,
        0.9923147559165955,
        0.48803433775901794
      ],
      "interactivity": true,
      "content": "Keyboard layout Spacebar ",
      "source": "box_yolo_content_ocr"
    },
    {
      "type": "icon",
      "bbox": [
        0.0,
        0.14423948526382446,
        0.06286550313234329,
        0.27972590923309326
      ],
      "interactivity": true,
      "content": "Control Panel ",
      "source": "box_yolo_content_ocr"
    },
    {
      "type": "icon",
      "bbox": [
        0.0039796470664441586,
        0.003925132565200329,
        0.054230015724897385,
        0.1369476020336151
      ],
      "interactivity": true,
      "content": "This PC ",
      "source": "box_yolo_content_ocr"
    },
    {
      "type": "icon",
      "bbox": [
        0.7075902819633484,
        0.8463743329048157,
        0.9936477541923523,
        0.9223641157150269
      ],
      "interactivity": true,
      "content": "More keyboard settings ",
      "source": "box_yolo_content_ocr"
    },
    {
      "type": "icon",
      "bbox": [
        0.5354204773902893,
        0.9377999305725098,
        0.5713704824447632,
        0.9995017647743225
      ],
      "interactivity": true,
      "content": "Google Chrome",
      "source": "box_yolo_content_yolo"
    },
    {
      "type": "icon",
      "bbox": [
        0.570444643497467,
        0.9386125206947327,
        0.6080736517906189,
        0.9998399615287781
      ],
      "interactivity": true,
      "content": "Google Chrome",
      "source": "box_yolo_content_yolo"
    },
    {
      "type": "icon",
      "bbox": [
        0.3964366316795349,
        0.9391735792160034,
        0.43250662088394165,
        0.9933040142059326
      ],
      "interactivity": true,
      "content": "folder",
      "source": "box_yolo_content_yolo"
    },
    {
      "type": "icon",
      "bbox": [
        0.5000622868537903,
        0.9374738931655884,
        0.5353701114654541,
        0.997937023639679
      ],
      "interactivity": true,
      "content": "PowerPoint",
      "source": "box_yolo_content_yolo"
    },
    {
      "type": "icon",
      "bbox": [
        0.36420738697052,
        0.9392561316490173,
        0.396992951631546,
        0.9926822185516357
      ],
      "interactivity": true,
      "content": "Windows",
      "source": "box_yolo_content_yolo"
    },
    {
      "type": "icon",
      "bbox": [
        0.4664798676967621,
        0.9375534057617188,
        0.4994848370552063,
        0.9963951110839844
      ],
      "interactivity": true,