{
  "label_coordinates": {
    "0": [
      0.8989583333333333,
      0.07407406700981987,
      0.057291666666666664,
      0.02962962962962963
    ],
    "1": [
      0.8921875,
      0.11944445857295284,
      0.029166666666666667,
      0.018518518518518517
    ],
    "2": [
      0.9255208333333333,
      0.12314814814814815,
      0.019791666666666666,
      0.014814814814814815
    ],
    "3": [
      0.9151041666666667,
      0.13796296296296295,
      0.04583333333333333,
      0.016666666666666666
    ],
    "4": [
      0.9244791666666666,
      0.16944443031593606,
      0.017708333333333333,
      0.016666666666666666
    ],
    "5": [
      0.8921875,
      0.1824074074074074,
      0.027083333333333334,
      0.018518518518518517
    ],
    "6": [
      0.9244791666666666,
      0.18611111111111112,
      0.015625,
      0.014814814814814815
    ],
    "7": [
      0.3563868522644043,
      0.9502007378472223,
      0.14785989125569662,
      0.04229103370949074
    ],
    "8": [
      0.8479239145914713,
      0.2271569569905599,
      0.15207608540852866,
      0.044911207976164644
    ],
    "9": [
      0.8482545852661133,
      0.0,
      0.06564280192057291,
      0.03524521721733941
    ],
    "10": [
      0.9087196350097656,
      0.15333206741898148,
      0.048828125,
      0.016062079535590277
    ],
    "11": [
      0.9120138804117839,
      0.0358817559701425,
      0.029656728108723957,
      0.03784414220739294
    ],
    "12": [
      0.5884053548177083,
      0.9473594948097511,
      0.026767857869466147,
      0.0520029138635706
    ],
    "13": [
      0.5592245101928711,
      0.9503734447337963,
      0.026604080200195314,
      0.04948255750868055
    ],
    "14": [
      0.6453556060791016,
      0.9472929777922454,
      0.028554916381835938,
      0.05025973849826389
    ],
    "15": [
      0.5035918871561686,
      0.9484272144458912,
      0.026387468973795573,
      0.04652348271122685
    ],
    "16": [
      0.5322998364766439,
      0.9488445140697338,
      0.023578675587972005,
      0.04981169524016204
    ],
    "17": [
      0.617660395304362,
      0.9472590693721065,
      0.024817403157552084,
      0.051865641276041666
    ],
    "18": [
      0.943215815226237,
      0.0005985277670401114,
      0.030048370361328125,
      0.03378427999990958
    ],
    "19": [
      0.9737769444783528,
      0.0,
      0.02590484619140625,
      0.034147061241997616
    ],
    "20": [
      0.3271806716918945,
      0.9488544605396412,
      0.02794825236002604,
      0.044463885271990744
    ],
    "21": [
      0.9125107447306315,
      0.0,
      0.03127555847167969,
      0.03520519821732133
    ],
    "22": [
      0.8481605529785157,
      0.27092098659939234,
      0.15183944702148439,
      0.056643959327980324
    ]
  },
  "parsed_content_list": [
    {
      "type": "text",
      "bbox": [
        0.8989583253860474,
        0.07407407462596893,
        0.956250011920929,
        0.10370370000600815
      ],
      "interactivity": false,
      "content": "Manual",
      "source": "box_ocr_content_ocr"
    },
    {
      "type": "text",
      "bbox": [
        0.8921874761581421,
        0.11944444477558136,
        0.9213541746139526,
        0.1379629671573639
      ],
      "interactivity": false,
      "content": "SPACE",
      "source": "box_ocr_content_ocr"
    },
    {
      "type": "text",
      "bbox": [
        0.9255208373069763,
        0.12314815074205399,
        0.9453125,
        0.1379629671573639
      ],
      "interactivity": false,
      "content": "Scan",
      "source": "box_ocr_content_ocr"
    },
    {
      "type": "text",
      "bbox": [
        0.9151041507720947,
        0.1379629671573639,
        0.9609375,
        0.1546296328306198
      ],
      "interactivity": false,
      "content": "Select action",
      "source": "box_ocr_content_ocr"
    },
    {
      "type": "text",
      "bbox": [
        0.9244791865348816,
        0.16944444179534912,
        0.942187488079071,
        0.18611110746860504
      ],
      "interactivity": false,
      "content": "back",
      "source": "box_ocr_content_ocr"
    },
    {
      "type": "text",
      "bbox": [
        0.8921874761581421,
        0.182407408952713,
        0.9192708134651184,
        0.20092593133449554
      ],
      "interactivity": false,
      "content": "QIESC",
      "source": "box_ocr_content_ocr"
    },
    {
      "type": "text",
      "bbox": [
        0.9244791865348816,
        0.18611110746860504,
        0.9401041865348816,
        0.20092593133449554
      ],
      "interactivity": false,
      "content": "Quit",
      "source": "box_ocr_content_ocr"
    },
    {
      "type": "icon",
      "bbox": [
        0.35638687014579773,
        0.9502007365226746,
        0.5042467713356018,
        0.9924916625022888
      ],
      "interactivity": true,
      "content": "Search ",
      "source": "box_yolo_content_ocr"
    },
    {
      "type": "icon",
      "bbox": [
        0.8479238748550415,
        0.22715695202350616,
        1.0,
        0.27206817269325256
      ],
      "interactivity": true,
      "content": "Taking screenshot__. ",
      "source": "box_yolo_content_ocr"
    },
    {
      "type": "icon",
      "bbox": [
        0.8482545614242554,
        0.0,
        0.9138973355293274,
        0.03524521738290787
      ],
      "interactivity": true,
      "content": "BCI Manual ",
      "source": "box_yolo_content_ocr"
    },
    {
      "type": "icon",
      "bbox": [
        0.9087196588516235,
        0.15333206951618195,
        0.9575477838516235,
        0.16939415037631989
      ],
      "interactivity": true,
      "content": "More options ",
      "source": "box_yolo_content_ocr"
    },
    {
      "type": "icon",
      "bbox": [
        0.912013828754425,
        0.035881754010915756,
        0.9416705965995789,
        0.07372589409351349
      ],
      "interactivity": true,
      "content": "BCI ",
      "source": "box_yolo_content_ocr"
    },
    {
      "type": "icon",
      "bbox": [
        0.5884053707122803,
        0.947359561920166,
        0.6151732206344604,
        0.9993625283241272
      ],
      "interactivity": true,
      "content": "Google Chrome",
      "source": "box_yolo_content_yolo"
    },
    {
      "type": "icon",
      "bbox": [
        0.559224545955658,
        0.9503735303878784,
        0.5858286619186401,
        0.9998559951782227
      ],
      "interactivity": true,
      "content": "Microsoft Edge browser",
      "source": "box_yolo_content_yolo"
    },
    {
      "type": "icon",
      "bbox": [
        0.6453555822372437,
        0.9472929239273071,
        0.6739104986190796,
        0.9975526928901672
      ],
      "interactivity": true,
      "content": "Inkiting",
      "source": "box_yolo_content_yolo"
    },
    {
      "type": "icon",
      "bbox": [
        0.5035918951034546,
        0.9484273195266724,
        0.5299793481826782,
        0.9949507117271423
      ],
      "interactivity": true,
      "content": "folder",
      "source": "box_yolo_content_yolo"
    },
    {
      "type": "icon",
      "bbox": [
        0.5322998762130737,
        0.9488446116447449,
        0.5558785796165466,
        0.9986562132835388
      ],
      "interactivity": true,
      "content": "Spotify",
      "source": "box_yolo_content_yolo"
    },
    {
      "type": "icon",
      "bbox": [
        0.6176603436470032,
        0.9472590684890747,
        0.642477810382843,
        0.9991247057914734
      ],
      "interactivity": true,
      "content": "PyCharm",
      "source": "box_yolo_content_yolo"
    },
    {
      "type": "icon",
      "bbox": [
        0.9432157874107361,
        0.0005985259776934981,
        0.9732641577720642,
        0.034382808953523636
      ],
      "interactivity": true,
      "content": "Maximize",
      "source": "box_yolo_content_yolo"
    },
    {
      "type": "icon",