{
  "label_coordinates": {
    "0": [
      0.05572916666666667,
      0.02453385672227674,
      0.05416666666666667,
      0.017664376840039256
    ],
    "1": [
      0.1140625,
      0.02453385672227674,
      0.017708333333333333,
      0.019627085377821395
    ],
    "2": [
      0.08125,
      0.07654563297350343,
      0.215625,
      0.02551521099116781
    ],
    "3": [
      0.30104166666666665,
      0.0804710575362066,
      0.019791666666666666,
      0.023552502453385672
    ],
    "4": [
      0.8296875,
      0.07163886162904809,
      0.053125,
      0.03532875368007851
    ],
    "5": [
      0.9386606216430664,
      0.06220297771300371,
      0.05844815572102865,
      0.05023075062580502
    ],
    "6": [
      0.8843414306640625,
      0.0584279959756329,
      0.027746963500976562,
      0.059031032603435125
    ],
    "7": [
      0.0008762995402018229,
      0.003579404567010971,
      0.0302073339621226,
      0.056478505981565105
    ],
    "8": [
      0.001689492662747701,
      0.060814090987066055,
      0.0279979944229126,
      0.05498824339502576
    ],
    "9": [
      0.7998603820800781,
      0.06984257721456391,
      0.018148040771484374,
      0.04142174238779594
    ],
    "10": [
      0.9142763137817382,
      0.05852038726956384,
      0.022601191202799478,
      0.05852317997237066
    ],
    "11": [
      0.03111755649248759,
      0.06084346303294053,
      0.024676666657129923,
      0.05544034678989818
    ],
    "12": [
      0.22453778584798176,
      0.011281574088294092,
      0.020397377014160157,
      0.04230072500661264
    ],
    "13": [
      0.8598641077677409,
      0.05899983743924037,
      0.022276687622070312,
      0.05724775709277631
    ],
    "14": [
      0.19731785456339518,
      0.011795131919194485,
      0.01767565409342448,
      0.03803361737342063
    ],
    "15": [
      0.984013557434082,
      0.11688749034458569,
      0.0128875732421875,
      0.02880631765977674
    ],
    "16": [
      0.9847618103027344,
      0.9350452366942161,
      0.01206207275390625,
      0.026330530467983317
    ],
    "17": [
      0.9326204299926758,
      0.004717268115521881,
      0.02756843566894531,
      0.04669183837770831
    ],
    "18": [
      0.8262910842895508,
      0.060651021101991845,
      0.023497263590494793,
      0.052732922495054894
    ],
    "19": [
      0.007347071170806884,
      0.9632647423561702,
      0.006618338823318482,
      0.019343652247914622
    ],
    "20": [
      0.9737722396850585,
      0.9616480594294345,
      0.008968734741210937,
      0.020986630006440136
    ],
    "21": [
      0.9705991744995117,
      0.008317254827347775,
      0.022826385498046876,
      0.041766300519619416
    ],
    "22": [
      0.9935558319091797,
      2.5864321303437806e-05,
      0.006444168090820312,
      0.05636153441065076
    ],
    "23": [
      0.896922492980957,
      0.00305072271554814,
      0.025901412963867186,
      0.04969309169481032
    ],
    "24": [
      0.1394029935201009,
      0.4914887103529042,
      0.7472150166829427,
      0.5085112596985403
    ]
  },
  "parsed_content_list": [
    {
      "type": "text",
      "bbox": [
        0.05572916567325592,
        0.02453385666012764,
        0.10989583283662796,
        0.04219823330640793
      ],
      "interactivity": false,
      "content": "react-native-",
      "source": "box_ocr_content_ocr"
    },
    {
      "type": "text",
      "bbox": [
        0.11406250298023224,
        0.02453385666012764,
        0.13177083432674408,
        0.04416094347834587
      ],
      "interactivity": false,
      "content": "svg",
      "source": "box_ocr_content_ocr"
    },
    {
      "type": "text",
      "bbox": [
        0.08124999701976776,
        0.07654563337564468,
        0.296875,
        0.10206084698438644
      ],
      "interactivity": false,
      "content": "File   C/Users/User/Downloads/react-native-",
      "source": "box_ocr_content_ocr"
    },
    {
      "type": "text",
      "bbox": [
        0.3010416626930237,
        0.08047105371952057,
        0.32083332538604736,
        0.10402355343103409
      ],
      "interactivity": false,
      "content": "svg",
      "source": "box_ocr_content_ocr"
    },
    {
      "type": "text",
      "bbox": [
        0.8296874761581421,
        0.07163885980844498,
        0.8828125,
        0.10696761310100555
      ],
      "interactivity": false,
      "content": "{3 | 0",
      "source": "box_ocr_content_ocr"
    },
    {
      "type": "icon",
      "bbox": [
        0.9386606216430664,
        0.06220297887921333,
        0.9971088171005249,
        0.11243372410535812
      ],
      "interactivity": true,
      "content": "Chat ",
      "source": "box_yolo_content_ocr"
    },
    {
      "type": "icon",
      "bbox": [
        0.8843414187431335,
        0.058428000658750534,
        0.9120883941650391,
        0.11745903640985489
      ],
      "interactivity": true,
      "content": "Accounts",
      "source": "box_yolo_content_yolo"
    },
    {
      "type": "icon",
      "bbox": [
        0.0008762985235080123,
        0.0035794007126241922,
        0.03108363226056099,
        0.06005791202187538
      ],
      "interactivity": true,
      "content": "Expand",
      "source": "box_yolo_content_yolo"
    },
    {
      "type": "icon",
      "bbox": [
        0.0016894936561584473,
        0.06081409379839897,
        0.029687488451600075,
        0.1158023327589035
      ],
      "interactivity": true,
      "content": "Back",
      "source": "box_yolo_content_yolo"
    },
    {
      "type": "icon",
      "bbox": [
        0.7998603582382202,
        0.06984257698059082,
        0.8180084228515625,
        0.11126431822776794
      ],
      "interactivity": true,
      "content": "Star",
      "source": "box_yolo_content_yolo"
    },
    {
      "type": "icon",
      "bbox": [
        0.9142763614654541,
        0.05852038413286209,
        0.9368775486946106,
        0.11704356968402863
      ],
      "interactivity": true,
      "content": "More options",
      "source": "box_yolo_content_yolo"
    },
    {
      "type": "icon",
      "bbox": [
        0.031117558479309082,
        0.060843463987112045,
        0.05579422786831856,
        0.11628381162881851
      ],
      "interactivity": true,
      "content": "Reload",
      "source": "box_yolo_content_yolo"
    },
    {
      "type": "icon",
      "bbox": [
        0.22453778982162476,
        0.011281575076282024,
        0.24493516981601715,
        0.05358230322599411
      ],
      "interactivity": true,
      "content": "New Project",
      "source": "box_yolo_content_yolo"
    },
    {
      "type": "icon",
      "bbox": [
        0.8598640561103821,
        0.058999840170145035,
        0.8821407556533813,
        0.11624759435653687
      ],
      "interactivity": true,
      "content": "Promote",
      "source": "box_yolo_content_yolo"
    },
    {
      "type": "icon",
      "bbox": [
        0.19731785356998444,
        0.011795135214924812,
        0.21499350666999817,
        0.049828752875328064
      ],
      "interactivity": true,
      "content": "Close",
      "source": "box_yolo_content_yolo"
    },
    {
      "type": "icon",
      "bbox": [
        0.984013557434082,
        0.11688748002052307,
        0.9969011545181274,
        0.1456937938928604
      ],
      "interactivity": true,
      "content": "a play button for starting a video or audio file.",
      "source": "box_yolo_content_yolo"
    },
    {
      "type": "icon",
      "bbox": [
        0.9847618341445923,
        0.9350452423095703,
        0.9968239068984985,
        0.9613757729530334
      ],
      "interactivity": true,
      "content": "M0,0L9,0 4.5,5z",
      "source": "box_yolo_content_yolo"
    },
    {
      "type": "icon",
      "bbox": [
        0.9326204061508179,
        0.0047172680497169495,
        0.9601888656616211,
        0.05140910670161247
      ],