{
  "label_coordinates": {
    "0": [
      0.016666666666666666,
      0.005888125613346418,
      0.06875,
      0.02551521099116781
    ],
    "1": [
      0.40729166666666666,
      0.18056918547595682,
      0.18645833333333334,
      0.04906771344455348
    ],
    "2": [
      0.32083333333333336,
      0.2512266928361138,
      0.359375,
      0.029440628066732092
    ],
    "3": [
      0.3385416666666667,
      0.27968596663395484,
      0.32083333333333336,
      0.0323846908734053
    ],
    "4": [
      0.33645833333333336,
      0.408243375858685,
      0.04583333333333333,
      0.023552502453385672
    ],
    "5": [
      0.75625,
      0.408243375858685,
      0.040625,
      0.023552502453385672
    ],
    "6": [
      0.309375,
      0.5966633954857704,
      0.1,
      0.02747791952894995
    ],
    "7": [
      0.7291666666666666,
      0.5976447497546614,
      0.09427083333333333,
      0.02551521099116781
    ],
    "8": [
      0.3411458333333333,
      0.6977428252844394,
      0.03125,
      0.017664376840039256
    ],
    "9": [
      0.453125,
      0.6938174681059862,
      0.08020833333333334,
      0.02453385672227674
    ],
    "10": [
      0.7645833333333333,
      0.6967615309126595,
      0.026041666666666668,
      0.02747791952894995
    ],
    "11": [
      0.15427017211914062,
      0.38373233993575195,
      0.13216451009114583,
      0.2680489162935476
    ],
    "12": [
      0.5724414189656576,
      0.38338325957203756,
      0.1314268747965495,
      0.26783232833967124
    ],
    "13": [
      0.030293428897857667,
      0.8759080402048577,
      0.11461060841878255,
      0.05798687246994603
    ],
    "14": [
      0.43202508290608727,
      0.383508145048761,
      0.13154080708821614,
      0.2685609167995584
    ],
    "15": [
      0.5720696767171224,
      0.6695562630336114,
      0.13058560689290363,
      0.2500531886346909
    ],
    "16": [
      0.15483829180399578,
      0.6697312823923577,
      0.13051279385884604,
      0.2563361560046614
    ],
    "17": [
      0.8538026809692383,
      0.8711907833200442,
      0.11758651733398437,
      0.06957504676766438
    ],
    "18": [
      0.0,
      0.3526108791362549,
      0.06802229086558025,
      0.09562040708951791
    ],
    "19": [
      0.46675710678100585,
      0.744174406970682,
      0.06401653289794922,
      0.12391226846172719
    ],
    "20": [
      0.7457793553670248,
      0.7455956456237733,
      0.06238212585449219,
      0.1154099933298577
    ],
    "21": [
      0.9172966639200847,
      0.20535183982362457,
      0.08270327250162761,
      0.1170490029047703
    ],
    "22": [
      0.8367280960083008,
      0.1250161347843129,
      0.03097991943359375,
      0.05413609468199905
    ],
    "23": [
      0.026816304524739584,
      0.5157740240125123,
      0.02832923730214437,
      0.05246843182654563
    ],
    "24": [
      0.9677993138631185,
      0.0,
      0.029311370849609376,
      0.035897304546142816
    ],
    "25": [
      0.8935270309448242,
      0.0,
      0.028485488891601563,
      0.06375210418551429
    ],
    "26": [
      0.9184095382690429,
      0.41808746607427627,
      0.0540740966796875,
      0.05035544143691732
    ],
    "27": [
      0.4021457672119141,
      0.6782768032384691,
      0.016217422485351563,
      0.03149557815566732
    ],
    "28": [
      0.4027814229329427,
      0.3944963299842063,
      0.015038871765136718,
      0.030286435173117028
    ],
    "29": [
      0.820219612121582,
      0.39409130571868867,
      0.014885330200195312,
      0.030824790408028706
    ]
  },
  "parsed_content_list": [
    {
      "type": "text",
      "bbox": [
        0.01666666753590107,
        0.005888125393539667,
        0.08541666716337204,
        0.03140333667397499
      ],
      "interactivity": false,
      "content": "Google Chrome",
      "source": "box_ocr_content_ocr"
    },
    {
      "type": "text",
      "bbox": [
        0.4072916805744171,
        0.18056918680667877,
        0.59375,
        0.22963689267635345
      ],
      "interactivity": false,
      "content": "Who's using Chrome?",
      "source": "box_ocr_content_ocr"
    },
    {
      "type": "text",
      "bbox": [
        0.32083332538604736,
        0.2512266933917999,
        0.6802083253860474,
        0.28066733479499817
      ],
      "interactivity": false,
      "content": "With Chrome profiles; you can separate all your Chrome stuff: Create",
      "source": "box_ocr_content_ocr"
    },
    {
      "type": "text",
      "bbox": [
        0.3385416567325592,
        0.27968597412109375,
        0.659375011920929,
        0.31207066774368286
      ],
      "interactivity": false,
      "content": "profiles for friends and family; or split between work and fun:",
      "source": "box_ocr_content_ocr"
    },
    {
      "type": "text",
      "bbox": [
        0.33645832538604736,
        0.4082433879375458,
        0.38229167461395264,
        0.4317958652973175
      ],
      "interactivity": false,
      "content": "Cloudggx",
      "source": "box_ocr_content_ocr"
    },
    {
      "type": "text",
      "bbox": [
        0.7562500238418579,
        0.4082433879375458,
        0.796875,
        0.4317958652973175
      ],
      "interactivity": false,
      "content": "Lakshani",
      "source": "box_ocr_content_ocr"
    },
    {
      "type": "text",
      "bbox": [
        0.30937498807907104,
        0.5966634154319763,
        0.40937501192092896,
        0.6241413354873657
      ],
      "interactivity": false,
      "content": "CloudggX Operations",
      "source": "box_ocr_content_ocr"
    },
    {
      "type": "text",
      "bbox": [
        0.7291666865348816,
        0.5976447463035583,
        0.823437511920929,
        0.6231599450111389
      ],
      "interactivity": false,
      "content": "Lakshani Dayananda",
      "source": "box_ocr_content_ocr"
    },
    {
      "type": "text",
      "bbox": [
        0.3411458432674408,
        0.6977428793907166,
        0.3723958432674408,
        0.7154072523117065
      ],
      "interactivity": false,
      "content": "Person",
      "source": "box_ocr_content_ocr"
    },
    {
      "type": "text",
      "bbox": [
        0.453125,
        0.6938174962997437,
        0.5333333611488342,
        0.7183513045310974
      ],
      "interactivity": false,
      "content": "sandesi.20220897.",
      "source": "box_ocr_content_ocr"
    },
    {
      "type": "text",
      "bbox": [
        0.7645833492279053,
        0.6967615485191345,
        0.7906249761581421,
        0.7242394685745239
      ],
      "interactivity": false,
      "content": "Add",
      "source": "box_ocr_content_ocr"
    },
    {
      "type": "icon",
      "bbox": [
        0.15427017211914062,
        0.3837323784828186,
        0.28643468022346497,
        0.6517813205718994
      ],
      "interactivity": true,
      "content": "ASHEN ASHEN ",
      "source": "box_yolo_content_ocr"
    },
    {
      "type": "icon",
      "bbox": [
        0.5724413990974426,
        0.38338324427604675,
        0.7038683295249939,
        0.6512155532836914
      ],
      "interactivity": true,
      "content": "iitac_Ik Ashen Himeshana ",
      "source": "box_yolo_content_ocr"
    },
    {
      "type": "icon",
      "bbox": [
        0.030293429270386696,
        0.8759080171585083,
        0.14490404725074768,
        0.93389493227005
      ],
      "interactivity": true,
      "content": "Guest mode ",
      "source": "box_yolo_content_ocr"
    },
    {
      "type": "icon",
      "bbox": [
        0.43202507495880127,
        0.3835081160068512,
        0.5635659098625183,
        0.6520690321922302
      ],
      "interactivity": true,
      "content": "cloud9gxprojects cloudggx-projects ",
      "source": "box_yolo_content_ocr"
    },
    {
      "type": "icon",