{
  "label_coordinates": {
    "0": [
      0.02135417064030965,
      0.28361138370951916,
      0.046354162693023684,
      0.02845927379784102
    ],
    "1": [
      0.8338154474894206,
      0.04166248385173884,
      0.16168479919433593,
      0.0556856404342876
    ],
    "2": [
      0.2044378916422526,
      0.1663891433850589,
      0.08413524627685547,
      0.024816930469516683
    ],
    "3": [
      0.4635088602701823,
      0.1655670854832403,
      0.10104796091715494,
      0.02647416374049313
    ],
    "4": [
      0.2988962491353353,
      0.164988733952366,
      0.1561752955118815,
      0.02727420945396835
    ],
    "5": [
      0.44652048746744794,
      0.19271846093654166,
      0.10988178253173828,
      0.027474056165281525
    ],
    "6": [
      0.2040864944458008,
      0.1311137131081713,
      0.129673703511556,
      0.03396157216978962
    ],
    "7": [
      0.13886264165242512,
      0.05386559932809817,
      0.06228189468383789,
      0.02924647158097706
    ],
    "8": [
      0.01179521083831787,
      0.40613877106461604,
      0.1360958735148112,
      0.03301217300969087
    ],
    "9": [
      0.0132110595703125,
      0.3498114379044253,
      0.13305451075236002,
      0.056199183290910205
    ],
    "10": [
      0.20345980326334637,
      0.19314611133579182,
      0.23666292826334637,
      0.02706388074820596
    ],
    "11": [
      0.21270785331726075,
      0.05510003760939609,
      0.0578182061513265,
      0.02665907735328562
    ],
    "12": [
      0.009969798723856609,
      0.2423644660148583,
      0.1380703608194987,
      0.03418663556489205
    ],
    "13": [
      0.007838757832845052,
      0.20681848048695872,
      0.14083372751871745,
      0.03544797887979943
    ],
    "14": [
      0.0011967182159423827,
      0.4410238668424926,
      0.14261668523152668,
      0.0336010215092922
    ],
    "15": [
      0.01384730339050293,
      0.31323200259522205,
      0.13221268653869628,
      0.03330345266115677
    ],
    "16": [
      0.00399008591969808,
      0.16812713293612763,
      0.14111709594726562,
      0.03931370848411433
    ],
    "17": [
      0.005058423678080241,
      0.11389722440380812,
      0.14238335291544596,
      0.050486174369115705
    ],
    "18": [
      0.0,
      0.0,
      0.07808321317036947,
      0.03461345489172519
    ],
    "19": [
      0.20425739288330078,
      0.2646231609190996,
      0.18632240295410157,
      0.026804915588199214
    ],
    "20": [
      0.2047472635904948,
      0.2314815652265165,
      0.0981597900390625,
      0.03307121658699552
    ],
    "21": [
      0.059912220637003584,
      0.05616194974919882,
      0.015716012318929037,
      0.027372874970291033
    ],
    "22": [
      0.11161220073699951,
      0.05552464448668655,
      0.017419751485188803,
      0.029464796551076422
    ],
    "23": [
      0.0822136402130127,
      0.05365613164330839,
      0.019646565119425457,
      0.034833015239741784
    ],
    "24": [
      0.03505153656005859,
      0.05545843571746197,
      0.017604986826578777,
      0.030177392482289622
    ],
    "25": [
      0.9689837137858073,
      0.0,
      0.024493662516276042,
      0.033414898723568606
    ],
    "26": [
      0.00636137326558431,
      0.05273529591808375,
      0.020471914609273275,
      0.03558322655674988
    ],
    "27": [
      0.8043771743774414,
      0.04484048980024074,
      0.02212867736816406,
      0.049992719506141134
    ],
    "28": [
      0.16720156669616698,
      0.23463698996411925,
      0.03308238983154297,
      0.06084546209902478
    ],
    "29": [
      0.16668389638264974,
      0.13214467715936273,
      0.03314841588338216,
      0.08110634875835684
    ],
    "30": [
      0.7790815353393554,
      0.05042828381120047,
      0.018324661254882812,
      0.03746779931305201
    ],
    "31": [
      0.1298126459121704,
      0.0561505917594992,
      0.008986290295918782,
      0.02607303278719946
    ],
    "32": [
      0.0006103177865346272,
      0.27871506441095745,
      0.020802251497904458,
      0.03067235226018155
    ],
    "33": [
      0.9935042063395182,
      0.0,
      0.0064957936604817705,
      0.032744844715541434
    ],
    "34": [
      9.651159246762594e-05,
      0.047894868111353045,
      0.004816295703252157,
      0.0465549547609099
    ],
    "35": [
      0.9360549926757813,
      0.0006949159886114029,
      0.01643218994140625,
      0.03096529405648154
    ]
  },
  "parsed_content_list": [
    {
      "type": "text",
      "bbox": [
        0.02135416679084301,
        0.28361138701438904,
        0.0677083358168602,
        0.31207066774368286
      ],
      "interactivity": false,
      "content": "Programs",
      "source": "box_ocr_content_ocr"
    },
    {
      "type": "icon",
      "bbox": [
        0.8338153958320618,
        0.04166248068213463,
        0.9955002069473267,
        0.09734812378883362
      ],
      "interactivity": true,
      "content": "Search Control Panel ",
      "source": "box_yolo_content_ocr"
    },
    {
      "type": "icon",
      "bbox": [
        0.20443788170814514,
        0.16638913750648499,
        0.28857314586639404,
        0.19120608270168304
      ],
      "interactivity": true,
      "content": "Uninstall program ",
      "source": "box_yolo_content_ocr"
    },
    {
      "type": "icon",
      "bbox": [
        0.46350887417793274,
        0.16556710004806519,
        0.5645568370819092,
        0.19204124808311462
      ],
      "interactivity": true,
      "content": "View installed updates ",
      "source": "box_yolo_content_ocr"
    },
    {
      "type": "icon",
      "bbox": [
        0.2988962233066559,
        0.16498872637748718,
        0.4550715386867523,
        0.1922629475593567
      ],
      "interactivity": true,
      "content": "Turn Windows features off ",
      "source": "box_yolo_content_ocr"
    },
    {
      "type": "icon",
      "bbox": [
        0.44652047753334045,
        0.19271846115589142,
        0.5564022660255432,
        0.22019250690937042
      ],
      "interactivity": true,
      "content": "How to install program ",
      "source": "box_yolo_content_ocr"
    },
    {
      "type": "icon",
      "bbox": [
        0.20408649742603302,
        0.13111372292041779,
        0.33376020193099976,
        0.16507530212402344
      ],
      "interactivity": true,
      "content": "Programs and Features ",
      "source": "box_yolo_content_ocr"
    },
    {
      "type": "icon",
      "bbox": [
        0.13886263966560364,
        0.05386560037732124,
        0.2011445313692093,
        0.08311206847429276
      ],
      "interactivity": true,
      "content": "Control Panel ",
      "source": "box_yolo_content_ocr"
    },
    {
      "type": "icon",
      "bbox": [
        0.011795210652053356,
        0.4061387777328491,
        0.1478910893201828,
        0.43915092945098877
      ],
      "interactivity": true,
      "content": "Clock and Region ",
      "source": "box_yolo_content_ocr"
    },
    {
      "type": "icon",
      "bbox": [
        0.013211059384047985,
        0.3498114347457886,
        0.14626556634902954,
        0.40601059794425964
      ],
      "interactivity": true,
      "content": "Appearance and Personalization ",
      "source": "box_yolo_content_ocr"
    },
    {
      "type": "icon",
      "bbox": [
        0.20345978438854218,
        0.19314610958099365,
        0.44012272357940674,
        0.2202099859714508
      ],
      "interactivity": true,
      "content": "programs made for previous versions Windows ",
      "source": "box_yolo_content_ocr"
    },
    {
      "type": "icon",
      "bbox": [
        0.21270786225795746,
        0.055100034922361374,
        0.27052608132362366,
        0.08175911009311676
      ],
      "interactivity": true,
      "content": "Programs ",
      "source": "box_yolo_content_ocr"
    },
    {
      "type": "icon",