{
  "label_coordinates": {
    "0": [
      0.027083333333333334,
      0.3574074074074074,
      0.09479166666666666,
      0.022222222222222223
    ],
    "1": [
      0.9307291666666667,
      0.9453703703703704,
      0.036458333333333336,
      0.018518518518518517
    ],
    "2": [
      0.9208333333333333,
      0.9666665536385995,
      0.04791666666666667,
      0.022222222222222223
    ],
    "3": [
      0.0,
      0.4248068067762587,
      0.06252299149831136,
      0.12428467362015336
    ],
    "4": [
      0.0,
      0.13864556771737557,
      0.06239120960235596,
      0.13621258205837675
    ],
    "5": [
      0.006435036659240723,
      0.7148829142252604,
      0.044698822498321536,
      0.11498537416811343
    ],
    "6": [
      0.00043816169102986653,
      0.570224846733941,
      0.05220526456832886,
      0.12106232819733796
    ],
    "7": [
      0.8199626922607421,
      0.9354019730179398,
      0.030008951822916668,
      0.06459802698206019
    ],
    "8": [
      0.010672938823699952,
      0.009750846580222801,
      0.03807942867279053,
      0.10016268977412471
    ],
    "9": [
      0.8689244588216146,
      0.9475738525390625,
      0.021035003662109374,
      0.03431871202256945
    ],
    "10": [
      0.534491221110026,
      0.939061595775463,
      0.039345932006835935,
      0.060938404224537036
    ],
    "11": [
      0.4314602851867676,
      0.9373790034541377,
      0.03508548736572266,
      0.05691364429615162
    ],
    "12": [
      0.46678250630696616,
      0.9390154803240741,
      0.03349723815917969,
      0.05634833441840278
    ],
    "13": [
      0.501123555501302,
      0.9392901950412327,
      0.033597564697265624,
      0.0604715417932581
    ],
    "14": [
      0.3975560506184896,
      0.9380160861545139,
      0.0336093266805013,
      0.054850260416666664
    ],
    "15": [
      0.5734442392985026,
      0.9385884037724248,
      0.024030176798502605,
      0.06141170925564236
    ],
    "16": [
      0.8909492492675781,
      0.9356411404079861,
      0.022349166870117187,
      0.06435885959201389
    ],
    "17": [
      0.0010902663071950278,
      0.28408516777886283,
      0.05883978207906087,
      0.09541569462528936
    ],
    "18": [
      0.7900466283162435,
      0.9355218392831308,
      0.02845446268717448,
      0.06447804768880208
    ],
    "19": [
      6.014307339986165e-05,
      0.008218044704861111,
      0.00995347003142039,
      0.1000583012898763
    ]
  },
  "parsed_content_list": [
    {
      "type": "text",
      "bbox": [
        0.02708333358168602,
        0.35740742087364197,
        0.12187500298023224,
        0.37962964177131653
      ],
      "interactivity": false,
      "content": "Location: Applications",
      "source": "box_ocr_content_ocr"
    },
    {
      "type": "text",
      "bbox": [
        0.9307291507720947,
        0.9453703761100769,
        0.9671875238418579,
        0.9638888835906982
      ],
      "interactivity": false,
      "content": "1.44 PM",
      "source": "box_ocr_content_ocr"
    },
    {
      "type": "text",
      "bbox": [
        0.9208333492279053,
        0.9666666388511658,
        0.96875,
        0.9888888597488403
      ],
      "interactivity": false,
      "content": "3/20/2026",
      "source": "box_ocr_content_ocr"
    },
    {
      "type": "icon",
      "bbox": [
        0.0,
        0.4248068332672119,
        0.0625229924917221,
        0.5490915179252625
      ],
      "interactivity": true,
      "content": "Downloads Shortcut ",
      "source": "box_yolo_content_ocr"
    },
    {
      "type": "icon",
      "bbox": [
        0.0,
        0.13864557445049286,
        0.06239121034741402,
        0.27485814690589905
      ],
      "interactivity": true,
      "content": "Control Panel ",
      "source": "box_yolo_content_ocr"
    },
    {
      "type": "icon",
      "bbox": [
        0.006435038056224585,
        0.7148829102516174,
        0.051133859902620316,
        0.8298682570457458
      ],
      "interactivity": true,
      "content": "Pictures Shortcut ",
      "source": "box_yolo_content_ocr"
    },
    {
      "type": "icon",
      "bbox": [
        0.0004381597100291401,
        0.5702248811721802,
        0.05264342576265335,
        0.6912872195243835
      ],
      "interactivity": true,
      "content": "Videos Shortcut ",
      "source": "box_yolo_content_ocr"
    },
    {
      "type": "icon",
      "bbox": [
        0.8199626803398132,
        0.9354019165039062,
        0.8499715924263,
        1.0
      ],
      "interactivity": true,
      "content": "ENG US ",
      "source": "box_yolo_content_ocr"
    },
    {
      "type": "icon",
      "bbox": [
        0.010672939009964466,
        0.009750843048095703,
        0.04875236749649048,
        0.10991353541612625
      ],
      "interactivity": true,
      "content": "This PC ",
      "source": "box_yolo_content_ocr"
    },
    {
      "type": "icon",
      "bbox": [
        0.8689244985580444,
        0.9475738406181335,
        0.8899595141410828,
        0.9818925857543945
      ],
      "interactivity": true,
      "content": "Qx ",
      "source": "box_yolo_content_ocr"
    },
    {
      "type": "icon",
      "bbox": [
        0.5344911813735962,
        0.9390616416931152,
        0.5738371014595032,
        1.0
      ],
      "interactivity": true,
      "content": "Google Chrome",
      "source": "box_yolo_content_yolo"
    },
    {
      "type": "icon",
      "bbox": [
        0.43146029114723206,
        0.9373789429664612,
        0.4665457606315613,
        0.9942925572395325
      ],
      "interactivity": true,
      "content": "folder",
      "source": "box_yolo_content_yolo"
    },
    {
      "type": "icon",
      "bbox": [
        0.46678248047828674,
        0.9390155076980591,
        0.5002797245979309,
        0.9953638315200806
      ],
      "interactivity": true,
      "content": "Google Chrome",
      "source": "box_yolo_content_yolo"
    },
    {
      "type": "icon",
      "bbox": [
        0.5011235475540161,
        0.9392902255058289,
        0.5347211360931396,
        0.9997617602348328
      ],
      "interactivity": true,
      "content": "PowerPoint",
      "source": "box_yolo_content_yolo"
    },
    {
      "type": "icon",
      "bbox": [
        0.39755603671073914,
        0.9380160570144653,
        0.4311653971672058,
        0.9928663372993469
      ],
      "interactivity": true,
      "content": "Windows",
      "source": "box_yolo_content_yolo"
    },
    {
      "type": "icon",
      "bbox": [
        0.5734442472457886,
        0.9385883212089539,
        0.5974744558334351,
        1.0
      ],
      "interactivity": true,
      "content": "Pencil",
      "source": "box_yolo_content_yolo"
    },
    {
      "type": "icon",
      "bbox": [
        0.8909492492675781,
        0.9356411695480347,
        0.9132984280586243,
        1.0
      ],
      "interactivity": true,
      "content": "Subtitles",
      "source": "box_yolo_content_yolo"
    },
    {
      "type": "icon",
      "bbox": [
        0.0010902642970904708,
        0.28408515453338623,
        0.05993004888296127,
        0.3795008361339569
      ],
      "interactivity": true,
      "content": "Locateate",
      "source": "box_yolo_content_yolo"
    },
    {
      "type": "icon",
      "bbox": [
        0.7900465726852417,
        0.9355219006538391,
        0.8185010552406311,
        1.0
      ],
      "interactivity": true,
      "content": "Go to next month month",
      "source": "box_yolo_content_yolo"
    },
    {
      "type": "icon",
      "bbox": [
        6.0143320297356695e-05,
        0.00821804441511631,
        0.010013612918555737,
        0.10827634483575821
      ],
      "interactivity": true,
      "content": "M0,0L9,0 4.5,5z",
      "source": "box_yolo_content_yolo"
    }
  ]
}