{
  "label_coordinates": {
    "0": [
      0.016666664679845174,
      0.005888124677454056,
      0.059375,
      0.023552502453385672
    ],
    "1": [
      0.1421875,
      0.05986261040235525,
      0.057291666666666664,
      0.019627085377821395
    ],
    "2": [
      0.22552083333333334,
      0.13444553483807656,
      0.18020833333333333,
      0.03631010794896958
    ],
    "3": [
      0.546875,
      0.21589793915603533,
      0.08229166666666667,
      0.02747791952894995
    ],
    "4": [
      0.5578125,
      0.2512266928361138,
      0.09114583333333333,
      0.02649656526005888
    ],
    "5": [
      0.546875,
      0.37684003925417076,
      0.10104166666666667,
      0.03140333660451423
    ],
    "6": [
      0.2734375,
      0.3994112173872209,
      0.12708333333333333,
      0.019627085377821395
    ],
    "7": [
      0.5463541666666667,
      0.41020605444791153,
      0.07864583333333333,
      0.02649656526005888
    ],
    "8": [
      0.6375,
      0.4102060843964671,
      0.07083333333333333,
      0.023552502453385672
    ],
    "9": [
      0.5468749364217123,
      0.4514229936384476,
      0.08333333333333333,
      0.02551521099116781
    ],
    "10": [
      0.5458333333333333,
      0.48282630029440626,
      0.128125,
      0.02551521099116781
    ],
    "11": [
      0.546875,
      0.5103042198233563,
      0.09791666666666667,
      0.02551521099116781
    ],
    "12": [
      0.2734375,
      0.60549558390579,
      0.0375,
      0.019627085377821395
    ],
    "13": [
      0.3182291666666667,
      0.6094210009813543,
      0.03854166666666667,
      0.019627085377821395
    ],
    "14": [
      0.27326863606770835,
      0.20589847583415113,
      0.20982163747151691,
      0.12120827327649657
    ],
    "15": [
      0.2731879234313965,
      0.33556928250927687,
      0.2133644739786784,
      0.060864629174589055
    ],
    "16": [
      0.7165696461995442,
      0.12828197235916033,
      0.0523773193359375,
      0.04194334140586666
    ],
    "17": [
      0.6714279174804687,
      0.13061048752894228,
      0.03749237060546875,
      0.03774155905950994
    ],
    "18": [
      0.2737081527709961,
      0.438758797687684,
      0.20918203989664713,
      0.11406895690858071
    ],
    "19": [
      0.27145455678304037,
      0.5622837714287905,
      0.20737711588541666,
      0.03749223733439647
    ],
    "20": [
      0.545618184407552,
      0.30562950186687315,
      0.18197123209635416,
      0.03105946728946884
    ],
    "21": [
      0.2231142520904541,
      0.44173364760948236,
      0.04614481925964355,
      0.11132638798377699
    ],
    "22": [
      0.49900315602620443,
      0.37214638183114573,
      0.04197686513264974,
      0.07467899940198724
    ],
    "23": [
      0.8323982238769532,
      0.04006479579637282,
      0.16287078857421874,
      0.05828586387447099
    ],
    "24": [
      0.22510507901509602,
      0.33619691438834026,
      0.043640693028767906,
      0.08306279804802502
    ],
    "25": [
      0.49998130798339846,
      0.21030462712371198,
      0.040643310546875,
      0.08115812981093597
    ],
    "26": [
      0.08216892878214518,
      0.05366287755545035,
      0.019826618830362956,
      0.03404180435015947
    ],
    "27": [
      0.778967539469401,
      0.05123801788240232,
      0.018871307373046875,
      0.03497539067291769
    ],
    "28": [
      0.06088004906972249,
      0.05531429706307693,
      0.014972305297851563,
      0.02857184667465614
    ],
    "29": [
      0.49979705810546876,
      0.4526473205386715,
      0.04084300994873047,
      0.07639397348810108
    ],
    "30": [
      0.8058061599731445,
      0.05002824598018508,
      0.020084381103515625,
      0.03957472512017756
    ],
    "31": [
      0.22787909507751464,
      0.21171595280490985,
      0.03770608901977539,
      0.08245514185552626
    ],
    "32": [
      0.9700716018676758,
      0.0,
      0.023253631591796876,
      0.03308585768709941
    ],
    "33": [
      0.03437357346216838,
      0.05346894568386209,
      0.018917624155680338,
      0.03167944731258433
    ],
    "34": [
      0.11142141024271647,
      0.05102380335155483,
      0.018211571375528972,
      0.033635956499363656
    ],
    "35": [
      0.9935448964436849,
      0.0,
      0.0064551035563151045,
      0.032259708063876194
    ],
    "36": [
      0.4986668904622396,
      0.2940499228046032,
      0.042986615498860674,
      0.06755603494541217
    ],
    "37": [
      6.459057331085206e-05,
      0.04652702773284163,
      0.004560156166553498,
      0.048098233777945594
    ],
    "38": [
      0.22182722091674806,
      0.5650438303100466,
      0.04776983261108399,
      0.07994335649993867
    ]
  },
  "parsed_content_list": [
    {
      "type": "text",
      "bbox": [
        0.01666666753590107,
        0.005888125393539667,
        0.07604166865348816,
        0.029440628364682198
      ],
      "interactivity": false,
      "content": "Control Panel",
      "source": "box_ocr_content_ocr"
    },
    {
      "type": "text",
      "bbox": [
        0.14218750596046448,
        0.05986260995268822,
        0.19947916269302368,
        0.07948969304561615
      ],
      "interactivity": false,
      "content": "Control Panel",
      "source": "box_ocr_content_ocr"
    },
    {
      "type": "text",
      "bbox": [
        0.22552083432674408,
        0.13444553315639496,
        0.40572917461395264,
        0.17075563967227936
      ],
      "interactivity": false,
      "content": "Adjust your computer's settings",
      "source": "box_ocr_content_ocr"
    },
    {
      "type": "text",
      "bbox": [
        0.546875,
        0.21589793264865875,
        0.6291666626930237,
        0.24337585270404816
      ],
      "interactivity": false,
      "content": "User Accounts",
      "source": "box_ocr_content_ocr"
    },
    {
      "type": "text",
      "bbox": [
        0.557812511920929,
        0.2512266933917999,
        0.6489583253860474,
        0.2777232527732849
      ],
      "interactivity": false,
      "content": "Change account type",
      "source": "box_ocr_content_ocr"
    },
    {
      "type": "text",
      "bbox": [
        0.546875,
        0.3768400251865387,
        0.6479166746139526,
        0.4082433879375458
      ],
      "interactivity": false,
      "content": "Clock and Region",
      "source": "box_ocr_content_ocr"
    },
    {
      "type": "text",
      "bbox": [
        0.2734375,
        0.3994112014770508,
        0.40052083134651184,
        0.4190382659435272
      ],
      "interactivity": false,
      "content": "View network status and tasks",
      "source": "box_ocr_content_ocr"
    },
    {
      "type": "text",
      "bbox": [
        0.5463541746139526,
        0.4102060794830322,
        0.625,
        0.4367026388645172
      ],
      "interactivity": false,
      "content": "Change date, time,",
      "source": "box_ocr_content_ocr"
    },
    {
      "type": "text",
      "bbox": [
        0.637499988079071,
        0.4102060794830322,
        0.7083333134651184,
        0.43375858664512634
      ],
      "interactivity": false,
      "content": "number formats",
      "source": "box_ocr_content_ocr"
    },
    {
      "type": "text",
      "bbox": [
        0.546875,
        0.45142295956611633,
        0.6302083134651184,
        0.4769381880760193
      ],
      "interactivity": false,
      "content": "Ease of Access",
      "source": "box_ocr_content_ocr"
    },
    {
      "type": "text",
      "bbox": [
        0.5458333492279053,
        0.482826292514801,
        0.6739583611488342,
        0.5083414912223816
      ],
      "interactivity": false,
      "content": "Let Windows suggest settings",
      "source": "box_ocr_content_ocr"
    },
    {
      "type": "text",
      "bbox": [
        0.546875,
        0.5103042125701904,
        0.6447916626930237,
        0.535819411277771
      ],