{
  "label_coordinates": {
    "0": [
      0.8989583333333333,
      0.07407406700981987,
      0.057291666666666664,
      0.02962962962962963
    ],
    "1": [
      0.8921875,
      0.11944445857295284,
      0.029166666666666667,
      0.018518518518518517
    ],
    "2": [
      0.9255208333333333,
      0.12314814814814815,
      0.019791666666666666,
      0.014814814814814815
    ],
    "3": [
      0.9151041666666667,
      0.13796296296296295,
      0.04583333333333333,
      0.016666666666666666
    ],
    "4": [
      0.9244791666666666,
      0.16944443031593606,
      0.017708333333333333,
      0.016666666666666666
    ],
    "5": [
      0.8921875,
      0.1824074074074074,
      0.027083333333333334,
      0.018518518518518517
    ],
    "6": [
      0.9244791666666666,
      0.18611111111111112,
      0.015625,
      0.014814814814814815
    ],
    "7": [
      0.3561782201131185,
      0.9502081976996528,
      0.1479572296142578,
      0.04232177734375
    ],
    "8": [
      0.8488207499186198,
      0.0001494990454779731,
      0.0959295908610026,
      0.034530759740758823
    ],
    "9": [
      0.8479105631510416,
      0.2271461910671658,
      0.15208943684895834,
      0.0449201089364511
    ],
    "10": [
      0.9087225596110026,
      0.153363362065068,
      0.048777008056640626,
      0.016014240406177663
    ],
    "11": [
      0.9121133168538411,
      0.036678187052408856,
      0.0287506103515625,
      0.03728020985921224
    ],
    "12": [
      0.5591409047444661,
      0.9514164677372685,
      0.026914596557617188,
      0.04792774341724537
    ],
    "13": [
      0.5883636474609375,
      0.9486538357204861,
      0.026907857259114584,
      0.049504258897569445
    ],
    "14": [
      0.5036008199055989,
      0.9489854600694444,
      0.026419703165690103,
      0.050250244140625
    ],
    "15": [
      0.5321494102478027,
      0.9499512849030671,
      0.023917102813720705,
      0.048658808955439815
    ],
    "16": [
      0.9760005950927735,
      4.555560924388744e-05,
      0.023694229125976563,
      0.03392708389847367
    ],
    "17": [
      0.6177773793538411,
      0.9485200104890046,
      0.025934600830078126,
      0.05014942310474537
    ],
    "18": [
      0.3271999677022298,
      0.9488920988859953,
      0.027869606018066408,
      0.04428236219618056
    ],
    "19": [
      0.6495611190795898,
      0.9482729311342593,
      0.0197052001953125,
      0.05081719292534722
    ],
    "20": [
      0.9433762868245442,
      3.530714246961806e-05,
      0.029438018798828125,
      0.03418518702189128
    ],
    "21": [
      0.8481341044108073,
      0.27090493661385995,
      0.1518658955891927,
      0.056522510669849535
    ],
    "22": [
      0.08813873926798503,
      0.1981740598325376,
      0.7484934488932292,
      0.7066167760778357
    ]
  },
  "parsed_content_list": [
    {
      "type": "text",
      "bbox": [
        0.8989583253860474,
        0.07407407462596893,
        0.956250011920929,
        0.10370370000600815
      ],
      "interactivity": false,
      "content": "Manual",
      "source": "box_ocr_content_ocr"
    },
    {
      "type": "text",
      "bbox": [
        0.8921874761581421,
        0.11944444477558136,
        0.9213541746139526,
        0.1379629671573639
      ],
      "interactivity": false,
      "content": "SPACE",
      "source": "box_ocr_content_ocr"
    },
    {
      "type": "text",
      "bbox": [
        0.9255208373069763,
        0.12314815074205399,
        0.9453125,
        0.1379629671573639
      ],
      "interactivity": false,
      "content": "Scan",
      "source": "box_ocr_content_ocr"
    },
    {
      "type": "text",
      "bbox": [
        0.9151041507720947,
        0.1379629671573639,
        0.9609375,
        0.1546296328306198
      ],
      "interactivity": false,
      "content": "Select action",
      "source": "box_ocr_content_ocr"
    },
    {
      "type": "text",
      "bbox": [
        0.9244791865348816,
        0.16944444179534912,
        0.942187488079071,
        0.18611110746860504
      ],
      "interactivity": false,
      "content": "back",
      "source": "box_ocr_content_ocr"
    },
    {
      "type": "text",
      "bbox": [
        0.8921874761581421,
        0.182407408952713,
        0.9192708134651184,
        0.20092593133449554
      ],
      "interactivity": false,
      "content": "QIESC",
      "source": "box_ocr_content_ocr"
    },
    {
      "type": "text",
      "bbox": [
        0.9244791865348816,
        0.18611110746860504,
        0.9401041865348816,
        0.20092593133449554
      ],
      "interactivity": false,
      "content": "Quit",
      "source": "box_ocr_content_ocr"
    },
    {
      "type": "icon",
      "bbox": [
        0.3561782240867615,
        0.9502081871032715,
        0.5041354298591614,
        0.9925299882888794
      ],
      "interactivity": true,
      "content": "Search ",
      "source": "box_yolo_content_ocr"
    },
    {
      "type": "icon",
      "bbox": [
        0.8488207459449768,
        0.00014949904289096594,
        0.9447503685951233,
        0.034680262207984924
      ],
      "interactivity": true,
      "content": "BCI Manual ",
      "source": "box_yolo_content_ocr"
    },
    {
      "type": "icon",
      "bbox": [
        0.8479105234146118,
        0.2271461933851242,
        1.0,
        0.27206629514694214
      ],
      "interactivity": true,
      "content": "Taking screenshot__. ",
      "source": "box_yolo_content_ocr"
    },
    {
      "type": "icon",
      "bbox": [
        0.9087225794792175,
        0.15336337685585022,
        0.9574995636940002,
        0.16937761008739471
      ],
      "interactivity": true,
      "content": "More options ",
      "source": "box_yolo_content_ocr"
    },
    {
      "type": "icon",
      "bbox": [
        0.9121133089065552,
        0.03667818754911423,
        0.9408639073371887,
        0.0739583969116211
      ],
      "interactivity": true,
      "content": "BCI ",
      "source": "box_yolo_content_ocr"
    },
    {
      "type": "icon",
      "bbox": [
        0.5591409206390381,
        0.9514163732528687,
        0.5860554575920105,
        0.9993442296981812
      ],
      "interactivity": true,
      "content": "Microsoft Edge browser",
      "source": "box_yolo_content_yolo"
    },
    {
      "type": "icon",
      "bbox": [
        0.5883636474609375,
        0.9486538171768188,
        0.6152715682983398,
        0.9981580972671509
      ],
      "interactivity": true,
      "content": "Google Chrome",
      "source": "box_yolo_content_yolo"
    },
    {
      "type": "icon",
      "bbox": [
        0.5036007761955261,
        0.9489854574203491,
        0.5300204753875732,
        0.9992356896400452
      ],
      "interactivity": true,
      "content": "Gallery",
      "source": "box_yolo_content_yolo"
    },
    {
      "type": "icon",
      "bbox": [
        0.5321493744850159,
        0.9499512910842896,
        0.5560664534568787,
        0.9986101984977722
      ],
      "interactivity": true,
      "content": "Spotify",
      "source": "box_yolo_content_yolo"
    },
    {
      "type": "icon",
      "bbox": [
        0.9760006070137024,
        4.5557815610663965e-05,
        0.99969482421875,
        0.033972639590501785
      ],
      "interactivity": true,
      "content": "Close",
      "source": "box_yolo_content_yolo"
    },
    {
      "type": "icon",
      "bbox": [
        0.617777407169342,
        0.9485200047492981,
        0.6437119841575623,
        0.998669445514679
      ],
      "interactivity": true,
      "content": "PyCharm",
      "source": "box_yolo_content_yolo"
    },
    {
      "type": "icon",
      "bbox": [
        0.3271999955177307,
        0.9488921165466309,
        0.3550696074962616,
        0.9931744337081909
      ],
      "interactivity": true,
      "content": "Windows",