{
  "label_coordinates": {
    "0": [
      0.14322916666666666,
      0.20510304219823355,
      0.03333333333333333,
      0.019627085377821395
    ],
    "1": [
      0.1953125,
      0.20510304219823355,
      0.027083333333333334,
      0.019627085377821395
    ],
    "2": [
      0.04010416666666667,
      0.35426889106967613,
      0.029166666666666667,
      0.019627085377821395
    ],
    "3": [
      0.07447916666666667,
      0.35426889106967613,
      0.0375,
      0.019627085377821395
    ],
    "4": [
      0.03958333333333333,
      0.5397447879929772,
      0.035416666666666666,
      0.023552502453385672
    ],
    "5": [
      0.175,
      0.20608439646712462,
      0.020833333333333332,
      0.017664376840039256
    ],
    "6": [
      0.006118937333424886,
      0.5741448369648553,
      0.11845032374064128,
      0.04839231361935721
    ],
    "7": [
      0.006941795349121094,
      0.47976382089901254,
      0.11910030047098795,
      0.04915743931703876
    ],
    "8": [
      0.0064897298812866214,
      0.6207240051329428,
      0.11551938056945801,
      0.04821166393216389
    ],
    "9": [
      0.008009707927703858,
      0.4307520214077067,
      0.11829156875610351,
      0.050924344198509566
    ],
    "10": [
      0.00737532377243042,
      0.2448980239703447,
      0.11568512916564941,
      0.04939876477781526
    ],
    "11": [
      0.0015985528628031413,
      0.7617343831460072,
      0.12376381556193033,
      0.04958690160390088
    ],
    "12": [
      0.003356186548868815,
      0.8094512370430569,
      0.12118744055430095,
      0.048473534102060845
    ],
    "13": [
      0.00881181557973226,
      0.19338565485751197,
      0.11505234241485596,
      0.05317165385986568
    ],
    "14": [
      0.006265683968861898,
      0.29270328600343476,
      0.1164323329925537,
      0.046906445983347644
    ],
    "15": [
      0.0030243635177612306,
      0.8563991917244235,
      0.12139084339141845,
      0.04607932677563788
    ],
    "16": [
      0.1819329897562663,
      0.24580446192747946,
      0.036748409271240234,
      0.027993229350351142
    ],
    "17": [
      0.006266283988952637,
      0.6669369623635304,
      0.11520307858784994,
      0.047739554902171244
    ],
    "18": [
      0.9555091857910156,
      0.9485688663441487,
      0.020041656494140626,
      0.03931634395700442
    ],
    "19": [
      0.977165412902832,
      0.9489259729207556,
      0.019470850626627605,
      0.03875019646252453
    ],
    "20": [
      0.8916534423828125,
      0.0,
      0.031303024291992186,
      0.05739109836686933
    ],
    "21": [
      0.9285668055216472,
      0.0,
      0.031168746948242187,
      0.04856417714906043
    ],
    "22": [
      0.144337526957194,
      0.2411903328937684,
      0.030999151865641277,
      0.06478279869970559
    ],
    "23": [
      0.11126945813496908,
      0.5371145261515579,
      0.01445612907409668,
      0.0331310088781894
    ],
    "24": [
      0.9938716888427734,
      0.0,
      0.0061283111572265625,
      0.04830113149835738
    ],
    "25": [
      0.006278079251448313,
      0.3484833093105986,
      0.014118778705596923,
      0.02967859928928484
    ]
  },
  "parsed_content_list": [
    {
      "type": "text",
      "bbox": [
        0.1432291716337204,
        0.2051030397415161,
        0.17656250298023224,
        0.22473013401031494
      ],
      "interactivity": false,
      "content": "Devices",
      "source": "box_ocr_content_ocr"
    },
    {
      "type": "text",
      "bbox": [
        0.1953125,
        0.2051030397415161,
        0.22239583730697632,
        0.22473013401031494
      ],
      "interactivity": false,
      "content": "drives",
      "source": "box_ocr_content_ocr"
    },
    {
      "type": "text",
      "bbox": [
        0.04010416567325592,
        0.354268878698349,
        0.06927083432674408,
        0.3738959729671478
      ],
      "interactivity": false,
      "content": "Ashen",
      "source": "box_ocr_content_ocr"
    },
    {
      "type": "text",
      "bbox": [
        0.07447917014360428,
        0.354268878698349,
        0.1119791641831398,
        0.3738959729671478
      ],
      "interactivity": false,
      "content": "Personal",
      "source": "box_ocr_content_ocr"
    },
    {
      "type": "text",
      "bbox": [
        0.03958333283662796,
        0.5397448539733887,
        0.07500000298023224,
        0.5632973313331604
      ],
      "interactivity": false,
      "content": "Pictures",
      "source": "box_ocr_content_ocr"
    },
    {
      "type": "text",
      "bbox": [
        0.17499999701976776,
        0.20608440041542053,
        0.19583334028720856,
        0.22374877333641052
      ],
      "interactivity": false,
      "content": "and",
      "source": "box_ocr_content_ocr"
    },
    {
      "type": "icon",
      "bbox": [
        0.006118941120803356,
        0.5741447806358337,
        0.12456925213336945,
        0.6225371360778809
      ],
      "interactivity": true,
      "content": "Nitro ",
      "source": "box_yolo_content_ocr"
    },
    {
      "type": "icon",
      "bbox": [
        0.006941795349121094,
        0.47976383566856384,
        0.12604209780693054,
        0.5289212465286255
      ],
      "interactivity": true,
      "content": "Videos ",
      "source": "box_yolo_content_ocr"
    },
    {
      "type": "icon",
      "bbox": [
        0.0064897299744188786,
        0.6207239627838135,
        0.12200911343097687,
        0.6689356565475464
      ],
      "interactivity": true,
      "content": "tutorial ",
      "source": "box_yolo_content_ocr"
    },
    {
      "type": "icon",
      "bbox": [
        0.008009707555174828,
        0.4307520091533661,
        0.12630127370357513,
        0.4816763699054718
      ],
      "interactivity": true,
      "content": "Downloads ",
      "source": "box_yolo_content_ocr"
    },
    {
      "type": "icon",
      "bbox": [
        0.0073753236792981625,
        0.24489803612232208,
        0.1230604499578476,
        0.2942968010902405
      ],
      "interactivity": true,
      "content": "Gallery ",
      "source": "box_yolo_content_ocr"
    },
    {
      "type": "icon",
      "bbox": [
        0.0015985488425940275,
        0.7617343664169312,
        0.125362366437912,
        0.8113212585449219
      ],
      "interactivity": true,
      "content": "This PC ",
      "source": "box_yolo_content_ocr"
    },
    {
      "type": "icon",
      "bbox": [
        0.0033561824820935726,
        0.8094512224197388,
        0.12454362213611603,
        0.85792475938797
      ],
      "interactivity": true,
      "content": "Acer ",
      "source": "box_yolo_content_ocr"
    },
    {
      "type": "icon",
      "bbox": [
        0.00881181936711073,
        0.19338566064834595,
        0.12386415898799896,
        0.2465573102235794
      ],
      "interactivity": true,
      "content": "Home ",
      "source": "box_yolo_content_ocr"
    },
    {
      "type": "icon",
      "bbox": [
        0.006265687756240368,
        0.2927033007144928,
        0.12269802391529083,
        0.3396097421646118
      ],
      "interactivity": true,
      "content": "Ashen Personal ",
      "source": "box_yolo_content_ocr"
    },
    {
      "type": "icon",
      "bbox": [
        0.003024363424628973,
        0.8563991785049438,
        0.12441520392894745,
        0.9024785161018372
      ],
      "interactivity": true,
      "content": "Network ",
      "source": "box_yolo_content_ocr"
    },
    {
      "type": "icon",
      "bbox": [
        0.1819329857826233,
        0.24580448865890503,
        0.21868138015270233,
        0.2737977206707001
      ],
      "interactivity": true,
      "content": "Acer ",
      "source": "box_yolo_content_ocr"
    },
    {
      "type": "icon",
      "bbox": [
        0.006266283802688122,
        0.6669369339942932,
        0.12146935611963272,
        0.7146764993667603
      ],