{
  "label_coordinates": {
    "0": [
      0.5749999491373697,
      0.2577777777777778,
      0.13083333333333333,
      0.028888888888888888
    ],
    "1": [
      0.5749999491373697,
      0.3622222222222222,
      0.28833338419596355,
      0.03333333333333333
    ],
    "2": [
      0.1725,
      0.37777777777777777,
      0.20583333333333334,
      0.028888888888888888
    ],
    "3": [
      0.175,
      0.4288888888888889,
      0.195,
      0.03111111111111111
    ],
    "4": [
      0.5750000508626302,
      0.43777777777777777,
      0.16166666666666665,
      0.035555555555555556
    ],
    "5": [
      0.17416666666666666,
      0.47,
      0.20166666666666666,
      0.022222222222222223
    ],
    "6": [
      0.5733332824707031,
      0.4755555894639757,
      0.1275,
      0.032222154405381946
    ],
    "7": [
      0.7208333333333333,
      0.47888888888888886,
      0.11166666666666666,
      0.022222222222222223
    ],
    "8": [
      0.5733332824707031,
      0.5577777777777778,
      0.20333333333333334,
      0.03111111111111111
    ],
    "9": [
      0.5733333841959636,
      0.5911111111111111,
      0.15833333333333333,
      0.02666666666666667
    ],
    "10": [
      0.1725,
      0.66,
      0.09166666666666666,
      0.04111111111111111
    ],
    "11": [
      0.17416666666666666,
      0.703333265516493,
      0.06,
      0.022222222222222223
    ],
    "12": [
      0.2475,
      0.71,
      0.06,
      0.02
    ],
    "13": [
      0.007759602864583334,
      0.0007486915588378906,
      0.15795309702555338,
      0.05086793687608507
    ],
    "14": [
      0.23376500447591145,
      0.07263830396864149,
      0.11482874552408855,
      0.03338228013780382
    ],
    "15": [
      0.8112325032552083,
      0.16095040215386286,
      0.08185618082682292,
      0.04290961371527778
    ],
    "16": [
      0.5755221557617187,
      0.5208949788411459,
      0.13065032958984374,
      0.033673095703125
    ],
    "17": [
      0.739274648030599,
      0.16310565524631077,
      0.05997792561848958,
      0.03888905843098958
    ],
    "18": [
      0.1748191197713216,
      0.24723280164930556,
      0.29404673258463543,
      0.14326178656684027
    ],
    "19": [
      0.17337554931640625,
      0.5136353895399306,
      0.29802698771158853,
      0.12777479383680557
    ],
    "20": [
      0.5708259582519531,
      0.29071353488498264,
      0.16835703531901042,
      0.03984476725260417
    ],
    "21": [
      0.09761699676513672,
      0.1636131117078993,
      0.2900346883138021,
      0.04072177463107639
    ],
    "22": [
      0.7248173014322916,
      0.059303656684027775,
      0.25877278645833335,
      0.0646761237250434
    ],
    "23": [
      0.017150944073994954,
      0.06901448567708333,
      0.03823818842569987,
      0.04859781901041667
    ],
    "24": [
      0.06351281483968099,
      0.07104607476128472,
      0.03379038492838542,
      0.042787136501736114
    ],
    "25": [
      0.5008060709635417,
      0.5256565348307292,
      0.06467132568359375,
      0.08561143663194444
    ],
    "26": [
      0.1038056755065918,
      0.07235930548773871,
      0.028024768829345702,
      0.03764772203233507
    ],
    "27": [
      0.1404351298014323,
      0.07059364742702907,
      0.0341351572672526,
      0.04660324520534939
    ],
    "28": [
      0.18769790649414062,
      0.07132426791720921,
      0.03019500732421875,
      0.034528859456380206
    ],
    "29": [
      0.49980753580729165,
      0.4353315565321181,
      0.067684326171875,
      0.08320170084635417
    ],
    "30": [
      0.6372446695963542,
      0.06739861382378472,
      0.030320638020833332,
      0.04299024793836805
    ],
    "31": [
      0.49961034138997396,
      0.2438269551595052,
      0.06835215250651042,
      0.0974948967827691
    ],
    "32": [
      0.09440635681152344,
      0.6641160074869792,
      0.07549362182617188,
      0.08102891710069444
    ],
    "33": [
      0.09342027028401692,
      0.5312071058485243,
      0.07358901977539062,
      0.1109913804796007
    ],
    "34": [
      0.9441768391927083,
      0.0029617394341362848,
      0.036626790364583335,
      0.045416929456922744
    ],
    "35": [
      0.8875017293294271,
      0.0009039645724826389,
      0.03328938802083333,
      0.04693301306830512
    ],
    "36": [
      0.4974440511067708,
      0.34678202311197914,
      0.07260732014973958,
      0.0739501953125
    ],
    "37": [
      0.6798606363932291,
      0.06636816236707899,
      0.031664835611979164,
      0.05185919867621528
    ],
    "38": [
      0.09611508051554361,
      0.2475143093532986,
      0.07035713831583659,
      0.17173502604166666
    ],
    "39": [
      0.0977568499247233,
      0.4254225667317708,
      0.06829880396525065,
      0.08387810601128472
    ],
    "40": [
      0.8293418375651042,
      0.0018878173828125,
      0.03172190348307292,
      0.04437402937147352
    ]
  },
  "parsed_content_list": [
    {
      "type": "text",
      "bbox": [
        0.574999988079071,
        0.25777778029441833,
        0.7058333158493042,
        0.2866666615009308
      ],
      "interactivity": false,
      "content": "User Accounts",
      "source": "box_ocr_content_ocr"
    },
    {
      "type": "text",
      "bbox": [
        0.574999988079071,
        0.36222222447395325,
        0.8633333444595337,
        0.3955555558204651
      ],
      "interactivity": false,
      "content": "Appearance and Personalization",
      "source": "box_ocr_content_ocr"
    },
    {
      "type": "text",
      "bbox": [
        0.17249999940395355,
        0.3777777850627899,
        0.37833333015441895,
        0.40666666626930237
      ],
      "interactivity": false,
      "content": "Backup and Restore (Windows",
      "source": "box_ocr_content_ocr"
    },
    {
      "type": "text",
      "bbox": [
        0.17499999701976776,
        0.42888888716697693,
        0.3700000047683716,
        0.46000000834465027
      ],
      "interactivity": false,
      "content": "Network and Internet",
      "source": "box_ocr_content_ocr"
    },
    {
      "type": "text",
      "bbox": [
        0.574999988079071,
        0.4377777874469757,
        0.7366666793823242,
        0.47333332896232605
      ],
      "interactivity": false,
      "content": "Clock and Region",
      "source": "box_ocr_content_ocr"
    },
    {
      "type": "text",
      "bbox": [
        0.17416666448116302,
        0.4699999988079071,
        0.37583333253860474,
        0.49222221970558167
      ],
      "interactivity": false,
      "content": "View network status and tasks",
      "source": "box_ocr_content_ocr"
    },
    {
      "type": "text",
      "bbox": [
        0.5733333230018616,
        0.47555556893348694,
        0.7008333206176758,
        0.507777750492096
      ],
      "interactivity": false,
      "content": "Change date, time,",
      "source": "box_ocr_content_ocr"
    },
    {
      "type": "text",
      "bbox": [
        0.7208333611488342,
        0.4788888990879059,
        0.8324999809265137,
        0.5011110901832581
      ],
      "interactivity": false,
      "content": "number formats",
      "source": "box_ocr_content_ocr"
    },
    {
      "type": "text",
      "bbox": [
        0.5733333230018616,
        0.5577777624130249,
        0.7766666412353516,
        0.5888888835906982
      ],
      "interactivity": false,
      "content": "Let Windows suggest settings",
      "source": "box_ocr_content_ocr"
    },
    {
      "type": "text",
      "bbox": [
        0.5733333230018616,
        0.5911111235618591,
        0.7316666841506958,
        0.6177777647972107
      ],
      "interactivity": false,
      "content": "Optimize visual display",
      "source": "box_ocr_content_ocr"
    },
    {
      "type": "text",