{
  "label_coordinates": {
    "0": [
      0.11979166666666667,
      0.024074070541946976,
      0.06875,
      0.024074074074074074
    ],
    "1": [
      0.40260416666666665,
      0.19907407407407407,
      0.04791666666666667,
      0.03518518518518519
    ],
    "2": [
      0.45729166666666665,
      0.19444444444444445,
      0.13020833333333334,
      0.046296296296296294
    ],
    "3": [
      0.3145833333333333,
      0.2611111111111111,
      0.20729166666666668,
      0.027777777777777776
    ],
    "4": [
      0.5364583333333334,
      0.2611111111111111,
      0.1375,
      0.027777777777777776
    ],
    "5": [
      0.3333333333333333,
      0.287962962962963,
      0.29687493642171225,
      0.030555555555555555
    ],
    "6": [
      0.5223958333333333,
      0.40740743566442417,
      0.0796875,
      0.026851851851851852
    ],
    "7": [
      0.2640625,
      0.6805555555555556,
      0.03958333333333333,
      0.018518518518518517
    ],
    "8": [
      0.5442708333333334,
      0.6824073508933738,
      0.030208333333333334,
      0.016666666666666666
    ],
    "9": [
      0.6557291666666667,
      0.6805555555555556,
      0.07916666666666666,
      0.018518518518518517
    ],
    "10": [
      0.9307291666666667,
      0.9453703703703704,
      0.036458333333333336,
      0.018518518518518517
    ],
    "11": [
      0.9208333333333333,
      0.9666665536385995,
      0.04791666666666667,
      0.022222222222222223
    ],
    "12": [
      0.6355150858561198,
      0.3878369366681134,
      0.1328931172688802,
      0.25107387966579864
    ],
    "13": [
      0.21760298411051432,
      0.3872671056676794,
      0.13265387217203775,
      0.2520168728298611
    ],
    "14": [
      0.35730667114257814,
      0.38708970811631943,
      0.13107032775878907,
      0.25480335376880786
    ],
    "15": [
      0.12854743003845215,
      0.8095403035481771,
      0.11482563018798828,
      0.05398717809606481
    ],
    "16": [
      0.5138693491617838,
      0.4523119891131366,
      0.09814224243164063,
      0.18343358922887731
    ],
    "17": [
      0.8211442947387695,
      0.9353883531358507,
      0.029938507080078124,
      0.0646116468641493
    ],
    "18": [
      0.26488046646118163,
      0.9399840743453415,
      0.1764643351236979,
      0.052049820511429395
    ],
    "19": [
      0.7455884297688802,
      0.8096126980251737,
      0.11652475992838542,
      0.05211520724826389
    ],
    "20": [
      0.35754534403483074,
      0.6572521068431713,
      0.12999534606933594,
      0.0972980640552662
    ],
    "21": [
      0.7146980921427409,
      0.9376530965169271,
      0.03421847025553385,
      0.06016116672092014
    ],
    "22": [
      0.5793497085571289,
      0.9387948495370371,
      0.03317604064941406,
      0.061205150462962966
    ],
    "23": [
      0.6113651275634766,
      0.9356138441297743,
      0.035404078165690106,
      0.0643861558702257
    ],
    "24": [
      0.6454538981119792,
      0.9355372111002604,
      0.033066813151041666,
      0.06446278889973958
    ],
    "25": [
      0.5437376022338867,
      0.9351921929253473,
      0.034383138020833336,
      0.06480780707465278
    ],
    "26": [
      0.6827117919921875,
      0.9363827740704572,
      0.029997762044270834,
      0.06361733895760996
    ],
    "27": [
      0.792631721496582,
      0.9345618919089989,
      0.027950795491536458,
      0.06543810809100116
    ],
    "28": [
      0.4740283012390137,
      0.9179389105902778,
      0.033968544006347655,
      0.08206108940972222
    ],
    "29": [
      0.09684790770212809,
      0.29736364859121817,
      0.057075937589009605,
      0.07350096525969328
    ],
    "30": [
      0.8550821940104166,
      0.9402553417064525,
      0.020238876342773438,
      0.05914142749927662
    ],
    "31": [
      0.8345722198486328,
      0.015023448732164171,
      0.023523330688476562,
      0.03744766094066478
    ],
    "32": [
      0.23096051216125488,
      0.9330643265335649,
      0.033713976542154946,
      0.06693567346643518
    ],
    "33": [
      0.8935883204142253,
      0.9369324295609086,
      0.019707107543945314,
      0.058481569643373844
    ],
    "34": [
      0.5080816904703777,
      0.9208213523582176,
      0.03578325907389323,
      0.07917864764178241
    ],
    "35": [
      0.8239651997884114,
      0.3466184545446325,
      0.04252166748046875,
      0.038745569299768516
    ],
    "36": [
      0.8748375574747721,
      0.9398405852141204,
      0.018410873413085938,
      0.05774129231770833
    ],
    "37": [
      0.8710063298543295,
      0.014067503258034035,
      0.025314712524414064,
      0.038724157545301646
    ],
    "38": [
      0.7953722635904948,
      0.00841616877803096,
      0.029368464152018228,
      0.0678449136239511
    ],
    "39": [
      0.44033327102661135,
      0.9240224767614293,
      0.03497797648111979,
      0.0759775232385706
    ],
    "40": [
      0.754803466796875,
      0.9323701646592882,
      0.03726145426432292,
      0.0676298353407118
    ],
    "41": [
      0.09994064966837565,
      0.8895187377929688,
      0.008763980865478516,
      0.018809678819444446
    ],
    "42": [
      0.8895940780639648,
      0.057823594411214194,
      0.012304941813151041,
      0.02450993502581561
    ],
    "43": [
      0.7443763732910156,
      0.6657231083622686,
      0.014467366536458333,
      0.02935519748263889
    ],
    "44": [
      0.7574213027954102,
      0.12472282692238136,
      0.025638453165690103,
      0.042561848958333336
    ],
    "45": [
      0.1375053882598877,
      0.1433751424153646,
      0.041501522064208984,
      0.03851476598668981
    ],
    "46": [
      0.3275144577026367,
      0.6663996378580729,
      0.014587148030598959,
      0.027936921296296297
    ],
    "47": [
      0.607315190633138,
      0.3974925288447627,
      0.010575485229492188,
      0.02605647334346065
    ],
    "48": [
      0.6046358744303385,
      0.6631248756691261,
      0.01723454793294271,
      0.0334514476634838
    ]
  },
  "parsed_content_list": [
    {
      "type": "text",
      "bbox": [
        0.1197916641831398,
        0.024074073880910873,
        0.18854166567325592,
        0.04814814776182175
      ],
      "interactivity": false,
      "content": "Google Chrome",
      "source": "box_ocr_content_ocr"
    },
    {
      "type": "text",
      "bbox": [
        0.4026041626930237,
        0.19907407462596893,
        0.4505208432674408,
        0.23425926268100739
      ],
      "interactivity": false,
      "content": "Who'=",
      "source": "box_ocr_content_ocr"
    },
    {
      "type": "text",
      "bbox": [
        0.4572916626930237,
        0.1944444477558136,
        0.5874999761581421,
        0.24074074625968933
      ],
      "interactivity": false,
      "content": "using Chrome?",
      "source": "box_ocr_content_ocr"
    },
    {
      "type": "text",
      "bbox": [
        0.31458333134651184,
        0.2611111104488373,
        0.5218750238418579,
        0.2888889014720917
      ],
      "interactivity": false,
      "content": "With Chrome profiles; you can separate",
      "source": "box_ocr_content_ocr"
    },
    {
      "type": "text",
      "bbox": [
        0.5364583134651184,
        0.2611111104488373,
        0.6739583611488342,
        0.2888889014720917
      ],
      "interactivity": false,
      "content": "your Chrome stuff: Create",
      "source": "box_ocr_content_ocr"
    },
    {
      "type": "text",
      "bbox": [
        0.3333333432674408,
        0.28796297311782837,
        0.6302083134651184,
        0.3185185194015503
      ],
      "interactivity": false,
      "content": "profiles for friends and family; or split between work and",
      "source": "box_ocr_content_ocr"
    },
    {
      "type": "text",