{
  "label_coordinates": {
    "0": [
      0.23541666666666666,
      0.03925417075564279,
      0.20260416666666667,
      0.047105004906771344
    ],
    "1": [
      0.17760416666666667,
      0.4759568503607244,
      0.29270833333333335,
      0.09519133413387819
    ],
    "2": [
      0.14947916666666666,
      0.6270853778213935,
      0.34479166666666666,
      0.04121687929342493
    ],
    "3": [
      0.5717016220092773,
      0.15909744876640702,
      0.15288302103678386,
      0.04909649400645547
    ],
    "4": [
      0.12596396605173746,
      0.013556524394655836,
      0.055138039588928225,
      0.09906848911214272
    ],
    "5": [
      0.8243158340454102,
      0.013150399519721004,
      0.05565299987792969,
      0.09935961902083078
    ],
    "6": [
      0.01748899221420288,
      0.8537446715529932,
      0.05389605760574341,
      0.09700217354636899
    ],
    "7": [
      0.018502541383107505,
      0.3601067330582219,
      0.051971526940663655,
      0.0946405502484053
    ],
    "8": [
      0.6278714497884115,
      0.02794132101641085,
      0.037746429443359375,
      0.067557367656135
    ],
    "9": [
      0.0078073660532633465,
      0.01747890543539929,
      0.04037790298461914,
      0.08777172923439033
    ],
    "10": [
      0.89715576171875,
      0.1467898502668057,
      0.04411239624023437,
      0.08234154698425233
    ],
    "11": [
      0.024770230054855347,
      0.2444250015094072,
      0.03958315849304199,
      0.07234446457253588
    ],
    "12": [
      0.05988122224807739,
      0.03703686580339756,
      0.029980377356211344,
      0.05478682812811465
    ],
    "13": [
      0.9420867919921875,
      0.1479811738587923,
      0.03630638122558594,
      0.08125525297664683
    ],
    "14": [
      0.7767464955647786,
      0.03483154027338,
      0.036609649658203125,
      0.05591776420136546
    ],
    "15": [
      0.8969491322835287,
      0.02653991205067583,
      0.03410415649414063,
      0.07498772408707219
    ],
    "16": [
      0.6846770604451498,
      0.026886896015500414,
      0.0409399668375651,
      0.07639636937254661
    ],
    "17": [
      0.02489896814028422,
      0.15574926015088322,
      0.04092856248219808,
      0.07631203424006379
    ],
    "18": [
      0.9314292907714844,
      0.03329038011665082,
      0.03316154479980469,
      0.06299281845616873
    ],
    "19": [
      0.01885711352030436,
      0.48302063647149474,
      0.052333712577819824,
      0.09597664515801337
    ],
    "20": [
      0.7356259663899739,
      0.02874964750550095,
      0.03662376403808594,
      0.0667108342972775
    ],
    "21": [
      0.09490851561228435,
      0.03891434449559924,
      0.02809880574544271,
      0.052876765407453695
    ],
    "22": [
      0.19775023460388183,
      0.03270159151416063,
      0.02969973882039388,
      0.0626855313017511
    ],
    "23": [
      0.019074678421020508,
      0.7297838265341328,
      0.05194875399271647,
      0.09810320224331452
    ],
    "24": [
      0.9681344350179036,
      0.03314097426005505,
      0.029522069295247397,
      0.05995591512723105
    ],
    "25": [
      0.2804819107055664,
      0.2721818768592063,
      0.08077430725097656,
      0.1534089602244848
    ],
    "26": [
      0.01915748914082845,
      0.6068710611659716,
      0.051842053731282554,
      0.09629239277937929
    ]
  },
  "parsed_content_list": [
    {
      "type": "text",
      "bbox": [
        0.23541666567325592,
        0.039254169911146164,
        0.43802082538604736,
        0.0863591730594635
      ],
      "interactivity": false,
      "content": "What do you want to play?",
      "source": "box_ocr_content_ocr"
    },
    {
      "type": "text",
      "bbox": [
        0.17760416865348816,
        0.47595682740211487,
        0.4703125059604645,
        0.571148157119751
      ],
      "interactivity": false,
      "content": "You're offline",
      "source": "box_ocr_content_ocr"
    },
    {
      "type": "text",
      "bbox": [
        0.14947916567325592,
        0.6270853877067566,
        0.49427083134651184,
        0.6683022379875183
      ],
      "interactivity": false,
      "content": "Download music and podcasts to listen offline:",
      "source": "box_ocr_content_ocr"
    },
    {
      "type": "icon",
      "bbox": [
        0.5717015862464905,
        0.15909744799137115,
        0.7245846390724182,
        0.20819392800331116
      ],
      "interactivity": true,
      "content": "TheonlyMajed ",
      "source": "box_yolo_content_ocr"
    },
    {
      "type": "icon",
      "bbox": [
        0.12596395611763,
        0.013556520454585552,
        0.181101992726326,
        0.11262501776218414
      ],
      "interactivity": true,
      "content": "Home",
      "source": "box_yolo_content_yolo"
    },
    {
      "type": "icon",
      "bbox": [
        0.8243158459663391,
        0.013150395825505257,
        0.8799688220024109,
        0.11251000314950943
      ],
      "interactivity": true,
      "content": "3, September, 2024",
      "source": "box_yolo_content_yolo"
    },
    {
      "type": "icon",
      "bbox": [
        0.01748899184167385,
        0.853744626045227,
        0.07138504832983017,
        0.9507468342781067
      ],
      "interactivity": true,
      "content": "A video game or video game.",
      "source": "box_yolo_content_yolo"
    },
    {
      "type": "icon",
      "bbox": [
        0.01850253902375698,
        0.3601067364215851,
        0.0704740658402443,
        0.4547472894191742
      ],
      "interactivity": true,
      "content": "Heart",
      "source": "box_yolo_content_yolo"
    },
    {
      "type": "icon",
      "bbox": [
        0.6278714537620544,
        0.027941325679421425,
        0.6656178832054138,
        0.09549868851900101
      ],
      "interactivity": true,
      "content": "Delete",
      "source": "box_yolo_content_yolo"
    },
    {
      "type": "icon",
      "bbox": [
        0.0078073665499687195,
        0.017478905618190765,
        0.04818527027964592,
        0.10525063425302505
      ],
      "interactivity": true,
      "content": "More options",
      "source": "box_yolo_content_yolo"
    },
    {
      "type": "icon",
      "bbox": [
        0.89715576171875,
        0.14678984880447388,
        0.9412681460380554,
        0.22913138568401337
      ],
      "interactivity": true,
      "content": "More options",
      "source": "box_yolo_content_yolo"
    },
    {
      "type": "icon",
      "bbox": [
        0.024770228192210197,
        0.2444249987602234,
        0.06435338407754898,
        0.31676948070526123
      ],
      "interactivity": true,
      "content": "Add",
      "source": "box_yolo_content_yolo"
    },
    {
      "type": "icon",
      "bbox": [
        0.05988122150301933,
        0.03703686594963074,
        0.08986160159111023,
        0.09182369709014893
      ],
      "interactivity": true,
      "content": "Back",
      "source": "box_yolo_content_yolo"
    },
    {
      "type": "icon",
      "bbox": [
        0.9420868158340454,
        0.1479811668395996,
        0.9783931970596313,
        0.2292364090681076
      ],
      "interactivity": true,
      "content": "View as full screen",
      "source": "box_yolo_content_yolo"
    },
    {
      "type": "icon",
      "bbox": [
        0.7767465114593506,
        0.03483154624700546,
        0.8133562207221985,
        0.09074930846691132
      ],
      "interactivity": true,
      "content": "2, September, 2024",
      "source": "box_yolo_content_yolo"
    },
    {
      "type": "icon",
      "bbox": [
        0.8969491720199585,
        0.026539912447333336,
        0.9310533404350281,
        0.10152764618396759
      ],
      "interactivity": true,
      "content": "Minimize",
      "source": "box_yolo_content_yolo"
    },
    {
      "type": "icon",