{
  "label_coordinates": {
    "0": [
      0.07777777777777778,
      0.03571428571428571,
      0.22962962962962963,
      0.025793650793650792
    ],
    "1": [
      0.13703703703703704,
      0.10317461074344696,
      0.362962962962963,
      0.02579364322480701
    ],
    "2": [
      0.07407407407407407,
      0.1309523960900685,
      0.5148148148148148,
      0.027777777777777776
    ],
    "3": [
      0.5796296296296296,
      0.1259920634920635,
      0.1648148148148148,
      0.03670634920634921
    ],
    "4": [
      0.07407410233109085,
      0.15873015873015872,
      0.48518518518518516,
      0.027777777777777776
    ],
    "5": [
      0.2851851851851852,
      0.386904792180137,
      0.15925925925925927,
      0.023809523809523808
    ],
    "6": [
      0.07592592592592592,
      0.4503968253968254,
      0.3388888888888889,
      0.031746031746031744
    ],
    "7": [
      0.3462963245533131,
      0.6755952380952381,
      0.04814814814814815,
      0.01984126984126984
    ],
    "8": [
      0.4740740740740741,
      0.7361111111111112,
      0.05185185185185185,
      0.023809523809523808
    ],
    "9": [
      0.4740740740740741,
      0.7996031746031746,
      0.05555555555555555,
      0.023809523809523808
    ],
    "10": [
      0.7333333898473668,
      0.13392855629088388,
      0.1111111111111111,
      0.01984126984126984
    ],
    "11": [
      0.7432551066080729,
      0.02958995955330985,
      0.17929133662471064,
      0.03894855484129891
    ],
    "12": [
      0.43411051432291664,
      0.5968123541937934,
      0.1372818558304398,
      0.052365863133990574
    ],
    "13": [
      0.07995009245695892,
      0.20740465133909194,
      0.35528960051359953,
      0.030580520629882812
    ],
    "14": [
      0.7170779758029514,
      0.9249273027692523,
      0.2050060130931713,
      0.039072793627542166
    ],
    "15": [
      0.04589572482638889,
      0.32019012693374876,
      0.2497205098470052,
      0.0545302497016059
    ],
    "16": [
      0.18479201705367476,
      0.9269693162706163,
      0.1496602941442419,
      0.040647113133990574
    ],
    "17": [
      0.1670188479953342,
      0.5962882874503969,
      0.1457961047137225,
      0.062005300370473714
    ],
    "18": [
      0.05727147702817564,
      0.26639759729778956,
      0.2528458206741898,
      0.03841993543836805
    ],
    "19": [
      0.5755588672779225,
      0.7877463688926091,
      0.11262478298611112,
      0.060144818018353176
    ],
    "20": [
      0.039714346991644965,
      0.5142063564724393,
      0.2845983999746817,
      0.08087158203125
    ],
    "21": [
      0.694462302879051,
      0.5961573161776104,
      0.13979209617332175,
      0.06399935767764137
    ],
    "22": [
      0.5646729080765336,
      0.5175615340944321,
      0.1277775517216435,
      0.08101763044084821
    ],
    "23": [
      0.7248259932906539,
      0.5146240960984003,
      0.11727826153790509,
      0.07630351233103919
    ],
    "24": [
      0.07562007197627314,
      0.9248941209581163,
      0.07793634202745225,
      0.04550110347687252
    ],
    "25": [
      0.30863760489004627,
      0.5964155045766679,
      0.1320220947265625,
      0.05766163175068204
    ],
    "26": [
      0.8398038510923033,
      0.5177120027087984,
      0.10562868471498843,
      0.07202003115699404
    ],
    "27": [
      0.5689419216579861,
      0.5966036963084388,
      0.1305378101490162,
      0.062080867706783234
    ],
    "28": [
      0.3701212282533999,
      0.9255269973997086,
      0.07406593605324074,
      0.039202130030071926
    ],
    "29": [
      0.8344932838722512,
      0.7877144586472284,
      0.11858175772207755,
      0.06329115610274058
    ],
    "30": [
      0.44031442712854457,
      0.5158301459418403,
      0.13020892673068576,
      0.08125365726531499
    ],
    "31": [
      0.8274726019965277,
      0.5969897073412699,
      0.1307838722511574,
      0.06584748767671131
    ],
    "32": [
      0.8481581511320891,
      0.44662502833775114,
      0.07531421802662037,
      0.04079152667333209
    ],
    "33": [
      0.8471332691333912,
      0.8516786363389757,
      0.08774402759693287,
      0.055929516989087304
    ],
    "34": [
      0.050316750561749495,
      0.788902585468595,
      0.11641156231915509,
      0.060615660652281744
    ],
    "35": [
      0.7033567640516493,
      0.788141099233476,
      0.11404622395833333,
      0.06015050978887649
    ],
    "36": [
      0.7123523853443287,
      0.8516416398305742,
      0.10093022099247685,
      0.0555055406358507
    ],
    "37": [
      0.5851552327473958,
      0.8514488462417845,
      0.09508056640625,
      0.05596403091672867
    ],
    "38": [
      0.6572981657805266,
      0.03147700287046887,
      0.07057393391927083,
      0.035947057935926646
    ],
    "39": [
      0.4476073371039497,
      0.38769334460061694,
      0.05290304113317419,
      0.0223893059624566
    ],
    "40": [
      0.43631080344871237,
      0.6551712883843316,
      0.12677620781792534,
      0.07124946230933779
    ],
    "41": [
      0.183021319354022,
      0.7880888439360119,
      0.10941975911458333,
      0.057966202024429564
    ],
    "42": [
      0.03336392861825448,
      0.7216617039271763,
      0.14202858253761574,
      0.07200525677393353
    ],
    "43": [
      0.1926677138717086,
      0.8520171755836123,
      0.09446353205928096,
      0.0456757318405878
    ],
    "44": [
      0.8292644924587673,
      0.7235129825652592,
      0.12090527569806134,
      0.06527140783885169
    ]
  },
  "parsed_content_list": [
    {
      "type": "text",
      "bbox": [
        0.07777778059244156,
        0.0357142873108387,
        0.307407408952713,
        0.0615079365670681
      ],
      "interactivity": false,
      "content": "Notifications",
      "source": "box_ocr_content_ocr"
    },
    {
      "type": "text",
      "bbox": [
        0.13703703880310059,
        0.1031746044754982,
        0.5,
        0.1289682537317276
      ],
      "interactivity": false,
      "content": "Do not disturb is on",
      "source": "box_ocr_content_ocr"
    },
    {
      "type": "text",
      "bbox": [
        0.07407407462596893,
        0.130952388048172,
        0.5888888835906982,
        0.1587301641702652
      ],
      "interactivity": false,
      "content": "Based on your do not disturb",
      "source": "box_ocr_content_ocr"
    },
    {
      "type": "text",
      "bbox": [
        0.5796296000480652,
        0.1259920597076416,
        0.7444444298744202,
        0.1626984179019928
      ],
      "interactivity": false,
      "content": "settings;",
      "source": "box_ocr_content_ocr"
    },
    {
      "type": "text",
      "bbox": [
        0.07407407462596893,
        0.1587301641702652,
        0.5592592358589172,
        0.1865079402923584
      ],
      "interactivity": false,
      "content": "only see banners for alarms",
      "source": "box_ocr_content_ocr"
    },
    {
      "type": "text",
      "bbox": [
        0.28518518805503845,
        0.386904776096344,
        0.4444444477558136,
        0.4107142984867096
      ],
      "interactivity": false,
      "content": "Tharushi",
      "source": "box_ocr_content_ocr"
    },
    {
      "type": "text",
      "bbox": [
        0.07592592388391495,
        0.4503968358039856,
        0.4148148000240326,
        0.4821428656578064
      ],
      "interactivity": false,
      "content": "Wednesday; March",
      "source": "box_ocr_content_ocr"
    },
    {
      "type": "text",
      "bbox": [
        0.3462963104248047,
        0.675595223903656,
        0.39444443583488464,
        0.6954365372657776
      ],
      "interactivity": false,
      "content": "10",
      "source": "box_ocr_content_ocr"
    },
    {
      "type": "text",
      "bbox": [
        0.4740740656852722,
        0.7361111044883728,
        0.5259259343147278,
        0.7599206566810608
      ],