{
  "label_coordinates": {
    "0": [
      0.7458333333333333,
      0.825925925925926,
      0.06145833333333333,
      0.024074074074074074
    ],
    "1": [
      0.706443723042806,
      0.5692109849717882,
      0.2859317779541016,
      0.08680329499421297
    ],
    "2": [
      0.7064629872639974,
      0.6537773980034722,
      0.2853248596191406,
      0.08642284252025463
    ],
    "3": [
      0.7074849446614583,
      0.4855200308340567,
      0.2833768208821615,
      0.0818775318287037
    ],
    "4": [
      0.816216786702474,
      0.9364942762586805,
      0.03466161092122396,
      0.06044062861689815
    ],
    "5": [
      0.7058159510294596,
      0.7374950267650463,
      0.2871042887369792,
      0.0812908031322338
    ],
    "6": [
      0.7076507568359375,
      0.4230574713812934,
      0.28460795084635415,
      0.06497099134657118
    ],
    "7": [
      0.0,
      0.14462267557779948,
      0.06284622748692831,
      0.13488098427101416
    ],
    "8": [
      0.0038700918356577556,
      0.0035433663262261286,
      0.05045142968495687,
      0.13371638545283565
    ],
    "9": [
      0.7070854187011719,
      0.8479425500940394,
      0.2864116668701172,
      0.0717498779296875
    ],
    "10": [
      0.914640235900879,
      0.9333484225802952,
      0.08181304931640625,
      0.06665169044777199
    ],
    "11": [
      0.5353441874186198,
      0.9375178019205729,
      0.03607012430826823,
      0.06223217999493634
    ],
    "12": [
      0.5704432169596354,
      0.9382872970015914,
      0.03756090799967448,
      0.06171281602647569
    ],
    "13": [
      0.39643065134684247,
      0.9387671576605903,
      0.03613001505533854,
      0.054453531901041664
    ],
    "14": [
      0.49988845189412434,
      0.9371807522243923,
      0.03559033075968424,
      0.06078293411820023
    ],
    "15": [
      0.36430803934733075,
      0.9388600667317708,
      0.032712554931640624,
      0.05378485785590278
    ],
    "16": [
      0.4664258321126302,
      0.9372984144422744,
      0.033055686950683595,
      0.05883105242693866
    ],
    "17": [
      0.4323491096496582,
      0.9389315569842304,
      0.032980155944824216,
      0.05480657506872107
    ],
    "18": [
      0.6074727376302084,
      0.9387204770688657,
      0.025707117716471353,
      0.061026792173032404
    ],
    "19": [
      0.8534194946289062,
      0.9397070425528067,
      0.01947364807128906,
      0.0534067224573206
    ],
    "20": [
      0.8909884134928385,
      0.9390349211516203,
      0.02244224548339844,
      0.05697179723668982
    ],
    "21": [
      0.7907802581787109,
      0.9369583695023148,
      0.025537872314453126,
      0.06304163049768519
    ],
    "22": [
      0.7056252797444661,
      0.24638502332899306,
      0.28787371317545574,
      0.1792183204933449
    ]
  },
  "parsed_content_list": [
    {
      "type": "text",
      "bbox": [
        0.7458333373069763,
        0.8259259462356567,
        0.8072916865348816,
        0.8500000238418579
      ],
      "interactivity": false,
      "content": "Tamil (India)",
      "source": "box_ocr_content_ocr"
    },
    {
      "type": "icon",
      "bbox": [
        0.7064436674118042,
        0.569210946559906,
        0.9923754334449768,
        0.6560142636299133
      ],
      "interactivity": true,
      "content": "ENG English (Malaysia) US ",
      "source": "box_yolo_content_ocr"
    },
    {
      "type": "icon",
      "bbox": [
        0.7064629793167114,
        0.6537774205207825,
        0.9917879104614258,
        0.7402002811431885
      ],
      "interactivity": true,
      "content": "Sinhala Sinhala ",
      "source": "box_yolo_content_ocr"
    },
    {
      "type": "icon",
      "bbox": [
        0.7074849605560303,
        0.48552003502845764,
        0.9908617734909058,
        0.5673975944519043
      ],
      "interactivity": true,
      "content": "ENG   English (United States) US ",
      "source": "box_yolo_content_ocr"
    },
    {
      "type": "icon",
      "bbox": [
        0.816216766834259,
        0.9364942908287048,
        0.8508784174919128,
        0.9969348907470703
      ],
      "interactivity": true,
      "content": "ENG US ",
      "source": "box_yolo_content_ocr"
    },
    {
      "type": "icon",
      "bbox": [
        0.7058159708976746,
        0.7374950051307678,
        0.9929202795028687,
        0.8187858462333679
      ],
      "interactivity": true,
      "content": "Sinhala Google Input Tools ",
      "source": "box_yolo_content_ocr"
    },
    {
      "type": "icon",
      "bbox": [
        0.7076507806777954,
        0.4230574667453766,
        0.9922586679458618,
        0.48802846670150757
      ],
      "interactivity": true,
      "content": "Keyboard layout Spacebar ",
      "source": "box_yolo_content_ocr"
    },
    {
      "type": "icon",
      "bbox": [
        0.0,
        0.14462266862392426,
        0.06284622848033905,
        0.27950364351272583
      ],
      "interactivity": true,
      "content": "Control Panel ",
      "source": "box_yolo_content_ocr"
    },
    {
      "type": "icon",
      "bbox": [
        0.0038700937293469906,
        0.0035433557350188494,
        0.054321520030498505,
        0.13725975155830383
      ],
      "interactivity": true,
      "content": "This PC ",
      "source": "box_yolo_content_ocr"
    },
    {
      "type": "icon",
      "bbox": [
        0.707085371017456,
        0.8479425311088562,
        0.9934970736503601,
        0.9196924567222595
      ],
      "interactivity": true,
      "content": "More keyboard settings ",
      "source": "box_yolo_content_ocr"
    },
    {
      "type": "icon",
      "bbox": [
        0.9146401882171631,
        0.9333483576774597,
        0.9964532256126404,
        1.0
      ],
      "interactivity": true,
      "content": "9.50 PM 3/14/2026 ",
      "source": "box_yolo_content_ocr"
    },
    {
      "type": "icon",
      "bbox": [
        0.5353441834449768,
        0.9375177621841431,
        0.5714142918586731,
        0.9997499585151672
      ],
      "interactivity": true,
      "content": "Google Chrome",
      "source": "box_yolo_content_yolo"
    },
    {
      "type": "icon",
      "bbox": [
        0.5704432129859924,
        0.9382871985435486,
        0.6080041527748108,
        1.0
      ],
      "interactivity": true,
      "content": "Google Chrome",
      "source": "box_yolo_content_yolo"
    },
    {
      "type": "icon",
      "bbox": [
        0.396430641412735,
        0.93876713514328,
        0.43256062269210815,
        0.9932206869125366
      ],
      "interactivity": true,
      "content": "folder",
      "source": "box_yolo_content_yolo"
    },
    {
      "type": "icon",
      "bbox": [
        0.49988842010498047,
        0.9371806979179382,
        0.5354787707328796,
        0.9979636669158936
      ],
      "interactivity": true,
      "content": "PowerPoint",
      "source": "box_yolo_content_yolo"
    },
    {
      "type": "icon",
      "bbox": [
        0.36430802941322327,
        0.9388600587844849,
        0.3970206081867218,
        0.9926449060440063
      ],
      "interactivity": true,
      "content": "Windows",
      "source": "box_yolo_content_yolo"
    },
    {
      "type": "icon",
      "bbox": [
        0.4664258062839508,
        0.9372984170913696,
        0.4994814991950989,
        0.9961294531822205
      ],
      "interactivity": true,
      "content": "Google Chrome",
      "source": "box_yolo_content_yolo"
    },
    {
      "type": "icon",
      "bbox": [
        0.4323491156101227,
        0.9389315843582153,
        0.46532925963401794,
        0.9937381148338318
      ],
      "interactivity": true,
      "content": "Spotify",
      "source": "box_yolo_content_yolo"
    },
    {
      "type": "icon",
      "bbox": [
        0.6074727773666382,
        0.9387205243110657,
        0.6331798434257507,
        0.9997472763061523
      ],