{
  "label_coordinates": {
    "0": [
      0.23541666666666666,
      0.03925417075564279,
      0.20260416666666667,
      0.047105004906771344
    ],
    "1": [
      0.17760416666666667,
      0.4759568503607244,
      0.29270833333333335,
      0.09519133413387819
    ],
    "2": [
      0.14947916666666666,
      0.6270853778213935,
      0.34479166666666666,
      0.04121687929342493
    ],
    "3": [
      0.5717075347900391,
      0.15913879274737028,
      0.15288174947102864,
      0.04901566285497424
    ],
    "4": [
      0.1259743293126424,
      0.013582939020667857,
      0.05513209501902262,
      0.09908332862142726
    ],
    "5": [
      0.8243478775024414,
      0.01318484784576446,
      0.05560137430826823,
      0.09930737376564033
    ],
    "6": [
      0.017536826928456626,
      0.8537891751065689,
      0.053860604763031006,
      0.09698839721080717
    ],
    "7": [
      0.018505549430847167,
      0.3600972094175509,
      0.05197405815124512,
      0.09463408136040236
    ],
    "8": [
      0.6279138565063477,
      0.027965818934866445,
      0.03767204284667969,
      0.06752375040250859
    ],
    "9": [
      0.0079460342725118,
      0.0178469993883307,
      0.040119020144144694,
      0.08706094519078907
    ],
    "10": [
      0.8973485946655273,
      0.1470397110659194,
      0.04382781982421875,
      0.08197320969930692
    ],
    "11": [
      0.02477113207181295,
      0.2444497839391407,
      0.03957099119822184,
      0.07228658898889843
    ],
    "12": [
      0.059922099113464355,
      0.037157345098882945,
      0.029874229431152345,
      0.0544687258015671
    ],
    "13": [
      0.942181142171224,
      0.14818864247749786,
      0.03614883422851563,
      0.0808799376782538
    ],
    "14": [
      0.776817258199056,
      0.034777288464966416,
      0.03648935953776042,
      0.05583312209618805
    ],
    "15": [
      0.8970152537027994,
      0.027270720447244542,
      0.03398628234863281,
      0.07403270957280422
    ],
    "16": [
      0.6847591400146484,
      0.027079719790532614,
      0.04066658020019531,
      0.07612416695097829
    ],
    "17": [
      0.02494331995646159,
      0.1558616271313788,
      0.040826455752054853,
      0.07597607134368867
    ],
    "18": [
      0.018848723173141478,
      0.483030070266499,
      0.052344409624735515,
      0.09593828105832924
    ],
    "19": [
      0.9315010706583658,
      0.03367156158836597,
      0.032990646362304685,
      0.061870634848283014
    ],
    "20": [
      0.7357685724894206,
      0.028694729341725955,
      0.036376571655273436,
      0.06655834373945811
    ],
    "21": [
      0.09496331214904785,
      0.03910193101697628,
      0.02794804573059082,
      0.05247488199670135
    ],
    "22": [
      0.19769522349039714,
      0.0326834501766246,
      0.029752254486083984,
      0.06260738054599331
    ],
    "23": [
      0.019086142381032307,
      0.7297712481407936,
      0.05194738308588664,
      0.09803336221172719
    ],
    "24": [
      0.9683550516764323,
      0.03355132188132513,
      0.029175567626953124,
      0.05885458694472982
    ],
    "25": [
      0.28047625223795575,
      0.27213899052763124,
      0.080796750386556,
      0.15351491821408858
    ],
    "26": [
      0.019159720341364542,
      0.6068671079566365,
      0.05185332298278809,
      0.09629694495982581
    ]
  },
  "parsed_content_list": [
    {
      "type": "text",
      "bbox": [
        0.23541666567325592,
        0.039254169911146164,
        0.43802082538604736,
        0.0863591730594635
      ],
      "interactivity": false,
      "content": "What do you want to play?",
      "source": "box_ocr_content_ocr"
    },
    {
      "type": "text",
      "bbox": [
        0.17760416865348816,
        0.47595682740211487,
        0.4703125059604645,
        0.571148157119751
      ],
      "interactivity": false,
      "content": "You're offline",
      "source": "box_ocr_content_ocr"
    },
    {
      "type": "text",
      "bbox": [
        0.14947916567325592,
        0.6270853877067566,
        0.49427083134651184,
        0.6683022379875183
      ],
      "interactivity": false,
      "content": "Download music and podcasts to listen offline:",
      "source": "box_ocr_content_ocr"
    },
    {
      "type": "icon",
      "bbox": [
        0.571707546710968,
        0.1591387838125229,
        0.7245893478393555,
        0.20815443992614746
      ],
      "interactivity": true,
      "content": "TheonlyMajed ",
      "source": "box_yolo_content_ocr"
    },
    {
      "type": "icon",
      "bbox": [
        0.12597432732582092,
        0.013582935556769371,
        0.18110641837120056,
        0.11266627162694931
      ],
      "interactivity": true,
      "content": "Home",
      "source": "box_yolo_content_yolo"
    },
    {
      "type": "icon",
      "bbox": [
        0.8243478536605835,
        0.013184851966798306,
        0.8799492120742798,
        0.11249223351478577
      ],
      "interactivity": true,
      "content": "3, September, 2024",
      "source": "box_yolo_content_yolo"
    },
    {
      "type": "icon",
      "bbox": [
        0.01753683015704155,
        0.8537891507148743,
        0.07139743119478226,
        0.9507775902748108
      ],
      "interactivity": true,
      "content": "A video game or video game.",
      "source": "box_yolo_content_yolo"
    },
    {
      "type": "icon",
      "bbox": [
        0.018505549058318138,
        0.3600972294807434,
        0.0704796090722084,
        0.4547313153743744
      ],
      "interactivity": true,
      "content": "Heart",
      "source": "box_yolo_content_yolo"
    },
    {
      "type": "icon",
      "bbox": [
        0.6279138326644897,
        0.02796582318842411,
        0.6655858755111694,
        0.09548956900835037
      ],
      "interactivity": true,
      "content": "Delete",
      "source": "box_yolo_content_yolo"
    },
    {
      "type": "icon",
      "bbox": [
        0.007946031168103218,
        0.017846999689936638,
        0.048065055161714554,
        0.10490795224905014
      ],
      "interactivity": true,
      "content": "More options",
      "source": "box_yolo_content_yolo"
    },
    {
      "type": "icon",
      "bbox": [
        0.8973486423492432,
        0.14703969657421112,
        0.9411764740943909,
        0.22901292145252228
      ],
      "interactivity": true,
      "content": "More options",
      "source": "box_yolo_content_yolo"
    },
    {
      "type": "icon",
      "bbox": [
        0.024771129712462425,
        0.24444977939128876,
        0.06434212625026703,
        0.3167363703250885
      ],
      "interactivity": true,
      "content": "Add",
      "source": "box_yolo_content_yolo"
    },
    {
      "type": "icon",
      "bbox": [
        0.059922099113464355,
        0.03715734928846359,
        0.08979632705450058,
        0.09162607043981552
      ],
      "interactivity": true,
      "content": "Back",
      "source": "box_yolo_content_yolo"
    },
    {
      "type": "icon",
      "bbox": [
        0.9421811699867249,
        0.14818865060806274,
        0.9783299565315247,
        0.2290685772895813
      ],
      "interactivity": true,
      "content": "View as full screen",
      "source": "box_yolo_content_yolo"
    },
    {
      "type": "icon",
      "bbox": [
        0.7768173217773438,
        0.03477729111909866,
        0.8133066296577454,
        0.09061041474342346
      ],
      "interactivity": true,
      "content": "2, September, 2024",
      "source": "box_yolo_content_yolo"
    },
    {
      "type": "icon",
      "bbox": [
        0.8970152139663696,
        0.027270721271634102,
        0.9310014843940735,
        0.10130342841148376
      ],
      "interactivity": true,
      "content": "Minimize",
      "source": "box_yolo_content_yolo"
    },
    {
      "type": "icon",