{
  "label_coordinates": {
    "0": [
      0.013020832339922588,
      0.0787037037037037,
      0.03229166666666667,
      0.018518518518518517
    ],
    "1": [
      0.9255208333333333,
      0.9453703703703704,
      0.041666666666666664,
      0.018518518518518517
    ],
    "2": [
      0.9208333333333333,
      0.9666665536385995,
      0.04791666666666667,
      0.022222222222222223
    ],
    "3": [
      0.0,
      0.41638624403211805,
      0.06525615453720093,
      0.13338216145833334
    ],
    "4": [
      0.0,
      0.13486593740957756,
      0.0678575833638509,
      0.14008173059534143
    ],
    "5": [
      0.0,
      0.5679946334273727,
      0.054987549781799316,
      0.12201944986979167
    ],
    "6": [
      0.005106401443481445,
      0.712030029296875,
      0.04629664421081543,
      0.11800604926215277
    ],
    "7": [
      0.8196556091308593,
      0.9353805541992187,
      0.030327733357747397,
      0.06461944580078124
    ],
    "8": [
      0.0003075063228607178,
      0.2853590788664641,
      0.052116831143697105,
      0.10371709752965856
    ],
    "9": [
      0.4835565249125163,
      0.9386518125180845,
      0.036810111999511716,
      0.060415705928096065
    ],
    "10": [
      0.5529474894205729,
      0.9388755515769676,
      0.03330027262369792,
      0.058237259476273145
    ],
    "11": [
      0.5191282590230306,
      0.9392256560149016,
      0.03432461420694987,
      0.05921455665870949
    ],
    "12": [
      0.41404123306274415,
      0.9377983940972222,
      0.035510826110839847,
      0.05576443142361111
    ],
    "13": [
      0.44939136505126953,
      0.9380178380895544,
      0.033924102783203125,
      0.05805850558810764
    ],
    "14": [
      0.3801507314046224,
      0.9378213953088831,
      0.0338107426961263,
      0.05482104266131366
    ],
    "15": [
      0.5889261881510417,
      0.9375033343279803,
      0.029375330607096354,
      0.060764171459056715
    ],
    "16": [
      0.7897226333618164,
      0.9355023419415509,
      0.02933985392252604,
      0.06449765805844908
    ],
    "17": [
      0.8908063888549804,
      0.9360923484519675,
      0.02298126220703125,
      0.06374715169270834
    ],
    "18": [
      0.849685796101888,
      0.9354157059280961,
      0.024066925048828125,
      0.0643373277452257
    ],
    "19": [
      0.8721614837646484,
      0.948157642505787,
      0.018041610717773438,
      0.03338487413194444
    ],
    "20": [
      5.729844172795613e-05,
      0.008025621484827113,
      0.010486425956090291,
      0.09808618051034433
    ]
  },
  "parsed_content_list": [
    {
      "type": "text",
      "bbox": [
        0.013020833022892475,
        0.07870370149612427,
        0.04531250149011612,
        0.0972222238779068
      ],
      "interactivity": false,
      "content": "This PC",
      "source": "box_ocr_content_ocr"
    },
    {
      "type": "text",
      "bbox": [
        0.9255208373069763,
        0.9453703761100769,
        0.9671875238418579,
        0.9638888835906982
      ],
      "interactivity": false,
      "content": "12*07 PM",
      "source": "box_ocr_content_ocr"
    },
    {
      "type": "text",
      "bbox": [
        0.9208333492279053,
        0.9666666388511658,
        0.96875,
        0.9888888597488403
      ],
      "interactivity": false,
      "content": "3/20/2026",
      "source": "box_ocr_content_ocr"
    },
    {
      "type": "icon",
      "bbox": [
        0.0,
        0.4163862466812134,
        0.06525615602731705,
        0.5497683882713318
      ],
      "interactivity": true,
      "content": "Downloads Shortcut ",
      "source": "box_yolo_content_ocr"
    },
    {
      "type": "icon",
      "bbox": [
        0.0,
        0.13486593961715698,
        0.06785758584737778,
        0.2749476730823517
      ],
      "interactivity": true,
      "content": "Control Panel ",
      "source": "box_yolo_content_ocr"
    },
    {
      "type": "icon",
      "bbox": [
        0.0,
        0.5679946541786194,
        0.054987549781799316,
        0.6900140643119812
      ],
      "interactivity": true,
      "content": "Videos Shortcut ",
      "source": "box_yolo_content_ocr"
    },
    {
      "type": "icon",
      "bbox": [
        0.00510640162974596,
        0.7120300531387329,
        0.051403045654296875,
        0.8300361037254333
      ],
      "interactivity": true,
      "content": "Pictures Shortcut ",
      "source": "box_yolo_content_ocr"
    },
    {
      "type": "icon",
      "bbox": [
        0.8196555972099304,
        0.9353805780410767,
        0.8499833941459656,
        1.0
      ],
      "interactivity": true,
      "content": "ENG US ",
      "source": "box_yolo_content_ocr"
    },
    {
      "type": "icon",
      "bbox": [
        0.00030750632868148386,
        0.28535908460617065,
        0.05242433398962021,
        0.3890761733055115
      ],
      "interactivity": true,
      "content": "Spotify ",
      "source": "box_yolo_content_ocr"
    },
    {
      "type": "icon",
      "bbox": [
        0.4835565686225891,
        0.9386518597602844,
        0.5203666687011719,
        0.9990675449371338
      ],
      "interactivity": true,
      "content": "Google Chrome",
      "source": "box_yolo_content_yolo"
    },
    {
      "type": "icon",
      "bbox": [
        0.552947461605072,
        0.9388754963874817,
        0.5862477421760559,
        0.9971128106117249
      ],
      "interactivity": true,
      "content": "Adobe Photoshop Elements",
      "source": "box_yolo_content_yolo"
    },
    {
      "type": "icon",
      "bbox": [
        0.5191282033920288,
        0.9392256140708923,
        0.5534527897834778,
        0.9984402060508728
      ],
      "interactivity": true,
      "content": "Google Chrome",
      "source": "box_yolo_content_yolo"
    },
    {
      "type": "icon",
      "bbox": [
        0.4140412211418152,
        0.9377983808517456,
        0.449552059173584,
        0.9935628175735474
      ],
      "interactivity": true,
      "content": "folder",
      "source": "box_yolo_content_yolo"
    },
    {
      "type": "icon",
      "bbox": [
        0.44939136505126953,
        0.9380177855491638,
        0.48331546783447266,
        0.9960763454437256
      ],
      "interactivity": true,
      "content": "Google Chrome",
      "source": "box_yolo_content_yolo"
    },
    {
      "type": "icon",
      "bbox": [
        0.3801507353782654,
        0.9378213286399841,
        0.4139614701271057,
        0.992642343044281
      ],
      "interactivity": true,
      "content": "Windows",
      "source": "box_yolo_content_yolo"
    },
    {
      "type": "icon",
      "bbox": [
        0.5889261960983276,
        0.9375033974647522,
        0.618301510810852,
        0.9982675909996033
      ],
      "interactivity": true,
      "content": "Pencil",
      "source": "box_yolo_content_yolo"
    },
    {
      "type": "icon",
      "bbox": [
        0.7897226810455322,
        0.935502290725708,
        0.8190625309944153,
        1.0
      ],
      "interactivity": true,
      "content": "M0,0L9,0 4.5,5z",
      "source": "box_yolo_content_yolo"
    },
    {
      "type": "icon",
      "bbox": [
        0.8908063769340515,
        0.9360923171043396,
        0.9137876629829407,
        0.9998394846916199
      ],
      "interactivity": true,
      "content": "Subtitles",
      "source": "box_yolo_content_yolo"
    },
    {
      "type": "icon",
      "bbox": [
        0.849685788154602,
        0.9354157447814941,
        0.8737527132034302,
        0.9997530579566956
      ],
      "interactivity": true,
      "content": "Page",
      "source": "box_yolo_content_yolo"
    },
    {
      "type": "icon",
      "bbox": [
        0.8721615076065063,
        0.948157548904419,
        0.8902031183242798,
        0.9815425276756287
      ],
      "interactivity": true,
      "content": "Sound",