{
  "label_coordinates": {
    "0": [
      0.04010416666666667,
      0.35426889106967613,
      0.029166666666666667,
      0.019627085377821395
    ],
    "1": [
      0.07447916666666667,
      0.35426889106967613,
      0.0375,
      0.019627085377821395
    ],
    "2": [
      0.04114583730697632,
      0.5446516791316548,
      0.03333332935969035,
      0.017664376840039256
    ],
    "3": [
      0.005609230200449625,
      0.5739026729445228,
      0.1192711353302002,
      0.0482538314984053
    ],
    "4": [
      0.006038991610209147,
      0.47984872505405113,
      0.12033785184224446,
      0.04911212715246258
    ],
    "5": [
      0.006412311395009359,
      0.43053534360816365,
      0.1201073964436849,
      0.05122490790220191
    ],
    "6": [
      0.0011626323064168294,
      0.19591310330766223,
      0.12515279452006023,
      0.050104951718136656
    ],
    "7": [
      0.003409119447072347,
      0.24436838376510364,
      0.12234225273132324,
      0.04976281941931428
    ],
    "8": [
      0.00649418830871582,
      0.8087955433674252,
      0.11467325687408447,
      0.04922787831973749
    ],
    "9": [
      0.006214952468872071,
      0.6682318780092309,
      0.11605332692464193,
      0.046034763324950934
    ],
    "10": [
      0.006574388345082601,
      0.7578476596042383,
      0.11497081120808919,
      0.052645248098626106
    ],
    "11": [
      0.0035016218821207683,
      0.29246022352643525,
      0.12126170794169108,
      0.04778549598641438
    ],
    "12": [
      0.0059708237648010256,
      0.8561636163863162,
      0.11551780700683593,
      0.04671279862303729
    ],
    "13": [
      0.01005936861038208,
      0.9576072805178177,
      0.03873888254165649,
      0.026567723028091267
    ],
    "14": [
      0.0059054970741271974,
      0.6201712146942469,
      0.1172055721282959,
      0.05021043053085132
    ],
    "15": [
      0.8919928232828777,
      0.0,
      0.030803553263346353,
      0.05574833773537169
    ],
    "16": [
      0.9290838241577148,
      0.0,
      0.03028564453125,
      0.04767799564619878
    ],
    "17": [
      0.11133298873901368,
      0.5373587865707802,
      0.014396174748738607,
      0.032860513524288516
    ],
    "18": [
      0.9938513437906901,
      0.0,
      0.0061486562093098955,
      0.048151808000289426
    ],
    "19": [
      0.0,
      0.0,
      0.12899129390716552,
      0.1940804463724393
    ],
    "20": [
      0.006481451789538065,
      0.34855105294329614,
      0.01449946661790212,
      0.03017718284240064
    ]
  },
  "parsed_content_list": [
    {
      "type": "text",
      "bbox": [
        0.04010416567325592,
        0.354268878698349,
        0.06927083432674408,
        0.3738959729671478
      ],
      "interactivity": false,
      "content": "Ashen",
      "source": "box_ocr_content_ocr"
    },
    {
      "type": "text",
      "bbox": [
        0.07447917014360428,
        0.354268878698349,
        0.1119791641831398,
        0.3738959729671478
      ],
      "interactivity": false,
      "content": "Personal",
      "source": "box_ocr_content_ocr"
    },
    {
      "type": "text",
      "bbox": [
        0.04114583507180214,
        0.5446516275405884,
        0.07447917014360428,
        0.5623160004615784
      ],
      "interactivity": false,
      "content": "Pictures",
      "source": "box_ocr_content_ocr"
    },
    {
      "type": "icon",
      "bbox": [
        0.0056092264130711555,
        0.5739027261734009,
        0.1248803585767746,
        0.62215656042099
      ],
      "interactivity": true,
      "content": "tutorial ",
      "source": "box_yolo_content_ocr"
    },
    {
      "type": "icon",
      "bbox": [
        0.006038987543433905,
        0.479848712682724,
        0.12637683749198914,
        0.5289608240127563
      ],
      "interactivity": true,
      "content": "Videos ",
      "source": "box_yolo_content_ocr"
    },
    {
      "type": "icon",
      "bbox": [
        0.006412315182387829,
        0.43053534626960754,
        0.12651970982551575,
        0.48176026344299316
      ],
      "interactivity": true,
      "content": "Downloads ",
      "source": "box_yolo_content_ocr"
    },
    {
      "type": "icon",
      "bbox": [
        0.0011626363266259432,
        0.19591310620307922,
        0.1263154298067093,
        0.24601805210113525
      ],
      "interactivity": true,
      "content": "Home ",
      "source": "box_yolo_content_ocr"
    },
    {
      "type": "icon",
      "bbox": [
        0.0034091235138475895,
        0.24436840415000916,
        0.12575137615203857,
        0.29413121938705444
      ],
      "interactivity": true,
      "content": "Gallery ",
      "source": "box_yolo_content_ocr"
    },
    {
      "type": "icon",
      "bbox": [
        0.006494188215583563,
        0.8087955713272095,
        0.12116744369268417,
        0.8580234050750732
      ],
      "interactivity": true,
      "content": "Acer ",
      "source": "box_yolo_content_ocr"
    },
    {
      "type": "icon",
      "bbox": [
        0.006214952562004328,
        0.6682318449020386,
        0.12226828187704086,
        0.7142665982246399
      ],
      "interactivity": true,
      "content": "util ",
      "source": "box_yolo_content_ocr"
    },
    {
      "type": "icon",
      "bbox": [
        0.006574392318725586,
        0.7578476071357727,
        0.1215452030301094,
        0.8104928731918335
      ],
      "interactivity": true,
      "content": "This ",
      "source": "box_yolo_content_ocr"
    },
    {
      "type": "icon",
      "bbox": [
        0.0035016178153455257,
        0.29246020317077637,
        0.12476332485675812,
        0.34024569392204285
      ],
      "interactivity": true,
      "content": "Ashen Personal ",
      "source": "box_yolo_content_ocr"
    },
    {
      "type": "icon",
      "bbox": [
        0.0059708235785365105,
        0.8561636209487915,
        0.12148863822221756,
        0.9028763771057129
      ],
      "interactivity": true,
      "content": "Network ",
      "source": "box_yolo_content_ocr"
    },
    {
      "type": "icon",
      "bbox": [
        0.010059366934001446,
        0.9576072692871094,
        0.048798251897096634,
        0.9841750264167786
      ],
      "interactivity": true,
      "content": "items ",
      "source": "box_yolo_content_ocr"
    },
    {
      "type": "icon",
      "bbox": [
        0.005905496887862682,
        0.6201711893081665,
        0.12311107665300369,
        0.6703816652297974
      ],
      "interactivity": true,
      "content": "MyMyMy",
      "source": "box_yolo_content_yolo"
    },
    {
      "type": "icon",
      "bbox": [
        0.8919928073883057,
        0.0,
        0.922796368598938,
        0.055748336017131805
      ],
      "interactivity": true,
      "content": "Minimize",
      "source": "box_yolo_content_yolo"
    },
    {
      "type": "icon",
      "bbox": [
        0.9290838241577148,
        0.0,
        0.9593694806098938,
        0.04767799749970436
      ],
      "interactivity": true,
      "content": "Maximize",
      "source": "box_yolo_content_yolo"
    },
    {
      "type": "icon",
      "bbox": [
        0.11133299022912979,
        0.537358820438385,
        0.12572917342185974,
        0.5702192783355713
      ],
      "interactivity": true,
      "content": "pinning",
      "source": "box_yolo_content_yolo"
    },
    {
      "type": "icon",
      "bbox": [
        0.9938513040542603,
        0.0,
        1.0,
        0.048151809722185135
      ],
      "interactivity": true,
      "content": "M0,0L9,0 4.5,5z",
      "source": "box_yolo_content_yolo"
    },
    {
      "type": "icon",
      "bbox": [
        0.0,
        0.0,
        0.1289912909269333,
        0.1940804421901703
      ],
      "interactivity": true,
      "content": "View as full screen",
      "source": "box_yolo_content_yolo"
    },
    {
      "type": "icon",