{
  "label_coordinates": {
    "0": [
      0.5268583499537948,
      0.195097037793667,
      0.04449264186915016,
      0.020429009193054137
    ],
    "1": [
      0.008174852773797816,
      0.5084211059196246,
      0.10564608478183922,
      0.04243445859135597
    ],
    "2": [
      0.008309304811226177,
      0.46712521172154303,
      0.10581745845237893,
      0.04294505913240552
    ],
    "3": [
      0.009090289045014074,
      0.42587420548311417,
      0.10512464485023569,
      0.043299237602943054
    ],
    "4": [
      0.006556845720345988,
      0.6703824129971591,
      0.10681958749639683,
      0.04292548299444586
    ],
    "5": [
      0.010338082109141854,
      0.38213699855161515,
      0.10415942502034727,
      0.04564974573464632
    ],
    "6": [
      0.006716429637426665,
      0.22241521100832323,
      0.10765076511525874,
      0.04239382563621202
    ],
    "7": [
      0.006887890240839494,
      0.711818675585738,
      0.10651793870599906,
      0.04317236677253575
    ],
    "8": [
      0.006519833014700895,
      0.26330080120020427,
      0.10741268495341326,
      0.04178009189064096
    ],
    "9": [
      0.006872519680940129,
      0.17488059179288495,
      0.10796084225468834,
      0.04959711185880043
    ],
    "10": [
      0.0066220163975600245,
      0.7535251387536709,
      0.107171558001348,
      0.040236444833695095
    ],
    "11": [
      0.007403555345871626,
      0.3044889331229252,
      0.10703584336742912,
      0.041748919696437695
    ],
    "12": [
      0.00831469050969886,
      0.5487410922337844,
      0.10481530457039728,
      0.04305341367945608
    ],
    "13": [
      0.008173250725136073,
      0.5898059693006257,
      0.10509020287383851,
      0.0432939383299285
    ],
    "14": [
      0.9579966850922409,
      0.9552236368025409,
      0.017145215850515465,
      0.0378580064159857
    ],
    "15": [
      0.9753333188500407,
      0.956218777930286,
      0.019141260851871948,
      0.036870845369956586
    ],
    "16": [
      0.9327459475040695,
      0.0,
      0.02776526680344547,
      0.04216813895018035
    ],
    "17": [
      0.9034882171349362,
      0.0,
      0.025644700810499185,
      0.04390183508213499
    ],
    "18": [
      0.9656192243454965,
      0.0,
      0.02766578247931362,
      0.04143388181224663
    ],
    "19": [
      0.003614486719173901,
      0.796594512596559,
      0.11231108741532572,
      0.16614866792485955
    ],
    "20": [
      0.9951059276231009,
      0.9533365968542518,
      0.004642116072639718,
      0.04128782059978294
    ]
  },
  "parsed_content_list": [
    {
      "type": "text",
      "bbox": [
        0.526858389377594,
        0.19509704411029816,
        0.5713510513305664,
        0.2155260443687439
      ],
      "interactivity": false,
      "content": "Working on",
      "source": "box_ocr_content_ocr"
    },
    {
      "type": "icon",
      "bbox": [
        0.00817484874278307,
        0.5084211230278015,
        0.11382094025611877,
        0.5508555769920349
      ],
      "interactivity": true,
      "content": "tutorial ",
      "source": "box_yolo_content_ocr"
    },
    {
      "type": "icon",
      "bbox": [
        0.00830930471420288,
        0.46712520718574524,
        0.1141267642378807,
        0.510070264339447
      ],
      "interactivity": true,
      "content": "Pictures ",
      "source": "box_yolo_content_ocr"
    },
    {
      "type": "icon",
      "bbox": [
        0.009090292267501354,
        0.4258742332458496,
        0.1142149344086647,
        0.46917346119880676
      ],
      "interactivity": true,
      "content": "Videos ",
      "source": "box_yolo_content_ocr"
    },
    {
      "type": "icon",
      "bbox": [
        0.006556844804435968,
        0.6703824400901794,
        0.1133764311671257,
        0.7133079171180725
      ],
      "interactivity": true,
      "content": "This ",
      "source": "box_yolo_content_ocr"
    },
    {
      "type": "icon",
      "bbox": [
        0.010338080115616322,
        0.3821370005607605,
        0.11449750512838364,
        0.42778676748275757
      ],
      "interactivity": true,
      "content": "Downloads ",
      "source": "box_yolo_content_ocr"
    },
    {
      "type": "icon",
      "bbox": [
        0.006716430187225342,
        0.22241520881652832,
        0.11436720192432404,
        0.2648090422153473
      ],
      "interactivity": true,
      "content": "Gallery ",
      "source": "box_yolo_content_ocr"
    },
    {
      "type": "icon",
      "bbox": [
        0.006887889001518488,
        0.7118186950683594,
        0.11340583115816116,
        0.7549910545349121
      ],
      "interactivity": true,
      "content": "Acer ",
      "source": "box_yolo_content_ocr"
    },
    {
      "type": "icon",
      "bbox": [
        0.006519830320030451,
        0.2633007764816284,
        0.1139325201511383,
        0.3050808906555176
      ],
      "interactivity": true,
      "content": "Ashen Personal ",
      "source": "box_yolo_content_ocr"
    },
    {
      "type": "icon",
      "bbox": [
        0.00687252264469862,
        0.17488059401512146,
        0.11483336240053177,
        0.22447770833969116
      ],
      "interactivity": true,
      "content": "Home ",
      "source": "box_yolo_content_ocr"
    },
    {
      "type": "icon",
      "bbox": [
        0.006622016429901123,
        0.7535251379013062,
        0.11379357427358627,
        0.7937616109848022
      ],
      "interactivity": true,
      "content": "Network ",
      "source": "box_yolo_content_ocr"
    },
    {
      "type": "icon",
      "bbox": [
        0.007403552532196045,
        0.3044889271259308,
        0.11443939805030823,
        0.34623783826828003
      ],
      "interactivity": true,
      "content": "Ashen Personal ",
      "source": "box_yolo_content_ocr"
    },
    {
      "type": "icon",
      "bbox": [
        0.008314693346619606,
        0.5487410426139832,
        0.11312999576330185,
        0.591794490814209
      ],
      "interactivity": true,
      "content": "M&m",
      "source": "box_yolo_content_yolo"
    },
    {
      "type": "icon",
      "bbox": [
        0.008173251524567604,
        0.5898059606552124,
        0.11326344311237335,
        0.6330999135971069
      ],
      "interactivity": true,
      "content": "HiN",
      "source": "box_yolo_content_yolo"
    },
    {
      "type": "icon",
      "bbox": [
        0.9579967260360718,
        0.9552236199378967,
        0.9751418828964233,
        0.9930816292762756
      ],
      "interactivity": true,
      "content": "Justified",
      "source": "box_yolo_content_yolo"
    },
    {
      "type": "icon",
      "bbox": [
        0.9753333330154419,
        0.9562187194824219,
        0.9944745302200317,
        0.9930896162986755
      ],
      "interactivity": true,
      "content": "Maximize",
      "source": "box_yolo_content_yolo"
    },
    {
      "type": "icon",
      "bbox": [
        0.9327459335327148,
        0.0,
        0.9605112075805664,
        0.04216814041137695
      ],
      "interactivity": true,
      "content": "Maximize",
      "source": "box_yolo_content_yolo"
    },
    {
      "type": "icon",
      "bbox": [
        0.9034881591796875,
        0.0,
        0.929132878780365,
        0.04390183463692665
      ],
      "interactivity": true,
      "content": "Minimize",
      "source": "box_yolo_content_yolo"
    },
    {
      "type": "icon",
      "bbox": [
        0.9656192660331726,
        0.0,
        0.9932850003242493,
        0.04143388196825981
      ],
      "interactivity": true,
      "content": "Close",
      "source": "box_yolo_content_yolo"
    },
    {
      "type": "icon",
      "bbox": [
        0.0036144854966551065,
        0.796594500541687,
        0.11592557281255722,
        0.9627432227134705
      ],
      "interactivity": true,
      "content": "M0,0L9,0 4.5,5z",