{
  "label_coordinates": {
    "0": [
      0.016666664679845174,
      0.005888124677454056,
      0.059375,
      0.023552502453385672
    ],
    "1": [
      0.22552083333333334,
      0.13444553483807656,
      0.18020833333333333,
      0.03631010794896958
    ],
    "2": [
      0.546875,
      0.21589793915603533,
      0.08229166666666667,
      0.02747791952894995
    ],
    "3": [
      0.5578125,
      0.2512266928361138,
      0.09114583333333333,
      0.02649656526005888
    ],
    "4": [
      0.27395833333333336,
      0.3415113155226478,
      0.121875,
      0.03042198233562316
    ],
    "5": [
      0.546875,
      0.37684003925417076,
      0.10104166666666667,
      0.03140333660451423
    ],
    "6": [
      0.5463541666666667,
      0.41020605444791153,
      0.07864583333333333,
      0.02649656526005888
    ],
    "7": [
      0.6375,
      0.4102060843964671,
      0.07083333333333333,
      0.023552502453385672
    ],
    "8": [
      0.5468749364217123,
      0.4514229936384476,
      0.08333333333333333,
      0.02551521099116781
    ],
    "9": [
      0.5458333333333333,
      0.48282630029440626,
      0.128125,
      0.02551521099116781
    ],
    "10": [
      0.546875,
      0.5103042198233563,
      0.09791666666666667,
      0.02551521099116781
    ],
    "11": [
      0.2734375,
      0.5858684985279686,
      0.0375,
      0.019627085377821395
    ],
    "12": [
      0.3182291666666667,
      0.5897939156035329,
      0.03854166666666667,
      0.019627085377821395
    ],
    "13": [
      0.2734278361002604,
      0.20573368390713168,
      0.20968170166015626,
      0.12312349837942375
    ],
    "14": [
      0.7165809631347656,
      0.1283176710373988,
      0.05241610209147136,
      0.04184750602804527
    ],
    "15": [
      0.27087313334147134,
      0.3655787234919345,
      0.21055984497070312,
      0.17007365427962462
    ],
    "16": [
      0.671459706624349,
      0.13069274123681304,
      0.037453079223632814,
      0.037689448572819556
    ],
    "17": [
      0.11412753264109293,
      0.05170640954793494,
      0.09836909770965577,
      0.030968831729608147
    ],
    "18": [
      0.27416613896687825,
      0.5471018902569922,
      0.05434996287027995,
      0.03159836159838077
    ],
    "19": [
      0.5455328623453776,
      0.3057621140709335,
      0.1820148468017578,
      0.030898344060506625
    ],
    "20": [
      0.8339611689249674,
      0.040370922444262144,
      0.16268653869628907,
      0.05822921618161187
    ],
    "21": [
      0.49900341033935547,
      0.3721436265640334,
      0.04195404052734375,
      0.07469409347399411
    ],
    "22": [
      0.22419102986653647,
      0.4295167333361445,
      0.04431149164835612,
      0.10164563719026005
    ],
    "23": [
      0.22486015955607097,
      0.3383470409868744,
      0.04247910181681315,
      0.07628651807071885
    ],
    "24": [
      0.5000804583231608,
      0.210522697531089,
      0.04050238927205404,
      0.08077456368548362
    ],
    "25": [
      0.08213442166646322,
      0.05364418216963628,
      0.019902658462524415,
      0.03404938133471847
    ],
    "26": [
      0.7789336522420247,
      0.0511514927617935,
      0.01892229715983073,
      0.0350765082272276
    ],
    "27": [
      0.06088229020436605,
      0.05527411733221142,
      0.014994637171427409,
      0.028639489230978595
    ],
    "28": [
      0.22786467870076496,
      0.2125788305879692,
      0.03758049011230469,
      0.08069794030605987
    ],
    "29": [
      0.8056351979573567,
      0.04986400810144367,
      0.020360310872395832,
      0.039804879769726756
    ],
    "30": [
      0.9698427836100261,
      0.0,
      0.023569869995117187,
      0.03309978376543908
    ],
    "31": [
      0.49982029596964517,
      0.4526737351646835,
      0.04084723790486654,
      0.07658480568418793
    ],
    "32": [
      0.22363662719726562,
      0.54839614703447,
      0.04521303176879883,
      0.07756627974730128
    ],
    "33": [
      0.03430945078531901,
      0.05339223245877162,
      0.019140243530273438,
      0.03183149612920909
    ],
    "34": [
      0.9935543060302734,
      0.0,
      0.006445693969726563,
      0.032293811981530605
    ],
    "35": [
      0.49867544174194334,
      0.29407085684494605,
      0.04288899103800456,
      0.06763372149855863
    ],
    "36": [
      6.291369597117106e-05,
      0.046374241433035986,
      0.004556497931480408,
      0.04823878609280123
    ]
  },
  "parsed_content_list": [
    {
      "type": "text",
      "bbox": [
        0.01666666753590107,
        0.005888125393539667,
        0.07604166865348816,
        0.029440628364682198
      ],
      "interactivity": false,
      "content": "Control Panel",
      "source": "box_ocr_content_ocr"
    },
    {
      "type": "text",
      "bbox": [
        0.22552083432674408,
        0.13444553315639496,
        0.40572917461395264,
        0.17075563967227936
      ],
      "interactivity": false,
      "content": "Adjust your computer's settings",
      "source": "box_ocr_content_ocr"
    },
    {
      "type": "text",
      "bbox": [
        0.546875,
        0.21589793264865875,
        0.6291666626930237,
        0.24337585270404816
      ],
      "interactivity": false,
      "content": "User Accounts",
      "source": "box_ocr_content_ocr"
    },
    {
      "type": "text",
      "bbox": [
        0.557812511920929,
        0.2512266933917999,
        0.6489583253860474,
        0.2777232527732849
      ],
      "interactivity": false,
      "content": "Change account type",
      "source": "box_ocr_content_ocr"
    },
    {
      "type": "text",
      "bbox": [
        0.27395832538604736,
        0.3415112793445587,
        0.3958333432674408,
        0.3719332814216614
      ],
      "interactivity": false,
      "content": "Network and Internet",
      "source": "box_ocr_content_ocr"
    },
    {
      "type": "text",
      "bbox": [
        0.546875,
        0.3768400251865387,
        0.6479166746139526,
        0.4082433879375458
      ],
      "interactivity": false,
      "content": "Clock and Region",
      "source": "box_ocr_content_ocr"
    },
    {
      "type": "text",
      "bbox": [
        0.5463541746139526,
        0.4102060794830322,
        0.625,
        0.4367026388645172
      ],
      "interactivity": false,
      "content": "Change date, time,",
      "source": "box_ocr_content_ocr"
    },
    {
      "type": "text",
      "bbox": [
        0.637499988079071,
        0.4102060794830322,
        0.7083333134651184,
        0.43375858664512634
      ],
      "interactivity": false,
      "content": "number formats",
      "source": "box_ocr_content_ocr"
    },
    {
      "type": "text",
      "bbox": [
        0.546875,
        0.45142295956611633,
        0.6302083134651184,
        0.4769381880760193
      ],
      "interactivity": false,
      "content": "Ease of Access",
      "source": "box_ocr_content_ocr"
    },
    {
      "type": "text",
      "bbox": [
        0.5458333492279053,
        0.482826292514801,
        0.6739583611488342,
        0.5083414912223816
      ],
      "interactivity": false,
      "content": "Let Windows suggest settings",
      "source": "box_ocr_content_ocr"
    },
    {
      "type": "text",
      "bbox": [
        0.546875,
        0.5103042125701904,
        0.6447916626930237,
        0.535819411277771
      ],
      "interactivity": false,
      "content": "Optimize visual display",
      "source": "box_ocr_content_ocr"
    },
    {
      "type": "text",
      "bbox": [
        0.2734375,
        0.5858684778213501,
        0.3109374940395355,
        0.6054955720901489
      ],
      "interactivity": false,
      "content": "Uninstall",
      "source": "box_ocr_content_ocr"
    },
    {
      "type": "text",