{
  "label_coordinates": {
    "0": [
      0.05432098765432099,
      0.012962963845994737,
      0.13209876543209875,
      0.022222222222222223
    ],
    "1": [
      0.08148148148148149,
      0.05740740740740741,
      0.3148148148148148,
      0.024074074074074074
    ],
    "2": [
      0.43456786355854554,
      0.8574073508933738,
      0.14074074074074075,
      0.02962962962962963
    ],
    "3": [
      0.5851851098331404,
      0.8574074074074074,
      0.24444444444444444,
      0.027777777777777776
    ],
    "4": [
      0.5864197530864198,
      0.9111111676251447,
      0.2123456790123457,
      0.022222222222222223
    ],
    "5": [
      0.43209876543209874,
      0.9611111111111111,
      0.037037037037037035,
      0.022222222222222223
    ],
    "6": [
      0.006214424415870949,
      0.327440106427228,
      0.18786963945553625,
      0.04349190040870949
    ],
    "7": [
      0.00555823055314429,
      0.36912853099681714,
      0.18847452799479167,
      0.043566385904947914
    ],
    "8": [
      0.006343850971739969,
      0.28650863082320605,
      0.18736461121358988,
      0.04254885073061342
    ],
    "9": [
      0.006415058654031636,
      0.2450704221372251,
      0.18811483500916282,
      0.041881872106481484
    ],
    "10": [
      0.0050001544716917435,
      0.41125321564850986,
      0.1891638673382041,
      0.04463896574797454
    ],
    "11": [
      0.007118074393566744,
      0.20351908648455586,
      0.18696767547984183,
      0.04253046954119647
    ],
    "12": [
      0.005908787103346837,
      0.503378239384404,
      0.1850241013515143,
      0.042659618236400465
    ],
    "13": [
      0.003165021354769483,
      0.7541354709201389,
      0.19097090356143903,
      0.042448029694733797
    ],
    "14": [
      0.0029582082489390434,
      0.6700300993742766,
      0.19101837534963348,
      0.04296095106336806
    ],
    "15": [
      0.007096457775728202,
      0.16010846738462095,
      0.18728811005015433,
      0.04464591697410301
    ],
    "16": [
      0.003088717990451389,
      0.7120266949688947,
      0.19308475447289739,
      0.04237625687210648
    ],
    "17": [
      0.003957687189549575,
      0.5873887803819444,
      0.19005311565634644,
      0.04186390064380787
    ],
    "18": [
      0.00385339054060571,
      0.6281726413302952,
      0.192057423532745,
      0.04356621636284722
    ],
    "19": [
      0.004325894956235532,
      0.7957731458875869,
      0.18930475682388118,
      0.04317310474537037
    ],
    "20": [
      0.005291267677589699,
      0.8376393070927373,
      0.18866200388213736,
      0.04022341127748843
    ],
    "21": [
      0.004260169135199653,
      0.5456155282479745,
      0.18599348656925155,
      0.04230199743200232
    ],
    "22": [
      0.0061348432376060955,
      0.875670991120515,
      0.18959034107349537,
      0.05324910481770833
    ],
    "23": [
      0.004161693431712963,
      0.4588912398726852,
      0.18580994782624422,
      0.04638536241319444
    ],
    "24": [
      0.8835532859519676,
      0.047982717443395544,
      0.0795042438271605,
      0.04089426111291956
    ],
    "25": [
      0.2250772546838831,
      0.10778670840793186,
      0.09844893467279128,
      0.029537405791106048
    ],
    "26": [
      0.6455469202112268,
      0.9463233100043402,
      0.03496123890817901,
      0.05311595775462963
    ],
    "27": [
      0.9633729534384645,
      0.04842599232991537,
      0.024235176745756173,
      0.040283725879810474
    ],
    "28": [
      0.5802689540533372,
      0.9509401674623843,
      0.03018309039834105,
      0.039128734447337964
    ],
    "29": [
      0.98692626953125,
      0.04830042521158854,
      0.01307373046875,
      0.04032393561469184
    ],
    "30": [
      0.681370261863426,
      0.9465896606445312,
      0.032011507764274694,
      0.05341033935546875
    ],
    "31": [
      0.9524635597511574,
      0.8486198142722801,
      0.030600917486496914,
      0.04982356318721065
    ],
    "32": [
      0.7154797212577161,
      0.9505794949001736,
      0.030694806134259258,
      0.04924022533275463
    ],
    "33": [
      0.37211183147665894,
      0.9516079372829861,
      0.030706937813464508,
      0.040812174479166664
    ],
    "34": [
      0.6131602346161266,
      0.9473715322989005,
      0.03109552830825617,
      0.05155910915798611
    ],
    "35": [
      0.0013873936217508199,
      0.0020798718487774885,
      0.02866507871651355,
      0.04653210110134549
    ],
    "36": [
      0.7487869827835648,
      0.9496365017361111,
      0.029941134982638888,
      0.05036349826388889
    ],
    "37": [
      0.0038365222789623118,
      0.0515465983638057,
      0.024463013072072725,
      0.03750004238552517
    ],
    "38": [
      0.22144398630401235,
      0.008213449407506871,
      0.02059540925202546,
      0.03234658417878328
    ],
    "39": [
      0.031564208607614774,
      0.05032185448540582,
      0.023280362729673033,
      0.03988288596824363
    ],
    "40": [
      0.9243528766396605,
      0.8489183213975694,
      0.022916365258487656,
      0.04798301414207176
    ],
    "41": [
      0.1576045095184703,
      0.10443783512821904,
      0.028972145363136574,
      0.04037447328920717
    ],
    "42": [
      0.78544921875,
      0.9463783546730324,
      0.024448573736496913,
      0.053621645326967594
    ],
    "43": [
      0.1952609403633777,
      0.009885563673796477,
      0.01773651499807099,
      0.02789547355086715
    ],
    "44": [
      0.4069058265215085,
      0.8543995044849537,
      0.02193189079378858,
      0.03705772117332176
    ],
    "45": [
      0.9850380979938271,
      0.9430295591001158,
      0.01496190200617284,
      0.05697044089988426
    ],
    "46": [
      0.41204536343798226,
      0.9564361572265625,
      0.018849766107253085,
      0.03208550347222222
    ],
    "47": [
      0.010716493630114897,
      0.10281264693648727,
      0.026016612111786266,
      0.04451983416521991
    ]
  },
  "parsed_content_list": [
    {
      "type": "text",
      "bbox": [
        0.054320987313985825,
        0.012962962500751019,
        0.1864197552204132,
        0.035185184329748154
      ],
      "interactivity": false,
      "content": "Project EEG Agentic Framework",
      "source": "box_ocr_content_ocr"
    },
    {
      "type": "text",
      "bbox": [
        0.08148147910833359,
        0.05740740895271301,
        0.39629629254341125,
        0.08148147910833359
      ],
      "interactivity": false,
      "content": "https:] /chatgpt com/c/6982d25c-33d0-83a9-8f18-d17e2233519d",
      "source": "box_ocr_content_ocr"
    },
    {
      "type": "text",
      "bbox": [
        0.4345678985118866,
        0.8574073910713196,
        0.575308620929718,
        0.8870370388031006
      ],
      "interactivity": false,
      "content": "after these changes does",
      "source": "box_ocr_content_ocr"
    },
    {
      "type": "text",
      "bbox": [
        0.585185170173645,
        0.8574073910713196,
        0.8296296000480652,
        0.885185182094574
      ],
      "interactivity": false,
      "content": "match my topic brain to device communicatl",
      "source": "box_ocr_content_ocr"
    },
    {
      "type": "text",
      "bbox": [
        0.5864197611808777,
        0.9111111164093018,
        0.7987654209136963,
        0.9333333373069763
      ],
      "interactivity": false,
      "content": "ChatGPT can make mistakes. Check important info.",
      "source": "box_ocr_content_ocr"
    },
    {
      "type": "text",
      "bbox": [
        0.43209877610206604,
        0.9611111283302307,
        0.4691357910633087,
        0.9833333492279053
      ],
      "interactivity": false,
      "content": "Search",
      "source": "box_ocr_content_ocr"
    },
    {
      "type": "icon",