{
  "label_coordinates": {
    "0": [
      0.02812500794728597,
      0.005888125613346418,
      0.12083332538604737,
      0.02551521099116781
    ],
    "1": [
      0.029687501986821494,
      0.03729146596143009,
      0.049479166666666664,
      0.019627085377821395
    ],
    "2": [
      0.08906249205271403,
      0.038272816486751716,
      0.023958333333333335,
      0.019627085377821395
    ],
    "3": [
      0.12239583333333333,
      0.038272816486751716,
      0.03854166666666667,
      0.019627085377821395
    ],
    "4": [
      0.16875,
      0.03729146221786065,
      0.0375,
      0.023552502453385672
    ],
    "5": [
      0.21354166666666666,
      0.03532875368007851,
      0.0234375,
      0.02551521099116781
    ],
    "6": [
      0.34427083333333336,
      0.12463199214916584,
      0.0890625,
      0.019627085377821395
    ],
    "7": [
      0.2552083333333333,
      0.22571148184494602,
      0.04479166666666667,
      0.023552502453385672
    ],
    "8": [
      0.01458333432674408,
      0.25711484839801585,
      0.03333333333333333,
      0.023552502453385672
    ],
    "9": [
      0.16510416666666666,
      0.2561334641805692,
      0.035416666666666666,
      0.019627085377821395
    ],
    "10": [
      0.21666666666666667,
      0.25515210991167814,
      0.035416666666666666,
      0.023552502453385672
    ],
    "11": [
      0.2557291666666667,
      0.2561334641805692,
      0.04375,
      0.019627085377821395
    ],
    "12": [
      0.014583335320154826,
      0.28164864522318145,
      0.06614583333333333,
      0.023552502453385672
    ],
    "13": [
      0.15208333333333332,
      0.2826300294406281,
      0.10104166666666667,
      0.023552502453385672
    ],
    "14": [
      0.25677080154418946,
      0.2855740922473013,
      0.020833333333333332,
      0.019627085377821395
    ],
    "15": [
      0.28489583333333335,
      0.2855740922473013,
      0.042708333333333334,
      0.019627085377821395
    ],
    "16": [
      0.3333333333333333,
      0.2826300294406281,
      0.04791666666666667,
      0.023552502453385672
    ],
    "17": [
      0.39895833333333336,
      0.2826300294406281,
      0.042708333333333334,
      0.023552502453385672
    ],
    "18": [
      0.5182292302449544,
      0.9627085377821394,
      0.02187493642171224,
      0.019627085377821395
    ],
    "19": [
      0.5453125,
      0.9597644749754661,
      0.03177083333333333,
      0.02551521099116781
    ],
    "20": [
      0.6010417302449544,
      0.9617272434103594,
      0.07395833333333333,
      0.023552502453385672
    ],
    "21": [
      0.21538562774658204,
      0.0649312012796898,
      0.041208966573079424,
      0.09157632634964963
    ],
    "22": [
      0.25612626075744627,
      0.06695667450280605,
      0.04195872942606608,
      0.08883598110509691
    ],
    "23": [
      0.043987790743509926,
      0.06393910296648829,
      0.04955102602640788,
      0.09109456639762481
    ],
    "24": [
      0.09279429912567139,
      0.06325691979345559,
      0.03776507377624512,
      0.09148142686418977
    ],
    "25": [
      0.29824142456054686,
      0.06681662756982566,
      0.03827718098958333,
      0.08849178984307915
    ],
    "26": [
      0.1300272226333618,
      0.06267728421826124,
      0.04484533468882243,
      0.09433561405559986
    ],
    "27": [
      0.17451329231262208,
      0.06333162646532292,
      0.0392578125,
      0.09642253422760519
    ],
    "28": [
      0.007246309518814087,
      0.06342264012569768,
      0.03752466837565104,
      0.08782601099135948
    ],
    "29": [
      0.3304852803548177,
      0.18904585459281464,
      0.06843757629394531,
      0.0342086477532354
    ],
    "30": [
      0.1481799284617106,
      0.18918358799987733,
      0.055379327138264975,
      0.03407450817284102
    ],
    "31": [
      0.0010270198186238606,
      0.1878733836165588,
      0.15010013580322265,
      0.03562784990454796
    ],
    "32": [
      0.2516929149627686,
      0.18910456873600803,
      0.08209837277730306,
      0.03401898355081575
    ],
    "33": [
      0.20082848866780598,
      0.18862871613656926,
      0.05473899841308594,
      0.03417810022655483
    ],
    "34": [
      0.3958085695902506,
      0.1890006023253496,
      0.047841580708821614,
      0.03403874959749141
    ],
    "35": [
      0.0006275713443756103,
      0.03303011219447682,
      0.022806596755981446,
      0.028105431613791095
    ],
    "36": [
      0.3414817174275716,
      0.06625530179279242,
      0.04719333648681641,
      0.08783100491300064
    ],
    "37": [
      0.38786560694376626,
      0.06801830587490033,
      0.047820663452148436,
      0.08711572109892511
    ],
    "38": [
      0.4331374486287435,
      0.06865645718410743,
      0.04153900146484375,
      0.08191990875753266
    ],
    "39": [
      0.9629662831624349,
      0.0,
      0.03450469970703125,
      0.033738462917938083
    ],
    "40": [
      0.922974967956543,
      0.0,
      0.037018203735351564,
      0.03354820348797649
    ],
    "41": [
      0.0070121462146441145,
      0.15542732815279225,
      0.013172173500061035,
      0.027091044088107214
    ],
    "42": [
      0.8995097478230795,
      0.0,
      0.022804896036783855,
      0.03394918844206177
    ],
    "43": [
      4.383226235707601e-05,
      0.9493725657814034,
      0.03283398946126302,
      0.037129620223564766
    ],
    "44": [
      0.0,
      0.0004708296651344187,
      0.016464033722877504,
      0.026902491725813066
    ],
    "45": [
      0.0009534204999605815,
      0.23116930661187438,
      0.014640746514002483,
      0.021271590512680936
    ],
    "46": [
      0.9936405181884765,
      0.14947270177180447,
      0.006359481811523437,
      0.039856106774027844
    ],
    "47": [
      0.001746883988380432,
      0.278257749967416,
      0.01442989706993103,
      0.029183849151281895
    ]
  },
  "parsed_content_list": [
    {
      "type": "text",
      "bbox": [
        0.02812499925494194,
        0.005888125393539667,
        0.14895834028720856,
        0.03140333667397499
      ],
      "interactivity": false,
      "content": "999518.zip (evaluation copy)",
      "source": "box_ocr_content_ocr"
    },
    {
      "type": "text",
      "bbox": [
        0.02968749962747097,
        0.03729146346449852,
        0.07916666567325592,
        0.05691854655742645
      ],
      "interactivity": false,
      "content": "Commands",
      "source": "box_ocr_content_ocr"
    },
    {
      "type": "text",
      "bbox": [
        0.08906249701976776,
        0.03827281668782234,
        0.11302082985639572,
        0.05789990350604057
      ],
      "interactivity": false,
      "content": "Tools",
      "source": "box_ocr_content_ocr"
    },
    {
      "type": "text",
      "bbox": [
        0.1223958358168602,
        0.03827281668782234,
        0.16093750298023224,
        0.05789990350604057
      ],
      "interactivity": false,
      "content": "Favorites",
      "source": "box_ocr_content_ocr"
    },
    {
      "type": "text",
      "bbox": [
        0.16875000298023224,
        0.03729146346449852,
        0.20624999701976776,
        0.06084396317601204
      ],
      "interactivity": false,
      "content": "Options",
      "source": "box_ocr_content_ocr"
    },
    {
      "type": "text",
      "bbox": [
        0.2135416716337204,
        0.03532875329256058,
        0.2369791716337204,
        0.06084396317601204
      ],
      "interactivity": false,
      "content": "Help",
      "source": "box_ocr_content_ocr"
    },
    {
      "type": "text",
      "bbox": [
        0.34427082538604736,
        0.12463199347257614,
        0.4333333373069763,
        0.14425908029079437
      ],
      "interactivity": false,
      "content": "VirusScan  Comment",
      "source": "box_ocr_content_ocr"
    },
    {
      "type": "text",