{
  "label_coordinates": {
    "0": [
      0.14487250706325455,
      0.342185935155851,
      0.019533369506239826,
      0.01634320735444331
    ],
    "1": [
      0.041779711139118034,
      0.4811031664964249,
      0.029300050119699116,
      0.01634320735444331
    ],
    "2": [
      0.008493701854091072,
      0.5084756572594803,
      0.10500553853474294,
      0.04247884779590143
    ],
    "3": [
      0.00927563820982264,
      0.4257785068469101,
      0.10486727386987928,
      0.04352548538847038
    ],
    "4": [
      0.01056446359006206,
      0.38242075903544753,
      0.10342174577635393,
      0.045280479922114404
    ],
    "5": [
      0.0070292803494747865,
      0.22233642328747447,
      0.10538744706533167,
      0.042446958641231484
    ],
    "6": [
      0.0067124348649238675,
      0.6704662038551775,
      0.10656093322124678,
      0.04285391163655516
    ],
    "7": [
      0.006951020065365573,
      0.2632628334676647,
      0.10577912519499458,
      0.04187242392987104
    ],
    "8": [
      0.0071539669274895724,
      0.7119505339672179,
      0.1061743965500797,
      0.0429726153520812
    ],
    "9": [
      0.007757827502130104,
      0.17669562397256447,
      0.10547649944468937,
      0.047604616377521704
    ],
    "10": [
      0.007964649086598786,
      0.3043571370858338,
      0.10483213643049716,
      0.04157236038847038
    ],
    "11": [
      0.006997690599247999,
      0.7537090546994701,
      0.10663437080072827,
      0.039961880147152705
    ],
    "12": [
      0.12033399808555599,
      0.18491485876252872,
      0.07727879541307058,
      0.021642729746552604
    ],
    "13": [
      0.008618516761585222,
      0.5487529376675817,
      0.10396438077035573,
      0.043047927373276305
    ],
    "14": [
      0.008589067215901384,
      0.5899113936614211,
      0.1040606113212366,
      0.04357922625127681
    ],
    "15": [
      0.9580336439822978,
      0.9553101708136491,
      0.017107594614758546,
      0.037781572195799286
    ],
    "16": [
      0.9753545801470089,
      0.9562952121504724,
      0.01905104936753934,
      0.036822840190883555
    ],
    "17": [
      0.9656515468156538,
      0.0,
      0.027943040389310905,
      0.04151046799687979
    ],
    "18": [
      0.9332834410395754,
      0.0,
      0.02679784467410472,
      0.04135793855411892
    ],
    "19": [
      0.9034699363936177,
      0.0,
      0.02527895351498915,
      0.043710281948755904
    ],
    "20": [
      0.0036503072025590917,
      0.7960704456676136,
      0.1118994478421307,
      0.16661974212365935
    ],
    "21": [
      0.10093735329042747,
      0.4747449117003958,
      0.013089292280970225,
      0.029929421164772728
    ],
    "22": [
      0.12703947004130917,
      0.21655477615372032,
      0.026662568844212052,
      0.04773789309383778
    ],
    "23": [
      0.9951085107713307,
      0.9532697013254916,
      0.004626882121540966,
      0.041472235300689476
    ]
  },
  "parsed_content_list": [
    {
      "type": "text",
      "bbox": [
        0.1448724865913391,
        0.342185914516449,
        0.16440586745738983,
        0.35852912068367004
      ],
      "interactivity": false,
      "content": "Acer",
      "source": "box_ocr_content_ocr"
    },
    {
      "type": "text",
      "bbox": [
        0.04177970811724663,
        0.48110315203666687,
        0.07107976078987122,
        0.4974463880062103
      ],
      "interactivity": false,
      "content": "Pictures",
      "source": "box_ocr_content_ocr"
    },
    {
      "type": "icon",
      "bbox": [
        0.008493697270751,
        0.5084756016731262,
        0.1134992390871048,
        0.5509544610977173
      ],
      "interactivity": true,
      "content": "tutorial ",
      "source": "box_yolo_content_ocr"
    },
    {
      "type": "icon",
      "bbox": [
        0.009275639429688454,
        0.42577850818634033,
        0.11414290964603424,
        0.4693039655685425
      ],
      "interactivity": true,
      "content": "Videos ",
      "source": "box_yolo_content_ocr"
    },
    {
      "type": "icon",
      "bbox": [
        0.010564458556473255,
        0.38242077827453613,
        0.11398620903491974,
        0.42770126461982727
      ],
      "interactivity": true,
      "content": "Downloads ",
      "source": "box_yolo_content_ocr"
    },
    {
      "type": "icon",
      "bbox": [
        0.007029282860457897,
        0.22233642637729645,
        0.11241672188043594,
        0.2647833824157715
      ],
      "interactivity": true,
      "content": "Gallery ",
      "source": "box_yolo_content_ocr"
    },
    {
      "type": "icon",
      "bbox": [
        0.006712437141686678,
        0.6704661846160889,
        0.11327336728572845,
        0.7133201360702515
      ],
      "interactivity": true,
      "content": "This ",
      "source": "box_yolo_content_ocr"
    },
    {
      "type": "icon",
      "bbox": [
        0.006951021961867809,
        0.2632628381252289,
        0.11273014545440674,
        0.30513525009155273
      ],
      "interactivity": true,
      "content": "Ashen Personal ",
      "source": "box_yolo_content_ocr"
    },
    {
      "type": "icon",
      "bbox": [
        0.007153964135795832,
        0.7119504809379578,
        0.11332835257053375,
        0.7549231052398682
      ],
      "interactivity": true,
      "content": "Acer ",
      "source": "box_yolo_content_ocr"
    },
    {
      "type": "icon",
      "bbox": [
        0.007757830433547497,
        0.17669561505317688,
        0.11323432624340057,
        0.22430023550987244
      ],
      "interactivity": true,
      "content": "Home ",
      "source": "box_yolo_content_ocr"
    },
    {
      "type": "icon",
      "bbox": [
        0.007964647375047207,
        0.3043571412563324,
        0.11279678344726562,
        0.34592947363853455
      ],
      "interactivity": true,
      "content": "Ashen Personal ",
      "source": "box_yolo_content_ocr"
    },
    {
      "type": "icon",
      "bbox": [
        0.0069976928643882275,
        0.7537090182304382,
        0.11363206058740616,
        0.7936709523200989
      ],
      "interactivity": true,
      "content": "Network ",
      "source": "box_yolo_content_ocr"
    },
    {
      "type": "icon",
      "bbox": [
        0.12033398449420929,
        0.18491485714912415,
        0.19761279225349426,
        0.20655760169029236
      ],
      "interactivity": true,
      "content": "Devices and drives ",
      "source": "box_yolo_content_ocr"
    },
    {
      "type": "icon",
      "bbox": [
        0.008618521504104137,
        0.5487529635429382,
        0.11258289963006973,
        0.5918008685112
      ],
      "interactivity": true,
      "content": "M&m",
      "source": "box_yolo_content_yolo"
    },
    {
      "type": "icon",
      "bbox": [
        0.008589064702391624,
        0.5899114012718201,
        0.11264967918395996,
        0.6334906816482544
      ],
      "interactivity": true,
      "content": "H&m",
      "source": "box_yolo_content_yolo"
    },
    {
      "type": "icon",
      "bbox": [
        0.9580336213111877,
        0.9553101658821106,
        0.9751412272453308,
        0.9930917024612427
      ],
      "interactivity": true,
      "content": "Justified",
      "source": "box_yolo_content_yolo"
    },
    {
      "type": "icon",
      "bbox": [
        0.9753545522689819,
        0.9562952518463135,
        0.9944055676460266,
        0.9931180477142334
      ],
      "interactivity": true,
      "content": "Maximize",
      "source": "box_yolo_content_yolo"
    },
    {
      "type": "icon",
      "bbox": [
        0.9656515717506409,
        0.0,
        0.9935945868492126,
        0.04151046648621559
      ],
      "interactivity": true,
      "content": "Close",
      "source": "box_yolo_content_yolo"
    },
    {
      "type": "icon",