{
  "label_coordinates": {
    "0": [
      0.027083333333333334,
      0.3574074074074074,
      0.09479166666666666,
      0.022222222222222223
    ],
    "1": [
      0.9307291666666667,
      0.9453703703703704,
      0.036458333333333336,
      0.018518518518518517
    ],
    "2": [
      0.9208333333333333,
      0.9666665536385995,
      0.04791666666666667,
      0.022222222222222223
    ],
    "3": [
      0.0,
      0.42472014250578705,
      0.06253542900085449,
      0.12437800654658565
    ],
    "4": [
      0.0,
      0.13861017580385562,
      0.0623969554901123,
      0.13630833095974393
    ],
    "5": [
      0.00641670028368632,
      0.7148461235894097,
      0.04472232659657796,
      0.11505126953125
    ],
    "6": [
      0.0004279812177022298,
      0.5702027497468172,
      0.05222270091374715,
      0.12109058521412037
    ],
    "7": [
      0.8199689865112305,
      0.9354135018807871,
      0.029987335205078125,
      0.06458649811921297
    ],
    "8": [
      0.010662666956583659,
      0.009716712103949653,
      0.03811647097269694,
      0.10041618347167969
    ],
    "9": [
      0.868815549214681,
      0.9475745872214988,
      0.021125030517578126,
      0.034308369954427084
    ],
    "10": [
      0.5344856262207032,
      0.9390926219798901,
      0.039352162679036455,
      0.060907264992042826
    ],
    "11": [
      0.4313220024108887,
      0.9378393102575231,
      0.035353469848632815,
      0.05610283745659722
    ],
    "12": [
      0.46677764256795246,
      0.9390194363064236,
      0.033505948384602864,
      0.05631849500868055
    ],
    "13": [
      0.5011192639668782,
      0.9393081665039062,
      0.03360172907511393,
      0.06041875768590856
    ],
    "14": [
      0.39755935668945314,
      0.9380334924768519,
      0.03360309600830078,
      0.05480753580729167
    ],
    "15": [
      0.573453712463379,
      0.9386135525173611,
      0.02400360107421875,
      0.06138644748263889
    ],
    "16": [
      0.8909231821695963,
      0.9356084187825521,
      0.022410202026367187,
      0.06439158121744791
    ],
    "17": [
      0.001083242893218994,
      0.2840794881184896,
      0.0588486909866333,
      0.09549605758101852
    ],
    "18": [
      0.7900380452473958,
      0.9355559172453703,
      0.028479766845703126,
      0.06444408275462964
    ],
    "19": [
      5.980481704076131e-05,
      0.008205219551368995,
      0.00995994011561076,
      0.10007144786693432
    ]
  },
  "parsed_content_list": [
    {
      "type": "text",
      "bbox": [
        0.02708333358168602,
        0.35740742087364197,
        0.12187500298023224,
        0.37962964177131653
      ],
      "interactivity": false,
      "content": "Location: Applications",
      "source": "box_ocr_content_ocr"
    },
    {
      "type": "text",
      "bbox": [
        0.9307291507720947,
        0.9453703761100769,
        0.9671875238418579,
        0.9638888835906982
      ],
      "interactivity": false,
      "content": "145 PM",
      "source": "box_ocr_content_ocr"
    },
    {
      "type": "text",
      "bbox": [
        0.9208333492279053,
        0.9666666388511658,
        0.96875,
        0.9888888597488403
      ],
      "interactivity": false,
      "content": "3/20/2026",
      "source": "box_ocr_content_ocr"
    },
    {
      "type": "icon",
      "bbox": [
        0.0,
        0.4247201383113861,
        0.06253542751073837,
        0.5490981340408325
      ],
      "interactivity": true,
      "content": "Downloads Shortcut ",
      "source": "box_yolo_content_ocr"
    },
    {
      "type": "icon",
      "bbox": [
        0.0,
        0.13861018419265747,
        0.062396954745054245,
        0.27491849660873413
      ],
      "interactivity": true,
      "content": "Control Panel ",
      "source": "box_yolo_content_ocr"
    },
    {
      "type": "icon",
      "bbox": [
        0.006416702177375555,
        0.714846134185791,
        0.05113903060555458,
        0.829897403717041
      ],
      "interactivity": true,
      "content": "Pictures Shortcut ",
      "source": "box_yolo_content_ocr"
    },
    {
      "type": "icon",
      "bbox": [
        0.0004279792192392051,
        0.5702027678489685,
        0.052650682628154755,
        0.6912933588027954
      ],
      "interactivity": true,
      "content": "Videos Shortcut ",
      "source": "box_yolo_content_ocr"
    },
    {
      "type": "icon",
      "bbox": [
        0.8199689984321594,
        0.9354134798049927,
        0.8499563336372375,
        1.0
      ],
      "interactivity": true,
      "content": "ENG US ",
      "source": "box_yolo_content_ocr"
    },
    {
      "type": "icon",
      "bbox": [
        0.010662666521966457,
        0.009716711938381195,
        0.048779137432575226,
        0.11013289541006088
      ],
      "interactivity": true,
      "content": "This PC ",
      "source": "box_yolo_content_ocr"
    },
    {
      "type": "icon",
      "bbox": [
        0.8688156008720398,
        0.9475746750831604,
        0.889940619468689,
        0.9818830490112305
      ],
      "interactivity": true,
      "content": "Qx ",
      "source": "box_yolo_content_ocr"
    },
    {
      "type": "icon",
      "bbox": [
        0.5344856381416321,
        0.9390926957130432,
        0.5738378167152405,
        1.0
      ],
      "interactivity": true,
      "content": "Google Chrome",
      "source": "box_yolo_content_yolo"
    },
    {
      "type": "icon",
      "bbox": [
        0.43132200837135315,
        0.9378392696380615,
        0.46667546033859253,
        0.993942141532898
      ],
      "interactivity": true,
      "content": "folder",
      "source": "box_yolo_content_yolo"
    },
    {
      "type": "icon",
      "bbox": [
        0.46677762269973755,
        0.9390194416046143,
        0.5002835988998413,
        0.9953379034996033
      ],
      "interactivity": true,
      "content": "Google Chrome",
      "source": "box_yolo_content_yolo"
    },
    {
      "type": "icon",
      "bbox": [
        0.5011192560195923,
        0.9393081665039062,
        0.5347210168838501,
        0.9997269511222839
      ],
      "interactivity": true,
      "content": "PowerPoint",
      "source": "box_yolo_content_yolo"
    },
    {
      "type": "icon",
      "bbox": [
        0.39755937457084656,
        0.9380335211753845,
        0.43116244673728943,
        0.9928410053253174
      ],
      "interactivity": true,
      "content": "Windows",
      "source": "box_yolo_content_yolo"
    },
    {
      "type": "icon",
      "bbox": [
        0.5734537243843079,
        0.9386135339736938,
        0.5974572896957397,
        1.0
      ],
      "interactivity": true,
      "content": "Pencil",
      "source": "box_yolo_content_yolo"
    },
    {
      "type": "icon",
      "bbox": [
        0.8909232020378113,
        0.935608446598053,
        0.9133333563804626,
        1.0
      ],
      "interactivity": true,
      "content": "Subtitles",
      "source": "box_yolo_content_yolo"
    },
    {
      "type": "icon",
      "bbox": [
        0.0010832429397851229,
        0.28407949209213257,
        0.059931933879852295,
        0.3795755207538605
      ],
      "interactivity": true,
      "content": "Locateate",
      "source": "box_yolo_content_yolo"
    },
    {
      "type": "icon",
      "bbox": [
        0.7900380492210388,
        0.9355558753013611,
        0.818517804145813,
        1.0
      ],
      "interactivity": true,
      "content": "Go to next month month",
      "source": "box_yolo_content_yolo"
    },
    {
      "type": "icon",
      "bbox": [
        5.9805064665852115e-05,
        0.008205222897231579,
        0.010019744746387005,
        0.10827666521072388
      ],
      "interactivity": true,
      "content": "M0,0L9,0 4.5,5z",
      "source": "box_yolo_content_yolo"
    }
  ]
}