{
  "label_coordinates": {
    "0": [
      0.1421875,
      0.05986261040235525,
      0.057291666666666664,
      0.019627085377821395
    ],
    "1": [
      0.22552083333333334,
      0.13444553483807656,
      0.18020833333333333,
      0.03631010794896958
    ],
    "2": [
      0.6708333333333333,
      0.13935232115680968,
      0.03854166666666667,
      0.02551521099116781
    ],
    "3": [
      0.546875,
      0.21589793915603533,
      0.08229166666666667,
      0.02747791952894995
    ],
    "4": [
      0.546875,
      0.37684003925417076,
      0.10104166666666667,
      0.03140333660451423
    ],
    "5": [
      0.2734375,
      0.3994112173872209,
      0.12708333333333333,
      0.019627085377821395
    ],
    "6": [
      0.27395830154418943,
      0.4396467124631992,
      0.11875,
      0.02551521099116781
    ],
    "7": [
      0.5468749364217123,
      0.4514229936384476,
      0.08333333333333333,
      0.02551521099116781
    ],
    "8": [
      0.27291669845581057,
      0.46908737047848686,
      0.10729166666666666,
      0.02551521099116781
    ],
    "9": [
      0.5458333333333333,
      0.48282630029440626,
      0.128125,
      0.02551521099116781
    ],
    "10": [
      0.27291666666666664,
      0.49656526005888124,
      0.020833333333333332,
      0.023552502453385672
    ],
    "11": [
      0.30104166666666665,
      0.49656526005888124,
      0.029166666666666667,
      0.023552502453385672
    ],
    "12": [
      0.546875,
      0.5103042198233563,
      0.09791666666666667,
      0.02551521099116781
    ],
    "13": [
      0.27291666666666664,
      0.5220804710500491,
      0.17083333333333334,
      0.02747791952894995
    ],
    "14": [
      0.2734375,
      0.60549558390579,
      0.0375,
      0.019627085377821395
    ],
    "15": [
      0.3182291666666667,
      0.6094210009813543,
      0.03854166666666667,
      0.019627085377821395
    ],
    "16": [
      0.8340899149576823,
      0.04164160222136822,
      0.16247596740722656,
      0.05592591769561917
    ],
    "17": [
      0.7080332438151041,
      0.1276753344175509,
      0.06444473266601562,
      0.04214636266407017
    ],
    "18": [
      0.27332321802775067,
      0.20419119852681858,
      0.2105094273885091,
      0.12341051036172106
    ],
    "19": [
      0.7117108662923177,
      0.16725786113645424,
      0.11139399210611979,
      0.04645218629247424
    ],
    "20": [
      0.7084041595458984,
      0.21190485331916248,
      0.11598981221516927,
      0.08145454563968198
    ],
    "21": [
      0.2740849494934082,
      0.33486534171062315,
      0.2123781204223633,
      0.061799024108347644
    ],
    "22": [
      0.27132501602172854,
      0.5625708582824767,
      0.20931193033854167,
      0.037420121212585866
    ],
    "23": [
      0.0,
      0.0,
      0.08024044831593831,
      0.0331018539593428
    ],
    "24": [
      0.5410601298014323,
      0.40876229448103224,
      0.2832097371419271,
      0.029222123405299314
    ],
    "25": [
      0.5450292587280273,
      0.3049927057298056,
      0.1821435292561849,
      0.03204076166124877
    ],
    "26": [
      0.5439738591512044,
      0.24606667650576547,
      0.1062329610188802,
      0.03447162601968842
    ],
    "27": [
      0.22393102645874025,
      0.4415541359674006,
      0.04510478973388672,
      0.11087692006179466
    ],
    "28": [
      0.49972960154215496,
      0.21047004797039837,
      0.041332308451334634,
      0.08044914268066886
    ],
    "29": [
      0.22498547236124675,
      0.3365941220808544,
      0.043351141611735027,
      0.0838836879561764
    ],
    "30": [
      0.49885641733805336,
      0.37196237790572867,
      0.04218235015869141,
      0.07509145090928607
    ],
    "31": [
      0.7792104085286459,
      0.05134119814347706,
      0.018221410115559895,
      0.034827280091350284
    ],
    "32": [
      0.22796258926391602,
      0.21220763321596695,
      0.0376795768737793,
      0.08183150810863132
    ],
    "33": [
      0.06054037809371948,
      0.0552754462993648,
      0.015690894921620686,
      0.028961350101250078
    ],
    "34": [
      0.968967056274414,
      0.0,
      0.025011062622070312,
      0.033040751418842766
    ],
    "35": [
      0.08141236305236817,
      0.05306860088015211,
      0.021425946553548177,
      0.03486441630025607
    ],
    "36": [
      0.4996026992797852,
      0.45210450296898,
      0.04081802368164063,
      0.07769077589280238
    ],
    "37": [
      0.11101412773132324,
      0.04908380330603303,
      0.018234634399414064,
      0.038295023340706266
    ],
    "38": [
      0.8046739578247071,
      0.04556545448490401,
      0.02198638916015625,
      0.04960415197190873
    ],
    "39": [
      0.4989328384399414,
      0.29389152489419773,
      0.04277935028076172,
      0.06787540634200197
    ],
    "40": [
      0.9936393737792969,
      0.0,
      0.006360626220703125,
      0.03193512561861736
    ],
    "41": [
      4.418840010960897e-05,
      0.04537532607987304,
      0.004452237486839294,
      0.04852899882697498
    ]
  },
  "parsed_content_list": [
    {
      "type": "text",
      "bbox": [
        0.14218750596046448,
        0.05986260995268822,
        0.19947916269302368,
        0.07948969304561615
      ],
      "interactivity": false,
      "content": "Control Panel",
      "source": "box_ocr_content_ocr"
    },
    {
      "type": "text",
      "bbox": [
        0.22552083432674408,
        0.13444553315639496,
        0.40572917461395264,
        0.17075563967227936
      ],
      "interactivity": false,
      "content": "Adjust your computer's settings",
      "source": "box_ocr_content_ocr"
    },
    {
      "type": "text",
      "bbox": [
        0.6708333492279053,
        0.13935230672359467,
        0.7093750238418579,
        0.16486752033233643
      ],
      "interactivity": false,
      "content": "View by:",
      "source": "box_ocr_content_ocr"
    },
    {
      "type": "text",
      "bbox": [
        0.546875,
        0.21589793264865875,
        0.6291666626930237,
        0.24337585270404816
      ],
      "interactivity": false,
      "content": "User Accounts",
      "source": "box_ocr_content_ocr"
    },
    {
      "type": "text",
      "bbox": [
        0.546875,
        0.3768400251865387,
        0.6479166746139526,
        0.4082433879375458
      ],
      "interactivity": false,
      "content": "Clock and Region",
      "source": "box_ocr_content_ocr"
    },
    {
      "type": "text",
      "bbox": [
        0.2734375,
        0.3994112014770508,
        0.40052083134651184,
        0.4190382659435272
      ],
      "interactivity": false,
      "content": "View network status and tasks",
      "source": "box_ocr_content_ocr"
    },
    {
      "type": "text",
      "bbox": [
        0.27395832538604736,
        0.43964672088623047,
        0.39270833134651184,
        0.46516191959381104
      ],
      "interactivity": false,
      "content": "Hardware and Sound",
      "source": "box_ocr_content_ocr"
    },
    {
      "type": "text",
      "bbox": [
        0.546875,
        0.45142295956611633,
        0.6302083134651184,
        0.4769381880760193
      ],
      "interactivity": false,
      "content": "Ease of Access",
      "source": "box_ocr_content_ocr"
    },
    {
      "type": "text",
      "bbox": [
        0.27291667461395264,
        0.4690873324871063,
        0.3802083432674408,
        0.4946025609970093
      ],
      "interactivity": false,
      "content": "View devices and printers",
      "source": "box_ocr_content_ocr"
    },
    {
      "type": "text",
      "bbox": [
        0.5458333492279053,
        0.482826292514801,
        0.6739583611488342,
        0.5083414912223816
      ],
      "interactivity": false,
      "content": "Let Windows suggest settings",
      "source": "box_ocr_content_ocr"
    },
    {
      "type": "text",