{
  "label_coordinates": {
    "0": [
      0.8989583333333333,
      0.07407406700981987,
      0.057291666666666664,
      0.02962962962962963
    ],
    "1": [
      0.8921875,
      0.11944445857295284,
      0.029166666666666667,
      0.018518518518518517
    ],
    "2": [
      0.9255208333333333,
      0.12314814814814815,
      0.019791666666666666,
      0.014814814814814815
    ],
    "3": [
      0.9151041666666667,
      0.13796296296296295,
      0.04583333333333333,
      0.016666666666666666
    ],
    "4": [
      0.9244791666666666,
      0.16944443031593606,
      0.017708333333333333,
      0.016666666666666666
    ],
    "5": [
      0.8921875,
      0.1824074074074074,
      0.027083333333333334,
      0.018518518518518517
    ],
    "6": [
      0.9244791666666666,
      0.18611111111111112,
      0.015625,
      0.014814814814814815
    ],
    "7": [
      0.3561720848083496,
      0.9501614040798612,
      0.14796568552652994,
      0.04235139069733796
    ],
    "8": [
      0.8489119211832682,
      0.00014350325972945603,
      0.09547309875488282,
      0.03443944719102648
    ],
    "9": [
      0.8494174957275391,
      0.22774622881854023,
      0.15058250427246095,
      0.043697682133427375
    ],
    "10": [
      0.9121134440104167,
      0.03646245179352937,
      0.0289398193359375,
      0.037180250662344476
    ],
    "11": [
      0.909359868367513,
      0.15337292706524885,
      0.048051706949869794,
      0.01602559972692419
    ],
    "12": [
      0.5596258163452148,
      0.9517270688657408,
      0.026138432820638022,
      0.04756130642361111
    ],
    "13": [
      0.5884210586547851,
      0.9485292787905093,
      0.026769638061523438,
      0.04997897677951389
    ],
    "14": [
      0.5036636352539062,
      0.9487944426359953,
      0.02597192128499349,
      0.050628662109375
    ],
    "15": [
      0.5321061452229817,
      0.948877857349537,
      0.024981053670247395,
      0.050238037109375
    ],
    "16": [
      0.9764670054117839,
      4.4610765245225695e-05,
      0.023215103149414062,
      0.03390981886121962
    ],
    "17": [
      0.617843500773112,
      0.9484013310185185,
      0.02586644490559896,
      0.05051405164930556
    ],
    "18": [
      0.32786763509114586,
      0.9494003861038773,
      0.026898574829101563,
      0.04308788158275463
    ],
    "19": [
      0.649607785542806,
      0.948175048828125,
      0.019651412963867188,
      0.05101793077256944
    ],
    "20": [
      0.9434127807617188,
      6.131066216362847e-05,
      0.02934684753417969,
      0.03396771748860677
    ],
    "21": [
      0.08813031514485677,
      0.1992125051992911,
      0.7485070546468099,
      0.7052122893156829
    ],
    "22": [
      0.8925534566243489,
      0.15115822686089408,
      0.007079696655273438,
      0.020463731553819444
    ]
  },
  "parsed_content_list": [
    {
      "type": "text",
      "bbox": [
        0.8989583253860474,
        0.07407407462596893,
        0.956250011920929,
        0.10370370000600815
      ],
      "interactivity": false,
      "content": "Manual",
      "source": "box_ocr_content_ocr"
    },
    {
      "type": "text",
      "bbox": [
        0.8921874761581421,
        0.11944444477558136,
        0.9213541746139526,
        0.1379629671573639
      ],
      "interactivity": false,
      "content": "SPACE",
      "source": "box_ocr_content_ocr"
    },
    {
      "type": "text",
      "bbox": [
        0.9255208373069763,
        0.12314815074205399,
        0.9453125,
        0.1379629671573639
      ],
      "interactivity": false,
      "content": "Scan",
      "source": "box_ocr_content_ocr"
    },
    {
      "type": "text",
      "bbox": [
        0.9151041507720947,
        0.1379629671573639,
        0.9609375,
        0.1546296328306198
      ],
      "interactivity": false,
      "content": "Select action",
      "source": "box_ocr_content_ocr"
    },
    {
      "type": "text",
      "bbox": [
        0.9244791865348816,
        0.16944444179534912,
        0.942187488079071,
        0.18611110746860504
      ],
      "interactivity": false,
      "content": "back",
      "source": "box_ocr_content_ocr"
    },
    {
      "type": "text",
      "bbox": [
        0.8921874761581421,
        0.182407408952713,
        0.9192708134651184,
        0.20092593133449554
      ],
      "interactivity": false,
      "content": "QIESC",
      "source": "box_ocr_content_ocr"
    },
    {
      "type": "text",
      "bbox": [
        0.9244791865348816,
        0.18611110746860504,
        0.9401041865348816,
        0.20092593133449554
      ],
      "interactivity": false,
      "content": "Quit",
      "source": "box_ocr_content_ocr"
    },
    {
      "type": "icon",
      "bbox": [
        0.3561720550060272,
        0.9501613974571228,
        0.5041377544403076,
        0.9925127029418945
      ],
      "interactivity": true,
      "content": "Search ",
      "source": "box_yolo_content_ocr"
    },
    {
      "type": "icon",
      "bbox": [
        0.8489119410514832,
        0.000143501500133425,
        0.9443849921226501,
        0.0345829501748085
      ],
      "interactivity": true,
      "content": "BCI Manual ",
      "source": "box_yolo_content_ocr"
    },
    {
      "type": "icon",
      "bbox": [
        0.849417507648468,
        0.22774624824523926,
        1.0,
        0.2714439332485199
      ],
      "interactivity": true,
      "content": "Press SPACE to scan ",
      "source": "box_yolo_content_ocr"
    },
    {
      "type": "icon",
      "bbox": [
        0.9121134281158447,
        0.03646245226264,
        0.9410532712936401,
        0.07364270091056824
      ],
      "interactivity": true,
      "content": "BCI ",
      "source": "box_yolo_content_ocr"
    },
    {
      "type": "icon",
      "bbox": [
        0.9093599319458008,
        0.15337292850017548,
        0.9574115872383118,
        0.16939853131771088
      ],
      "interactivity": true,
      "content": "More options ",
      "source": "box_yolo_content_ocr"
    },
    {
      "type": "icon",
      "bbox": [
        0.5596257448196411,
        0.9517270922660828,
        0.5857642292976379,
        0.9992883801460266
      ],
      "interactivity": true,
      "content": "Microsoft Edge browser",
      "source": "box_yolo_content_yolo"
    },
    {
      "type": "icon",
      "bbox": [
        0.5884210467338562,
        0.9485293030738831,
        0.6151906847953796,
        0.9985082745552063
      ],
      "interactivity": true,
      "content": "Google Chrome",
      "source": "box_yolo_content_yolo"
    },
    {
      "type": "icon",
      "bbox": [
        0.5036636590957642,
        0.948794424533844,
        0.5296355485916138,
        0.999423086643219
      ],
      "interactivity": true,
      "content": "Gallery",
      "source": "box_yolo_content_yolo"
    },
    {
      "type": "icon",
      "bbox": [
        0.5321061611175537,
        0.9488778710365295,
        0.5570871829986572,
        0.9991158843040466
      ],
      "interactivity": true,
      "content": "Spotify",
      "source": "box_yolo_content_yolo"
    },
    {
      "type": "icon",
      "bbox": [
        0.976466953754425,
        4.461076605366543e-05,
        0.9996820688247681,
        0.0339544303715229
      ],
      "interactivity": true,
      "content": "Close",
      "source": "box_yolo_content_yolo"
    },
    {
      "type": "icon",
      "bbox": [
        0.6178434491157532,
        0.9484013319015503,
        0.6437099575996399,
        0.9989153742790222
      ],
      "interactivity": true,
      "content": "PyCharm",
      "source": "box_yolo_content_yolo"
    },
    {
      "type": "icon",
      "bbox": [
        0.32786762714385986,
        0.9494003653526306,
        0.35476621985435486,
        0.9924881458282471
      ],
      "interactivity": true,
      "content": "Windows",