{
  "label_coordinates": {
    "0": [
      0.07777777777777778,
      0.03571428571428571,
      0.22962962962962963,
      0.025793650793650792
    ],
    "1": [
      0.13703703703703704,
      0.10317461074344696,
      0.362962962962963,
      0.02579364322480701
    ],
    "2": [
      0.07407407407407407,
      0.1309523960900685,
      0.5148148148148148,
      0.027777777777777776
    ],
    "3": [
      0.5796296296296296,
      0.1259920634920635,
      0.1648148148148148,
      0.03670634920634921
    ],
    "4": [
      0.07407410233109085,
      0.15873015873015872,
      0.48518518518518516,
      0.027777777777777776
    ],
    "5": [
      0.1425925925925926,
      0.2728174603174603,
      0.337037037037037,
      0.01984126984126984
    ],
    "6": [
      0.07407407407407407,
      0.32936507936507936,
      0.14814814814814814,
      0.023809523809523808
    ],
    "7": [
      0.2518518518518518,
      0.376984126984127,
      0.26296296296296295,
      0.025793650793650792
    ],
    "8": [
      0.07592592592592592,
      0.4503968253968254,
      0.3388888888888889,
      0.031746031746031744
    ],
    "9": [
      0.3462963245533131,
      0.6755952380952381,
      0.04814814814814815,
      0.01984126984126984
    ],
    "10": [
      0.4740740740740741,
      0.7361111111111112,
      0.05185185185185185,
      0.023809523809523808
    ],
    "11": [
      0.7333333898473668,
      0.13392855629088388,
      0.1111111111111111,
      0.01984126984126984
    ],
    "12": [
      0.7433336046006944,
      0.029973306353130037,
      0.17891031901041668,
      0.03846931079077342
    ],
    "13": [
      0.4339475843641493,
      0.596969967796689,
      0.13733339662905092,
      0.052795652359250995
    ],
    "14": [
      0.7172178480360243,
      0.924996330624535,
      0.20474310980902777,
      0.03906068347749256
    ],
    "15": [
      0.08033803304036459,
      0.207815064324273,
      0.35407737449363424,
      0.029514312744140625
    ],
    "16": [
      0.18457056681315104,
      0.9265240866040426,
      0.1494423195167824,
      0.041813078380766366
    ],
    "17": [
      0.16996885229040076,
      0.5950506301153273,
      0.1328134466100622,
      0.06484827919611855
    ],
    "18": [
      0.5754610979998553,
      0.7877223907955109,
      0.11291232638888889,
      0.06041233123294891
    ],
    "19": [
      0.039944288465711804,
      0.5148876129634796,
      0.28348063716182004,
      0.08048320951915923
    ],
    "20": [
      0.4440435904043692,
      0.7870015946645585,
      0.11791008843315973,
      0.06600334530784971
    ],
    "21": [
      0.5669236359772859,
      0.5172532702249194,
      0.1223549171730324,
      0.0805146959092882
    ],
    "22": [
      0.6948454680266204,
      0.5963065737769717,
      0.13896766945167824,
      0.0640229724702381
    ],
    "23": [
      0.07557313000714337,
      0.924926515609499,
      0.07819553657814309,
      0.0469146001906622
    ],
    "24": [
      0.7244014033564815,
      0.5137275816902281,
      0.11757744683159722,
      0.07722218831380208
    ],
    "25": [
      0.05782476354528356,
      0.3671216207837302,
      0.17084068015769677,
      0.06461739918542286
    ],
    "26": [
      0.30869465580692995,
      0.5966628543914311,
      0.1312599464699074,
      0.05763462611607143
    ],
    "27": [
      0.3698535777904369,
      0.9255298432849702,
      0.07460445827907985,
      0.0392699468703497
    ],
    "28": [
      0.839440522370515,
      0.5167310805547805,
      0.10648328993055556,
      0.07341657366071429
    ],
    "29": [
      0.5690080995912905,
      0.5967765081496466,
      0.12896095558449075,
      0.062165154351128474
    ],
    "30": [
      0.8343239113136575,
      0.7876649281335255,
      0.11654538755063658,
      0.0608885023328993
    ],
    "31": [
      0.440318270082827,
      0.5157656593928261,
      0.13010155006691262,
      0.0814149644639757
    ],
    "32": [
      0.8074262830946181,
      0.42774778699117993,
      0.16243546097366898,
      0.07746027386377728
    ],
    "33": [
      0.43605129100658274,
      0.6552162775917659,
      0.12765189276801214,
      0.07105545770554315
    ],
    "34": [
      0.052428259672941985,
      0.7893354627821181,
      0.1130562181825991,
      0.06051853724888393
    ],
    "35": [
      0.03980486128065321,
      0.5948881119016617,
      0.1400934855143229,
      0.07298799545045882
    ],
    "36": [
      0.8279859754774306,
      0.5967513795882936,
      0.13006004050925926,
      0.06702822730654762
    ],
    "37": [
      0.5840386849862558,
      0.8510953509618365,
      0.09697751645688657,
      0.05791582380022321
    ],
    "38": [
      0.8468337447554977,
      0.8515059455992684,
      0.08842151783130787,
      0.05646551223028274
    ],
    "39": [
      0.7036161634657118,
      0.7882733420720176,
      0.11334488480179399,
      0.0600495111374628
    ],
    "40": [
      0.7120130750868056,
      0.8514918978252108,
      0.1012561939380787,
      0.05640375046502976
    ],
    "41": [
      0.6574863009982639,
      0.03154753881787497,
      0.06982478389033565,
      0.035808570801265656
    ],
    "42": [
      0.061677183928313076,
      0.2585854000515408,
      0.07837178265606916,
      0.050960540771484375
    ],
    "43": [
      0.03389660870587384,
      0.7216805957612538,
      0.14030244615342882,
      0.07312471904451885
    ],
    "44": [
      0.18331516407154225,
      0.7881457010904948,
      0.10886818214699075,
      0.05821324908544147
    ],
    "45": [
      0.1929854498969184,
      0.851884024483817,
      0.09382510715060764,
      0.046075124589223714
    ],
    "46": [
      0.8297818219220197,
      0.7235496157691592,
      0.11979149712456597,
      0.06594485328311012
    ],
    "47": [
      0.45605844568323206,
      0.9191754053509424,
      0.12231126008210359,
      0.07131049746558779
    ],
    "48": [
      0.7026883725766783,
      0.7246815514942956,
      0.11551197193287037,
      0.060146513439360116
    ]
  },
  "parsed_content_list": [
    {
      "type": "text",
      "bbox": [
        0.07777778059244156,
        0.0357142873108387,
        0.307407408952713,
        0.0615079365670681
      ],
      "interactivity": false,
      "content": "Notifications",
      "source": "box_ocr_content_ocr"
    },
    {
      "type": "text",
      "bbox": [
        0.13703703880310059,
        0.1031746044754982,
        0.5,
        0.1289682537317276
      ],
      "interactivity": false,
      "content": "Do not disturb is on",
      "source": "box_ocr_content_ocr"
    },
    {
      "type": "text",
      "bbox": [
        0.07407407462596893,
        0.130952388048172,
        0.5888888835906982,
        0.1587301641702652
      ],
      "interactivity": false,
      "content": "Based on your do not disturb",
      "source": "box_ocr_content_ocr"
    },
    {
      "type": "text",
      "bbox": [
        0.5796296000480652,
        0.1259920597076416,
        0.7444444298744202,
        0.1626984179019928
      ],
      "interactivity": false,
      "content": "settings;",
      "source": "box_ocr_content_ocr"
    },
    {
      "type": "text",
      "bbox": [
        0.07407407462596893,
        0.1587301641702652,
        0.5592592358589172,
        0.1865079402923584
      ],
      "interactivity": false,
      "content": "only see banners for alarms",
      "source": "box_ocr_content_ocr"
    },
    {
      "type": "text",
      "bbox": [
        0.14259259402751923,
        0.272817462682724,
        0.47962963581085205,
        0.2926587164402008
      ],
      "interactivity": false,
      "content": "Adobe Creative Cloud",
      "source": "box_ocr_content_ocr"
    },
    {
      "type": "text",
      "bbox": [
        0.07407407462596893,
        0.329365074634552,
        0.2222222238779068,
        0.3531745970249176
      ],
      "interactivity": false,