{
  "label_coordinates": {
    "0": [
      0.02812500794728597,
      0.005888125613346418,
      0.12083332538604737,
      0.02551521099116781
    ],
    "1": [
      0.029687501986821494,
      0.03729146596143009,
      0.049479166666666664,
      0.019627085377821395
    ],
    "2": [
      0.08906249205271403,
      0.038272816486751716,
      0.023958333333333335,
      0.019627085377821395
    ],
    "3": [
      0.12239583333333333,
      0.038272816486751716,
      0.03854166666666667,
      0.019627085377821395
    ],
    "4": [
      0.16875,
      0.03729146221786065,
      0.0375,
      0.023552502453385672
    ],
    "5": [
      0.21354166666666666,
      0.03532875368007851,
      0.0234375,
      0.02551521099116781
    ],
    "6": [
      0.34427083333333336,
      0.12463199214916584,
      0.0890625,
      0.019627085377821395
    ],
    "7": [
      0.2552083333333333,
      0.22571148184494602,
      0.04479166666666667,
      0.023552502453385672
    ],
    "8": [
      0.01458333432674408,
      0.25711484839801585,
      0.03333333333333333,
      0.023552502453385672
    ],
    "9": [
      0.16510416666666666,
      0.2561334641805692,
      0.035416666666666666,
      0.019627085377821395
    ],
    "10": [
      0.21666666666666667,
      0.25515210991167814,
      0.035416666666666666,
      0.023552502453385672
    ],
    "11": [
      0.2557291666666667,
      0.2561334641805692,
      0.04375,
      0.019627085377821395
    ],
    "12": [
      0.014583335320154826,
      0.28164864522318145,
      0.06614583333333333,
      0.023552502453385672
    ],
    "13": [
      0.15208333333333332,
      0.2826300294406281,
      0.10104166666666667,
      0.023552502453385672
    ],
    "14": [
      0.25677080154418946,
      0.2855740922473013,
      0.020833333333333332,
      0.019627085377821395
    ],
    "15": [
      0.28489583333333335,
      0.2855740922473013,
      0.042708333333333334,
      0.019627085377821395
    ],
    "16": [
      0.3333333333333333,
      0.2826300294406281,
      0.04791666666666667,
      0.023552502453385672
    ],
    "17": [
      0.39895833333333336,
      0.2826300294406281,
      0.042708333333333334,
      0.023552502453385672
    ],
    "18": [
      0.5182292302449544,
      0.9627085377821394,
      0.02187493642171224,
      0.019627085377821395
    ],
    "19": [
      0.5453125,
      0.9597644749754661,
      0.03177083333333333,
      0.02551521099116781
    ],
    "20": [
      0.6010417302449544,
      0.9617272434103594,
      0.07395833333333333,
      0.023552502453385672
    ],
    "21": [
      0.21538081169128417,
      0.0649124459967646,
      0.04121837615966797,
      0.09163524264559311
    ],
    "22": [
      0.2561239242553711,
      0.06694297303863316,
      0.04196453094482422,
      0.08888319500295173
    ],
    "23": [
      0.04398059050242106,
      0.06391111604130888,
      0.049566221237182614,
      0.09117038116604821
    ],
    "24": [
      0.0927904764811198,
      0.06323201008236093,
      0.037778981526692706,
      0.09154853409008142
    ],
    "25": [
      0.2982390721638997,
      0.06680324805262512,
      0.03828245798746745,
      0.0885451956047979
    ],
    "26": [
      0.1300212860107422,
      0.06266221260767105,
      0.044856834411621097,
      0.09440260897440812
    ],
    "27": [
      0.17450373967488605,
      0.06331696664737181,
      0.03928229014078776,
      0.09649250902769259
    ],
    "28": [
      0.007239244381586711,
      0.06339459330340715,
      0.037539005279541016,
      0.08787211679265824
    ],
    "29": [
      0.3304850260416667,
      0.18904829540009355,
      0.06843763987223307,
      0.03420601228034532
    ],
    "30": [
      0.1481800079345703,
      0.18918466614787782,
      0.05538012186686198,
      0.034073939150285205
    ],
    "31": [
      0.0010198593139648438,
      0.18787200598300263,
      0.15010817845662436,
      0.03563243203355005
    ],
    "32": [
      0.25169925689697265,
      0.1891051826813972,
      0.08209158579508463,
      0.03402006169881624
    ],
    "33": [
      0.20082950592041016,
      0.18863272924301552,
      0.054736328125,
      0.034174506399886534
    ],
    "34": [
      0.3958082834879557,
      0.18900311800401742,
      0.04784094492594401,
      0.03403668314715714
    ],
    "35": [
      0.0006177743275960286,
      0.033025473911933036,
      0.022819521029790242,
      0.02811001374279318
    ],
    "36": [
      0.3414812723795573,
      0.06624386893170388,
      0.047195180257161455,
      0.08786644154137788
    ],
    "37": [
      0.3878634770711263,
      0.06800575743011684,
      0.04782257080078125,
      0.08716738235728196
    ],
    "38": [
      0.4331399917602539,
      0.06864866307252054,
      0.04153785705566406,
      0.08194697476462831
    ],
    "39": [
      0.9629661560058593,
      0.0,
      0.034517669677734376,
      0.03373612693060369
    ],
    "40": [
      0.9229735056559245,
      0.0,
      0.03702964782714844,
      0.03354843184571271
    ],
    "41": [
      0.007010215520858764,
      0.15542955932018215,
      0.013178465763727824,
      0.02708667159899411
    ],
    "42": [
      0.8995119094848633,
      0.0,
      0.022811508178710936,
      0.033951284840951605
    ],
    "43": [
      4.3614705403645834e-05,
      0.9493684328807348,
      0.03283675114313762,
      0.037151901948908245
    ],
    "44": [
      0.0,
      0.0004692246097343827,
      0.01646472911039988,
      0.026907496878162566
    ],
    "45": [
      0.0009543284773826599,
      0.23119247181960714,
      0.014645856618881226,
      0.021257020540396528
    ],
    "46": [
      0.9936360677083333,
      0.14946656231791278,
      0.006363932291666667,
      0.039862755353364206
    ],
    "47": [
      0.0017451837658882142,
      0.27825418608930325,
      0.014433956146240235,
      0.029184508019504417
    ]
  },
  "parsed_content_list": [
    {
      "type": "text",
      "bbox": [
        0.02812499925494194,
        0.005888125393539667,
        0.14895834028720856,
        0.03140333667397499
      ],
      "interactivity": false,
      "content": "999518.zip (evaluation copy)",
      "source": "box_ocr_content_ocr"
    },
    {
      "type": "text",
      "bbox": [
        0.02968749962747097,
        0.03729146346449852,
        0.07916666567325592,
        0.05691854655742645
      ],
      "interactivity": false,
      "content": "Commands",
      "source": "box_ocr_content_ocr"
    },
    {
      "type": "text",
      "bbox": [
        0.08906249701976776,
        0.03827281668782234,
        0.11302082985639572,
        0.05789990350604057
      ],
      "interactivity": false,
      "content": "Tools",
      "source": "box_ocr_content_ocr"
    },
    {
      "type": "text",
      "bbox": [
        0.1223958358168602,
        0.03827281668782234,
        0.16093750298023224,
        0.05789990350604057
      ],
      "interactivity": false,
      "content": "Favorites",
      "source": "box_ocr_content_ocr"
    },
    {
      "type": "text",
      "bbox": [
        0.16875000298023224,
        0.03729146346449852,
        0.20624999701976776,
        0.06084396317601204
      ],
      "interactivity": false,
      "content": "Options",
      "source": "box_ocr_content_ocr"
    },
    {
      "type": "text",
      "bbox": [
        0.2135416716337204,
        0.03532875329256058,
        0.2369791716337204,
        0.06084396317601204
      ],
      "interactivity": false,
      "content": "Help",
      "source": "box_ocr_content_ocr"
    },
    {
      "type": "text",
      "bbox": [
        0.34427082538604736,
        0.12463199347257614,
        0.4333333373069763,
        0.14425908029079437
      ],
      "interactivity": false,
      "content": "VirusScan  Comment",
      "source": "box_ocr_content_ocr"
    },
    {
      "type": "text",