{
  "label_coordinates": {
    "0": [
      0.8296874364217123,
      0.07163886162904809,
      0.051041666666666666,
      0.03532875368007851
    ],
    "1": [
      0.9385229110717773,
      0.06161606838237549,
      0.059116363525390625,
      0.05087088602681857
    ],
    "2": [
      0.43530575434366864,
      0.12177343246864267,
      0.0471099853515625,
      0.03514304268699399
    ],
    "3": [
      0.3133906046549479,
      0.12088421493096019,
      0.05608088175455729,
      0.035876662504216755
    ],
    "4": [
      0.03157277107238769,
      0.0031463054024319184,
      0.16735200881958007,
      0.050709882592078634
    ],
    "5": [
      0.49768072764078775,
      0.12355806689501042,
      0.05464935302734375,
      0.03381671100650147
    ],
    "6": [
      0.039592989285786945,
      0.12347504201183375,
      0.04128714402516683,
      0.03154956791421967
    ],
    "7": [
      0.3848092079162598,
      0.11649853347913089,
      0.034979248046875,
      0.042457917487656406
    ],
    "8": [
      0.9002809524536133,
      0.11703545118337524,
      0.09654731750488281,
      0.048067461637098255
    ],
    "9": [
      0.09333046277364095,
      0.1253083802766959,
      0.10930210749308268,
      0.02961780372147939
    ],
    "10": [
      0.2141143480936686,
      0.12438366621352505,
      0.08476333618164063,
      0.030625026055243344
    ],
    "11": [
      0.00039619704087575275,
      0.0046497172766508605,
      0.029978164037068687,
      0.054506730518584394
    ],
    "12": [
      0.8012615203857422,
      0.07211728980426582,
      0.016863632202148437,
      0.03637687825361108
    ],
    "13": [
      0.9144288380940755,
      0.059832354874091484,
      0.02289098103841146,
      0.050572343850627144
    ],
    "14": [
      0.8861061096191406,
      0.05950601295119296,
      0.025024032592773436,
      0.05040867499444155
    ],
    "15": [
      0.0034595092137654623,
      0.06523359184527186,
      0.024988615512847902,
      0.04429458752932563
    ],
    "16": [
      0.03284635543823242,
      0.06634930282158519,
      0.020630836486816406,
      0.04396979544417781
    ],
    "17": [
      0.22568758328755698,
      0.013664975601510749,
      0.01765270233154297,
      0.03423418638399703
    ],
    "18": [
      0.19785518646240235,
      0.011738841737217478,
      0.017629718780517577,
      0.0357618884085673
    ],
    "19": [
      0.004514915744463602,
      0.12229917936165971,
      0.020919028917948404,
      0.03472481110847032
    ],
    "20": [
      0.05802843968073527,
      0.063263426117153,
      0.02493215004603068,
      0.049623678430139845
    ],
    "21": [
      0.8606573104858398,
      0.06160745817264935,
      0.019669342041015624,
      0.045541076360670694
    ],
    "22": [
      0.9305728912353516,
      0.008440603568813635,
      0.031890487670898436,
      0.042170576071247856
    ],
    "23": [
      0.8967269897460938,
      0.0014325273867561259,
      0.028673553466796876,
      0.052746444267894384
    ],
    "24": [
      0.9657968521118164,
      0.0,
      0.03174514770507812,
      0.05846679807294222
    ]
  },
  "parsed_content_list": [
    {
      "type": "text",
      "bbox": [
        0.8296874761581421,
        0.07163885980844498,
        0.8807291388511658,
        0.10696761310100555
      ],
      "interactivity": false,
      "content": "{3 | 0",
      "source": "box_ocr_content_ocr"
    },
    {
      "type": "icon",
      "bbox": [
        0.9385229349136353,
        0.061616066843271255,
        0.9976392984390259,
        0.11248695105314255
      ],
      "interactivity": true,
      "content": "Chat ",
      "source": "box_yolo_content_ocr"
    },
    {
      "type": "icon",
      "bbox": [
        0.43530577421188354,
        0.12177344411611557,
        0.4824157655239105,
        0.15691648423671722
      ],
      "interactivity": true,
      "content": "Agoda ",
      "source": "box_yolo_content_ocr"
    },
    {
      "type": "icon",
      "bbox": [
        0.3133906126022339,
        0.12088420242071152,
        0.3694714903831482,
        0.15676087141036987
      ],
      "interactivity": true,
      "content": "about us ",
      "source": "box_yolo_content_ocr"
    },
    {
      "type": "icon",
      "bbox": [
        0.03157277777791023,
        0.0031463054474443197,
        0.19892477989196777,
        0.05385618656873703
      ],
      "interactivity": true,
      "content": "New tab ",
      "source": "box_yolo_content_ocr"
    },
    {
      "type": "icon",
      "bbox": [
        0.4976807236671448,
        0.12355807423591614,
        0.5523300766944885,
        0.1573747843503952
      ],
      "interactivity": true,
      "content": "Amazon ",
      "source": "box_yolo_content_ocr"
    },
    {
      "type": "icon",
      "bbox": [
        0.039592988789081573,
        0.12347503751516342,
        0.08088013529777527,
        0.15502460300922394
      ],
      "interactivity": true,
      "content": "Acer ",
      "source": "box_yolo_content_ocr"
    },
    {
      "type": "icon",
      "bbox": [
        0.3848092257976532,
        0.11649853736162186,
        0.4197884500026703,
        0.15895645320415497
      ],
      "interactivity": true,
      "content": "aibt ",
      "source": "box_yolo_content_ocr"
    },
    {
      "type": "icon",
      "bbox": [
        0.9002809524536133,
        0.11703545600175858,
        0.9968282580375671,
        0.16510291397571564
      ],
      "interactivity": true,
      "content": "Other favorites ",
      "source": "box_yolo_content_ocr"
    },
    {
      "type": "icon",
      "bbox": [
        0.09333045780658722,
        0.12530837953090668,
        0.20263256132602692,
        0.15492618083953857
      ],
      "interactivity": true,
      "content": "car 'damage verific_ ",
      "source": "box_yolo_content_ocr"
    },
    {
      "type": "icon",
      "bbox": [
        0.21411435306072235,
        0.12438366562128067,
        0.29887768626213074,
        0.1550086885690689
      ],
      "interactivity": true,
      "content": "Adobe Acrobat ",
      "source": "box_yolo_content_ocr"
    },
    {
      "type": "icon",
      "bbox": [
        0.0003961980401072651,
        0.00464971549808979,
        0.03037435933947563,
        0.05915644392371178
      ],
      "interactivity": true,
      "content": "Expand",
      "source": "box_yolo_content_yolo"
    },
    {
      "type": "icon",
      "bbox": [
        0.8012615442276001,
        0.07211729884147644,
        0.8181251287460327,
        0.10849417001008987
      ],
      "interactivity": true,
      "content": "Star",
      "source": "box_yolo_content_yolo"
    },
    {
      "type": "icon",
      "bbox": [
        0.9144288301467896,
        0.05983235314488411,
        0.937319815158844,
        0.11040469259023666
      ],
      "interactivity": true,
      "content": "More options",
      "source": "box_yolo_content_yolo"
    },
    {
      "type": "icon",
      "bbox": [
        0.8861061334609985,
        0.05950601026415825,
        0.9111301302909851,
        0.10991469025611877
      ],
      "interactivity": true,
      "content": "Account",
      "source": "box_yolo_content_yolo"
    },
    {
      "type": "icon",
      "bbox": [
        0.003459508065134287,
        0.06523358821868896,
        0.02844812348484993,
        0.10952817648649216
      ],
      "interactivity": true,
      "content": "Back",
      "source": "box_yolo_content_yolo"
    },
    {
      "type": "icon",
      "bbox": [
        0.0328463539481163,
        0.06634930521249771,
        0.05347719043493271,
        0.1103190928697586
      ],
      "interactivity": true,
      "content": "Close",
      "source": "box_yolo_content_yolo"
    },
    {
      "type": "icon",
      "bbox": [
        0.22568759322166443,
        0.013664975762367249,
        0.24334029853343964,
        0.04789916053414345
      ],