{
  "label_coordinates": {
    "0": [
      0.06691449814126393,
      0.008915306023290218,
      0.12267657992565056,
      0.03566121842496285
    ],
    "1": [
      0.22676579925650558,
      0.008915306023290218,
      0.21933085501858737,
      0.03863298662704309
    ],
    "2": [
      0.24349445215388302,
      0.27786030422171015,
      0.17100371747211895,
      0.029717682020802376
    ],
    "3": [
      0.23977695167286245,
      0.3075780089153046,
      0.137546468401487,
      0.029717682020802376
    ],
    "4": [
      0.24349442379182157,
      0.34323922734026746,
      0.13011152416356878,
      0.02674591381872214
    ],
    "5": [
      0.8866171003717472,
      0.34026745913818723,
      0.06691449814126393,
      0.029717682020802376
    ],
    "6": [
      0.23977695167286245,
      0.37295690936106984,
      0.15613382899628253,
      0.029717682020802376
    ],
    "7": [
      0.7936802973977695,
      0.37295690936106984,
      0.15985130111524162,
      0.029717682020802376
    ],
    "8": [
      0.23977695167286245,
      0.40564635958395245,
      0.07434944237918216,
      0.02674591381872214
    ],
    "9": [
      0.879182212857952,
      0.4026745913818722,
      0.07434949910330506,
      0.029717682020802376
    ],
    "10": [
      0.23605947955390336,
      0.612184249628529,
      0.20631970260223048,
      0.03863298662704309
    ],
    "11": [
      0.019494340322274702,
      0.06826622383378413,
      0.09747344233289527,
      0.04852021714730567
    ],
    "12": [
      0.5421226529826905,
      0.9311432746331724,
      0.21083040485594795,
      0.05263588439125186
    ],
    "13": [
      0.23387353039142367,
      0.11194760236130781,
      0.7243355109345957,
      0.1511458897130096
    ],
    "14": [
      0.24064936868320166,
      0.4642754791395802,
      0.7117065656583992,
      0.13648703406505386
    ],
    "15": [
      0.13075410920891176,
      0.07125342087086739,
      0.1469860856860987,
      0.04058046610181788
    ],
    "16": [
      0.12934926539991867,
      0.5133107427679234,
      0.08285516788525209,
      0.03252847339919205
    ],
    "17": [
      0.7676876592813371,
      0.9314265938428677,
      0.2121225236516903,
      0.051706481298755574
    ],
    "18": [
      0.3145536401457946,
      0.9317022043032597,
      0.21156021742129413,
      0.05090585966521174
    ],
    "19": [
      0.9077447940868959,
      0.002412189523319964,
      0.05034504149483039,
      0.054391767436646775
    ],
    "20": [
      0.2759245408068802,
      0.07168639184461482,
      0.0693607826658341,
      0.040178318788888376
    ],
    "21": [
      0.7761494235921527,
      0.0020923614501953125,
      0.04505710530901487,
      0.05351573609668114
    ],
    "22": [
      0.004339407810934414,
      0.006476896832991851,
      0.05733905494434683,
      0.0444197803514319
    ],
    "23": [
      0.8712272218612047,
      0.6170384037193536,
      0.03880599351620585,
      0.0297045318014023
    ],
    "24": [
      0.9121834567045191,
      0.27674958681103734,
      0.039421450249767655,
      0.03286484694232912
    ],
    "25": [
      0.9128632385934595,
      0.6175016995524935,
      0.03898717036477695,
      0.02921733884542162
    ],
    "26": [
      0.9123388240771666,
      0.30932964081218656,
      0.04004365715395562,
      0.029012784915374255
    ]
  },
  "parsed_content_list": [
    {
      "type": "text",
      "bbox": [
        0.06691449880599976,
        0.008915304206311703,
        0.18959107995033264,
        0.04457652196288109
      ],
      "interactivity": false,
      "content": "Archive",
      "source": "box_ocr_content_ocr"
    },
    {
      "type": "text",
      "bbox": [
        0.22676579654216766,
        0.008915304206311703,
        0.44609665870666504,
        0.047548290342092514
      ],
      "interactivity": false,
      "content": "999518 (1).zip",
      "source": "box_ocr_content_ocr"
    },
    {
      "type": "text",
      "bbox": [
        0.2434944212436676,
        0.2778603136539459,
        0.41449815034866333,
        0.3075779974460602
      ],
      "interactivity": false,
      "content": "Total folders",
      "source": "box_ocr_content_ocr"
    },
    {
      "type": "text",
      "bbox": [
        0.23977695405483246,
        0.3075779974460602,
        0.3773234188556671,
        0.33729568123817444
      ],
      "interactivity": false,
      "content": "Total files",
      "source": "box_ocr_content_ocr"
    },
    {
      "type": "text",
      "bbox": [
        0.2434944212436676,
        0.3432392179965973,
        0.3736059367656708,
        0.3699851334095001
      ],
      "interactivity": false,
      "content": "Total size",
      "source": "box_ocr_content_ocr"
    },
    {
      "type": "text",
      "bbox": [
        0.886617124080658,
        0.34026744961738586,
        0.9535316228866577,
        0.3699851334095001
      ],
      "interactivity": false,
      "content": ",073",
      "source": "box_ocr_content_ocr"
    },
    {
      "type": "text",
      "bbox": [
        0.23977695405483246,
        0.37295690178871155,
        0.39591076970100403,
        0.4026745855808258
      ],
      "interactivity": false,
      "content": "Packed size",
      "source": "box_ocr_content_ocr"
    },
    {
      "type": "text",
      "bbox": [
        0.7936803102493286,
        0.37295690178871155,
        0.9535316228866577,
        0.4026745855808258
      ],
      "interactivity": false,
      "content": "29,840,419",
      "source": "box_ocr_content_ocr"
    },
    {
      "type": "text",
      "bbox": [
        0.23977695405483246,
        0.40564635396003723,
        0.3141264021396637,
        0.43239226937294006
      ],
      "interactivity": false,
      "content": "Ratio",
      "source": "box_ocr_content_ocr"
    },
    {
      "type": "text",
      "bbox": [
        0.8791821599006653,
        0.4026745855808258,
        0.9535316228866577,
        0.43239226937294006
      ],
      "interactivity": false,
      "content": "479/",
      "source": "box_ocr_content_ocr"
    },
    {
      "type": "text",
      "bbox": [
        0.23605948686599731,
        0.6121842265129089,
        0.4423791766166687,
        0.6508172154426575
      ],
      "interactivity": false,
      "content": "Dictionary size",
      "source": "box_ocr_content_ocr"
    },
    {
      "type": "icon",
      "bbox": [
        0.019494347274303436,
        0.06826622039079666,
        0.11696778237819672,
        0.11678644269704819
      ],
      "interactivity": true,
      "content": "Info ",
      "source": "box_yolo_content_ocr"
    },
    {
      "type": "icon",
      "bbox": [
        0.5421226024627686,
        0.9311432838439941,
        0.752953052520752,
        0.9837791323661804
      ],
      "interactivity": true,
      "content": "Cancel ",
      "source": "box_yolo_content_ocr"
    },
    {
      "type": "icon",
      "bbox": [
        0.23387353122234344,
        0.11194758862257004,
        0.9582090973854065,
        0.263093501329422
      ],
      "interactivity": true,
      "content": "ZIP archive Version to extract 2.0 Deflate Host OS DOS ",
      "source": "box_yolo_content_ocr"
    },
    {
      "type": "icon",
      "bbox": [
        0.24064934253692627,
        0.4642754793167114,
        0.9523559212684631,
        0.6007624864578247
      ],
      "interactivity": true,
      "content": "module size bytes Main comment Absent Encryption Absent ",
      "source": "box_yolo_content_ocr"
    },
    {
      "type": "icon",
      "bbox": [
        0.13075411319732666,
        0.07125341892242432,
        0.2777401804924011,
        0.11183388531208038
      ],
      "interactivity": true,
      "content": "Comment ",
      "source": "box_yolo_content_ocr"
    },
    {
      "type": "icon",