{
  "label_coordinates": {
    "0": [
      0.8989583333333333,
      0.07407406700981987,
      0.057291666666666664,
      0.02962962962962963
    ],
    "1": [
      0.8921875,
      0.11944445857295284,
      0.029166666666666667,
      0.018518518518518517
    ],
    "2": [
      0.9255208333333333,
      0.12314814814814815,
      0.019791666666666666,
      0.014814814814814815
    ],
    "3": [
      0.9151041666666667,
      0.13796296296296295,
      0.04583333333333333,
      0.016666666666666666
    ],
    "4": [
      0.9244791666666666,
      0.16944443031593606,
      0.017708333333333333,
      0.016666666666666666
    ],
    "5": [
      0.8921875,
      0.1824074074074074,
      0.027083333333333334,
      0.018518518518518517
    ],
    "6": [
      0.9244791666666666,
      0.18611111111111112,
      0.015625,
      0.014814814814814815
    ],
    "7": [
      0.3561589558919271,
      0.9502086498119213,
      0.14797738393147786,
      0.042323133680555555
    ],
    "8": [
      0.8488151550292968,
      0.00014891094631618924,
      0.09593048095703124,
      0.03453286488850912
    ],
    "9": [
      0.8479099273681641,
      0.22714476408781828,
      0.15209007263183594,
      0.0449188232421875
    ],
    "10": [
      0.9087254842122395,
      0.15336101673267505,
      0.04877662658691406,
      0.016014296920211227
    ],
    "11": [
      0.9121139526367188,
      0.036683456986038775,
      0.02874755859375,
      0.03727172568992332
    ],
    "12": [
      0.5882793426513672,
      0.9474904943395543,
      0.026647059122721355,
      0.051231158221209494
    ],
    "13": [
      0.5593702316284179,
      0.9509349681712963,
      0.02647883097330729,
      0.04844179506655093
    ],
    "14": [
      0.5035797119140625,
      0.9487718370225694,
      0.026200358072916666,
      0.050550898799189815
    ],
    "15": [
      0.617120869954427,
      0.9469792118778935,
      0.027434539794921876,
      0.050726996527777776
    ],
    "16": [
      0.5320537885030111,
      0.9490164297598379,
      0.025099786122639973,
      0.04980107060185185
    ],
    "17": [
      0.9760177612304688,
      4.585407398365162e-05,
      0.02367706298828125,
      0.03392601719609013
    ],
    "18": [
      0.6490331649780273,
      0.9467924329969618,
      0.02098566691080729,
      0.05237703676576968
    ],
    "19": [
      0.3273048718770345,
      0.9485895227502894,
      0.0277249018351237,
      0.04492277922453704
    ],
    "20": [
      0.9433759689331055,
      3.5185284084743925e-05,
      0.029434585571289064,
      0.034185042204680265
    ],
    "21": [
      0.8481343587239584,
      0.2709064342357494,
      0.15186564127604166,
      0.056540764702690975
    ],
    "22": [
      0.0881490707397461,
      0.19778761687102142,
      0.7484201431274414,
      0.7103422941984954
    ]
  },
  "parsed_content_list": [
    {
      "type": "text",
      "bbox": [
        0.8989583253860474,
        0.07407407462596893,
        0.956250011920929,
        0.10370370000600815
      ],
      "interactivity": false,
      "content": "Manual",
      "source": "box_ocr_content_ocr"
    },
    {
      "type": "text",
      "bbox": [
        0.8921874761581421,
        0.11944444477558136,
        0.9213541746139526,
        0.1379629671573639
      ],
      "interactivity": false,
      "content": "SPACE",
      "source": "box_ocr_content_ocr"
    },
    {
      "type": "text",
      "bbox": [
        0.9255208373069763,
        0.12314815074205399,
        0.9453125,
        0.1379629671573639
      ],
      "interactivity": false,
      "content": "Scan",
      "source": "box_ocr_content_ocr"
    },
    {
      "type": "text",
      "bbox": [
        0.9151041507720947,
        0.1379629671573639,
        0.9609375,
        0.1546296328306198
      ],
      "interactivity": false,
      "content": "Select action",
      "source": "box_ocr_content_ocr"
    },
    {
      "type": "text",
      "bbox": [
        0.9244791865348816,
        0.16944444179534912,
        0.942187488079071,
        0.18611110746860504
      ],
      "interactivity": false,
      "content": "back",
      "source": "box_ocr_content_ocr"
    },
    {
      "type": "text",
      "bbox": [
        0.8921874761581421,
        0.182407408952713,
        0.9192708134651184,
        0.20092593133449554
      ],
      "interactivity": false,
      "content": "QIESC",
      "source": "box_ocr_content_ocr"
    },
    {
      "type": "text",
      "bbox": [
        0.9244791865348816,
        0.18611110746860504,
        0.9401041865348816,
        0.20092593133449554
      ],
      "interactivity": false,
      "content": "Quit",
      "source": "box_ocr_content_ocr"
    },
    {
      "type": "icon",
      "bbox": [
        0.35615894198417664,
        0.9502086639404297,
        0.504136323928833,
        0.9925317764282227
      ],
      "interactivity": true,
      "content": "Search ",
      "source": "box_yolo_content_ocr"
    },
    {
      "type": "icon",
      "bbox": [
        0.8488151431083679,
        0.00014891094178892672,
        0.944745659828186,
        0.0346817746758461
      ],
      "interactivity": true,
      "content": "BCI Manual ",
      "source": "box_yolo_content_ocr"
    },
    {
      "type": "icon",
      "bbox": [
        0.8479099273681641,
        0.2271447479724884,
        1.0,
        0.27206358313560486
      ],
      "interactivity": true,
      "content": "Taking screenshot__. ",
      "source": "box_yolo_content_ocr"
    },
    {
      "type": "icon",
      "bbox": [
        0.9087255001068115,
        0.1533610075712204,
        0.9575021266937256,
        0.16937531530857086
      ],
      "interactivity": true,
      "content": "More options ",
      "source": "box_yolo_content_ocr"
    },
    {
      "type": "icon",
      "bbox": [
        0.9121139645576477,
        0.03668345510959625,
        0.9408615231513977,
        0.07395518571138382
      ],
      "interactivity": true,
      "content": "BCI ",
      "source": "box_yolo_content_ocr"
    },
    {
      "type": "icon",
      "bbox": [
        0.5882793068885803,
        0.9474905729293823,
        0.6149263978004456,
        0.9987217783927917
      ],
      "interactivity": true,
      "content": "Google Chrome",
      "source": "box_yolo_content_yolo"
    },
    {
      "type": "icon",
      "bbox": [
        0.5593702793121338,
        0.9509349465370178,
        0.5858491063117981,
        0.999376654624939
      ],
      "interactivity": true,
      "content": "Microsoft Edge browser",
      "source": "box_yolo_content_yolo"
    },
    {
      "type": "icon",
      "bbox": [
        0.5035797357559204,
        0.9487718343734741,
        0.5297800898551941,
        0.9993228316307068
      ],
      "interactivity": true,
      "content": "Gallery",
      "source": "box_yolo_content_yolo"
    },
    {
      "type": "icon",
      "bbox": [
        0.6171209216117859,
        0.946979284286499,
        0.6445554494857788,
        0.9977062344551086
      ],
      "interactivity": true,
      "content": "PyCharm",
      "source": "box_yolo_content_yolo"
    },
    {
      "type": "icon",
      "bbox": [
        0.5320537686347961,
        0.9490164518356323,
        0.5571535229682922,
        0.998817503452301
      ],
      "interactivity": true,
      "content": "Spotify",
      "source": "box_yolo_content_yolo"
    },
    {
      "type": "icon",
      "bbox": [
        0.9760177731513977,
        4.585583883454092e-05,
        0.99969482421875,
        0.0339718721807003
      ],
      "interactivity": true,
      "content": "Close",
      "source": "box_yolo_content_yolo"
    },
    {
      "type": "icon",
      "bbox": [
        0.6490331292152405,
        0.9467924237251282,
        0.6700187921524048,
        0.9991694688796997
      ],
      "interactivity": true,
      "content": "Pencil",