{
  "label_coordinates": {
    "0": [
      0.013020832339922588,
      0.0787037037037037,
      0.03229166666666667,
      0.018518518518518517
    ],
    "1": [
      0.7064449310302734,
      0.5692926477502893,
      0.2859783172607422,
      0.08672824435763889
    ],
    "2": [
      0.7064816792805989,
      0.6538111933955439,
      0.28521944681803385,
      0.08636519820601851
    ],
    "3": [
      0.7074966430664062,
      0.4855161878797743,
      0.2833758036295573,
      0.08196637188946759
    ],
    "4": [
      0.8162618637084961,
      0.9364633630823206,
      0.03520050048828125,
      0.05929062454788773
    ],
    "5": [
      0.7058675130208333,
      0.7375086466471354,
      0.28702316284179685,
      0.08132267704716435
    ],
    "6": [
      0.7076573689778646,
      0.42305981671368637,
      0.2846013387044271,
      0.06497672752097801
    ],
    "7": [
      0.0,
      0.14174068592212818,
      0.06441272894541422,
      0.14069616529676648
    ],
    "8": [
      0.7050411860148112,
      0.8190766511140046,
      0.2885326385498047,
      0.10261705186631945
    ],
    "9": [
      0.9151166915893555,
      0.9331823278356481,
      0.08079096476236979,
      0.06681767216435185
    ],
    "10": [
      0.5187637011210123,
      0.9383444892035591,
      0.03342568079630534,
      0.06165551079644097
    ],
    "11": [
      0.5520638783772787,
      0.9380477340133102,
      0.03471043904622396,
      0.06120379412615741
    ],
    "12": [
      0.4494525909423828,
      0.9394373575846354,
      0.033589935302734374,
      0.06056264241536458
    ],
    "13": [
      0.48303763071695965,
      0.9383135760271991,
      0.034459368387858076,
      0.059648075810185185
    ],
    "14": [
      0.3810641606648763,
      0.9380034835250289,
      0.03241024017333984,
      0.0575857091833044
    ],
    "15": [
      0.41303723653157554,
      0.939044698079427,
      0.03697134653727214,
      0.06095530192057292
    ],
    "16": [
      0.588642438252767,
      0.9364549424913194,
      0.029425303141276043,
      0.06354505750868056
    ],
    "17": [
      0.8536444346110026,
      0.9408841168438947,
      0.019289652506510418,
      0.05108196117259838
    ],
    "18": [
      0.8912011464436849,
      0.9406037507233797,
      0.02218449910481771,
      0.052882215711805555
    ],
    "19": [
      0.7056277592976888,
      0.24649336073133682,
      0.2878888448079427,
      0.17912478976779514
    ],
    "20": [
      0.7909336090087891,
      0.9370526349103009,
      0.025431060791015626,
      0.06294736508969907
    ],
    "21": [
      7.363210121790568e-05,
      0.008242660098605685,
      0.008601105213165284,
      0.10195361949779369
    ]
  },
  "parsed_content_list": [
    {
      "type": "text",
      "bbox": [
        0.013020833022892475,
        0.07870370149612427,
        0.04531250149011612,
        0.0972222238779068
      ],
      "interactivity": false,
      "content": "This PC",
      "source": "box_ocr_content_ocr"
    },
    {
      "type": "icon",
      "bbox": [
        0.7064449191093445,
        0.5692926645278931,
        0.9924232363700867,
        0.6560208797454834
      ],
      "interactivity": true,
      "content": "ENG English (Malaysia) US ",
      "source": "box_yolo_content_ocr"
    },
    {
      "type": "icon",
      "bbox": [
        0.7064817547798157,
        0.6538111567497253,
        0.9917011260986328,
        0.7401763796806335
      ],
      "interactivity": true,
      "content": "Sinhala Sinhala ",
      "source": "box_yolo_content_ocr"
    },
    {
      "type": "icon",
      "bbox": [
        0.7074966430664062,
        0.4855162501335144,
        0.9908723831176758,
        0.567482590675354
      ],
      "interactivity": true,
      "content": "ENG   English (United States) US ",
      "source": "box_yolo_content_ocr"
    },
    {
      "type": "icon",
      "bbox": [
        0.816261887550354,
        0.9364634156227112,
        0.8514623641967773,
        0.9957540035247803
      ],
      "interactivity": true,
      "content": "ENG US ",
      "source": "box_yolo_content_ocr"
    },
    {
      "type": "icon",
      "bbox": [
        0.7058675289154053,
        0.7375086545944214,
        0.9928906559944153,
        0.8188313841819763
      ],
      "interactivity": true,
      "content": "Sinhala Google Input Tools ",
      "source": "box_yolo_content_ocr"
    },
    {
      "type": "icon",
      "bbox": [
        0.7076573967933655,
        0.4230598211288452,
        0.9922586679458618,
        0.48803654313087463
      ],
      "interactivity": true,
      "content": "Keyboard layout Spacebar ",
      "source": "box_yolo_content_ocr"
    },
    {
      "type": "icon",
      "bbox": [
        0.0,
        0.14174069464206696,
        0.06441272795200348,
        0.2824368476867676
      ],
      "interactivity": true,
      "content": "Control Panel ",
      "source": "box_yolo_content_ocr"
    },
    {
      "type": "icon",
      "bbox": [
        0.7050411701202393,
        0.819076657295227,
        0.993573784828186,
        0.9216936826705933
      ],
      "interactivity": true,
      "content": "Tamil (India) More keyboard settings ",
      "source": "box_yolo_content_ocr"
    },
    {
      "type": "icon",
      "bbox": [
        0.9151166677474976,
        0.9331822991371155,
        0.9959076046943665,
        1.0
      ],
      "interactivity": true,
      "content": "3.28 PM 3/12/2026 ",
      "source": "box_yolo_content_ocr"
    },
    {
      "type": "icon",
      "bbox": [
        0.5187637209892273,
        0.9383444786071777,
        0.5521894097328186,
        1.0
      ],
      "interactivity": true,
      "content": "Toggle",
      "source": "box_yolo_content_yolo"
    },
    {
      "type": "icon",
      "bbox": [
        0.5520638823509216,
        0.9380477666854858,
        0.5867742896080017,
        0.9992515444755554
      ],
      "interactivity": true,
      "content": "PowerPoint",
      "source": "box_yolo_content_yolo"
    },
    {
      "type": "icon",
      "bbox": [
        0.44945257902145386,
        0.9394373893737793,
        0.48304253816604614,
        1.0
      ],
      "interactivity": true,
      "content": "Spotify",
      "source": "box_yolo_content_yolo"
    },
    {
      "type": "icon",
      "bbox": [
        0.4830376207828522,
        0.9383136034011841,
        0.5174970030784607,
        0.9979616403579712
      ],
      "interactivity": true,
      "content": "Google Chrome",
      "source": "box_yolo_content_yolo"
    },
    {
      "type": "icon",
      "bbox": [
        0.38106414675712585,
        0.938003420829773,
        0.4134744107723236,
        0.9955890774726868
      ],
      "interactivity": true,
      "content": "Windows",
      "source": "box_yolo_content_yolo"
    },
    {
      "type": "icon",
      "bbox": [
        0.4130372107028961,
        0.939044713973999,
        0.4500085711479187,
        1.0
      ],
      "interactivity": true,
      "content": "Gallery",
      "source": "box_yolo_content_yolo"
    },
    {
      "type": "icon",
      "bbox": [
        0.5886424779891968,
        0.9364549517631531,
        0.618067741394043,
        1.0
      ],
      "interactivity": true,
      "content": "Pencil",
      "source": "box_yolo_content_yolo"
    },
    {
      "type": "icon",
      "bbox": [
        0.8536444306373596,
        0.9408841729164124,
        0.872934103012085,
        0.991966187953949
      ],
      "interactivity": true,
      "content": "WiFi",
      "source": "box_yolo_content_yolo"
    },
    {
      "type": "icon",
      "bbox": [
        0.8912011384963989,
        0.9406037926673889,
        0.9133856296539307,
        0.9934859871864319
      ],
      "interactivity": true,
      "content": "Taste",
      "source": "box_yolo_content_yolo"
    },
    {
      "type": "icon",