{
  "label_coordinates": {
    "0": [
      0.04010416666666667,
      0.35426889106967613,
      0.029166666666666667,
      0.019627085377821395
    ],
    "1": [
      0.07447916666666667,
      0.35426889106967613,
      0.0375,
      0.019627085377821395
    ],
    "2": [
      0.0075447320938110355,
      0.47942887625352676,
      0.1097977081934611,
      0.04946147705317713
    ],
    "3": [
      0.006826003392537435,
      0.5270017374953999,
      0.1104120413462321,
      0.04910940183390579
    ],
    "4": [
      0.0016635815302530924,
      0.8086356779777969,
      0.10998106797536214,
      0.0498546416906894
    ],
    "5": [
      0.00881276528040568,
      0.43127144915549864,
      0.1083377202351888,
      0.05006847437745338
    ],
    "6": [
      0.006127417087554932,
      0.5740377409301398,
      0.11023265520731608,
      0.048365120330900395
    ],
    "7": [
      0.005490859349568685,
      0.6206060677211114,
      0.10899857680002849,
      0.048215497347276745
    ],
    "8": [
      0.008195205529530843,
      0.24492204271191118,
      0.10928928057352702,
      0.04919876832372424
    ],
    "9": [
      0.0028505881627400717,
      0.856760910378588,
      0.10837155977884928,
      0.0478860632360157
    ],
    "10": [
      0.005919241905212402,
      0.29275701371212587,
      0.11217448711395264,
      0.04678479495062561
    ],
    "11": [
      0.00929088592529297,
      0.19346858240788303,
      0.10740056037902831,
      0.05300633783312377
    ],
    "12": [
      0.0019140084584554037,
      0.9037630719455348,
      0.10954622427622478,
      0.04563704650699215
    ],
    "13": [
      0.18187114397684734,
      0.24502355334101295,
      0.03702252705891927,
      0.029311624663617825
    ],
    "14": [
      0.1316714922587077,
      0.20180172307217553,
      0.09055627187093099,
      0.026354429415327528
    ],
    "15": [
      0.005833546320597331,
      0.6664275374332985,
      0.10581836700439454,
      0.049785640218658
    ],
    "16": [
      0.006418967247009277,
      0.7144481894780422,
      0.10467493534088135,
      0.04668788142480373
    ],
    "17": [
      0.9555647532145183,
      0.9484004955647387,
      0.01991411844889323,
      0.03966003358071639
    ],
    "18": [
      0.9774925231933593,
      0.9488466691456084,
      0.01913795471191406,
      0.03892976800171737
    ],
    "19": [
      0.891488520304362,
      0.0,
      0.031503550211588544,
      0.0592102260421139
    ],
    "20": [
      0.9285250345865885,
      0.0,
      0.031175994873046876,
      0.048894086693641134
    ],
    "21": [
      0.14410629272460937,
      0.24219876065689402,
      0.030362733205159507,
      0.06365769136408243
    ],
    "22": [
      0.9938880920410156,
      0.0,
      0.006111907958984375,
      0.04836953774284685
    ],
    "23": [
      0.005474241574605306,
      0.3471780913617824,
      0.01565545399983724,
      0.03190042272985157
    ]
  },
  "parsed_content_list": [
    {
      "type": "text",
      "bbox": [
        0.04010416567325592,
        0.354268878698349,
        0.06927083432674408,
        0.3738959729671478
      ],
      "interactivity": false,
      "content": "Ashen",
      "source": "box_ocr_content_ocr"
    },
    {
      "type": "text",
      "bbox": [
        0.07447917014360428,
        0.354268878698349,
        0.1119791641831398,
        0.3738959729671478
      ],
      "interactivity": false,
      "content": "Personal",
      "source": "box_ocr_content_ocr"
    },
    {
      "type": "icon",
      "bbox": [
        0.007544732186943293,
        0.47942888736724854,
        0.11734244227409363,
        0.5288903713226318
      ],
      "interactivity": true,
      "content": "Videos ",
      "source": "box_yolo_content_ocr"
    },
    {
      "type": "icon",
      "bbox": [
        0.0068260072730481625,
        0.5270017385482788,
        0.11723804473876953,
        0.5761111378669739
      ],
      "interactivity": true,
      "content": "Pictures ",
      "source": "box_yolo_content_ocr"
    },
    {
      "type": "icon",
      "bbox": [
        0.0016635775100439787,
        0.8086355924606323,
        0.11164464801549911,
        0.8584902882575989
      ],
      "interactivity": true,
      "content": "This ",
      "source": "box_yolo_content_ocr"
    },
    {
      "type": "icon",
      "bbox": [
        0.008812760934233665,
        0.43127143383026123,
        0.11715047806501389,
        0.4813399016857147
      ],
      "interactivity": true,
      "content": "Downloads ",
      "source": "box_yolo_content_ocr"
    },
    {
      "type": "icon",
      "bbox": [
        0.006127417087554932,
        0.5740377306938171,
        0.11636007577180862,
        0.6224028468132019
      ],
      "interactivity": true,
      "content": "Nitro ",
      "source": "box_yolo_content_ocr"
    },
    {
      "type": "icon",
      "bbox": [
        0.0054908632300794125,
        0.6206060647964478,
        0.11448943614959717,
        0.6688215732574463
      ],
      "interactivity": true,
      "content": "tutorial ",
      "source": "box_yolo_content_ocr"
    },
    {
      "type": "icon",
      "bbox": [
        0.008195209316909313,
        0.24492204189300537,
        0.11748449504375458,
        0.29412081837654114
      ],
      "interactivity": true,
      "content": "Gallery ",
      "source": "box_yolo_content_ocr"
    },
    {
      "type": "icon",
      "bbox": [
        0.0028505921363830566,
        0.8567608594894409,
        0.11122214794158936,
        0.9046469330787659
      ],
      "interactivity": true,
      "content": "Acer ",
      "source": "box_yolo_content_ocr"
    },
    {
      "type": "icon",
      "bbox": [
        0.005919241812080145,
        0.2927570044994354,
        0.11809372901916504,
        0.33954179286956787
      ],
      "interactivity": true,
      "content": "Ashen Personal ",
      "source": "box_yolo_content_ocr"
    },
    {
      "type": "icon",
      "bbox": [
        0.009290886111557484,
        0.1934685856103897,
        0.11669144779443741,
        0.24647492170333862
      ],
      "interactivity": true,
      "content": "Home ",
      "source": "box_yolo_content_ocr"
    },
    {
      "type": "icon",
      "bbox": [
        0.0019140124786645174,
        0.9037630558013916,
        0.11146023124456406,
        0.9494001269340515
      ],
      "interactivity": true,
      "content": "Network ",
      "source": "box_yolo_content_ocr"
    },
    {
      "type": "icon",
      "bbox": [
        0.18187116086483002,
        0.24502354860305786,
        0.21889367699623108,
        0.27433517575263977
      ],
      "interactivity": true,
      "content": "Acer ",
      "source": "box_yolo_content_ocr"
    },
    {
      "type": "icon",
      "bbox": [
        0.1316715031862259,
        0.20180171728134155,
        0.2222277671098709,
        0.22815614938735962
      ],
      "interactivity": true,
      "content": "Devices drives and ",
      "source": "box_yolo_content_ocr"
    },
    {
      "type": "icon",
      "bbox": [
        0.005833542440086603,
        0.6664275527000427,
        0.11165191233158112,
        0.7162131667137146
      ],
      "interactivity": true,
      "content": "M&m",
      "source": "box_yolo_content_yolo"
    },
    {
      "type": "icon",
      "bbox": [
        0.00641896715387702,
        0.7144482135772705,
        0.1110939010977745,
        0.7611360549926758
      ],
      "interactivity": true,
      "content": "Movies",
      "source": "box_yolo_content_yolo"
    },
    {
      "type": "icon",
      "bbox": [
        0.9555647373199463,
        0.9484004378318787,
        0.9754788875579834,
        0.988060474395752
      ],
      "interactivity": true,
      "content": "Justified",
      "source": "box_yolo_content_yolo"
    },
    {
      "type": "icon",