{
  "label_coordinates": {
    "0": [
      0.23541666666666666,
      0.03925417075564279,
      0.20260416666666667,
      0.047105004906771344
    ],
    "1": [
      0.17760416666666667,
      0.4759568503607244,
      0.29270833333333335,
      0.09519133413387819
    ],
    "2": [
      0.14947916666666666,
      0.6270853778213935,
      0.34479166666666666,
      0.04121687929342493
    ],
    "3": [
      0.5717031478881835,
      0.15915766033737885,
      0.1528858184814453,
      0.04897499271651128
    ],
    "4": [
      0.12597182591756184,
      0.013582021846153551,
      0.055135122934977215,
      0.09908621865703969
    ],
    "5": [
      0.8243443806966145,
      0.013182684062624586,
      0.0556023915608724,
      0.09930990441858593
    ],
    "6": [
      0.01753448446591695,
      0.8537786931121197,
      0.053864701588948564,
      0.09699893910236752
    ],
    "7": [
      0.018506266673405967,
      0.36009726931466207,
      0.05197301705678304,
      0.0946333625950687
    ],
    "8": [
      0.6279121398925781,
      0.027965635499963584,
      0.0376708984375,
      0.06752214815478563
    ],
    "9": [
      0.007950242360432942,
      0.017852008284249647,
      0.04011256694793701,
      0.08704068499294651
    ],
    "10": [
      0.8973161697387695,
      0.1470473778961451,
      0.04386812845865885,
      0.08195260509307532
    ],
    "11": [
      0.0247711976369222,
      0.24445044280736322,
      0.039570188522338866,
      0.07228245608822988
    ],
    "12": [
      0.05992397467295329,
      0.03715610972096572,
      0.029869238535563152,
      0.05447110671173485
    ],
    "13": [
      0.9421766916910808,
      0.14818835796621996,
      0.036146926879882815,
      0.08087619410880766
    ],
    "14": [
      0.7768117904663085,
      0.03475460617769221,
      0.03650385538736979,
      0.05588637437155951
    ],
    "15": [
      0.8970174789428711,
      0.027272098080800725,
      0.033985137939453125,
      0.07401775026929741
    ],
    "16": [
      0.6847555796305339,
      0.027067695445471586,
      0.040681076049804685,
      0.07613604155326147
    ],
    "17": [
      0.024947261810302733,
      0.15586668843727,
      0.040821075439453125,
      0.07596837456490739
    ],
    "18": [
      0.9314966201782227,
      0.03364898412103625,
      0.03300031026204427,
      0.061913173027899594
    ],
    "19": [
      0.01884991725285848,
      0.4830288124271651,
      0.052343602975209555,
      0.09594043735433022
    ],
    "20": [
      0.7357613245646158,
      0.028683610940470897,
      0.03639144897460937,
      0.0665941247762244
    ],
    "21": [
      0.09496758778889974,
      0.03910143312223994,
      0.02794051170349121,
      0.05247154647632483
    ],
    "22": [
      0.19769415855407715,
      0.032682424438596355,
      0.02975625991821289,
      0.06260735059743774
    ],
    "23": [
      0.019086219867070518,
      0.7297677142112365,
      0.0519497553507487,
      0.09803887274595191
    ],
    "24": [
      0.9683545430501302,
      0.033524117362159975,
      0.0291748046875,
      0.058904282829127436
    ],
    "25": [
      0.28047974904378253,
      0.27213899052763124,
      0.0807925542195638,
      0.15352599917964915
    ],
    "26": [
      0.019160381952921548,
      0.6068670480595253,
      0.05185428460439046,
      0.09629730434249265
    ]
  },
  "parsed_content_list": [
    {
      "type": "text",
      "bbox": [
        0.23541666567325592,
        0.039254169911146164,
        0.43802082538604736,
        0.0863591730594635
      ],
      "interactivity": false,
      "content": "What do you want to play?",
      "source": "box_ocr_content_ocr"
    },
    {
      "type": "text",
      "bbox": [
        0.17760416865348816,
        0.47595682740211487,
        0.4703125059604645,
        0.571148157119751
      ],
      "interactivity": false,
      "content": "You're offline",
      "source": "box_ocr_content_ocr"
    },
    {
      "type": "text",
      "bbox": [
        0.14947916567325592,
        0.6270853877067566,
        0.49427083134651184,
        0.6683022379875183
      ],
      "interactivity": false,
      "content": "Download music and podcasts to listen offline:",
      "source": "box_ocr_content_ocr"
    },
    {
      "type": "icon",
      "bbox": [
        0.5717031359672546,
        0.1591576486825943,
        0.7245889902114868,
        0.20813265442848206
      ],
      "interactivity": true,
      "content": "TheonlyMajed ",
      "source": "box_yolo_content_ocr"
    },
    {
      "type": "icon",
      "bbox": [
        0.12597183883190155,
        0.013582025654613972,
        0.18110695481300354,
        0.1126682460308075
      ],
      "interactivity": true,
      "content": "Home",
      "source": "box_yolo_content_yolo"
    },
    {
      "type": "icon",
      "bbox": [
        0.8243443965911865,
        0.0131826838478446,
        0.879946768283844,
        0.11249258369207382
      ],
      "interactivity": true,
      "content": "3, September, 2024",
      "source": "box_yolo_content_yolo"
    },
    {
      "type": "icon",
      "bbox": [
        0.01753448322415352,
        0.8537787199020386,
        0.07139918953180313,
        0.9507776498794556
      ],
      "interactivity": true,
      "content": "A video game or video game.",
      "source": "box_yolo_content_yolo"
    },
    {
      "type": "icon",
      "bbox": [
        0.01850626990199089,
        0.3600972890853882,
        0.07047928124666214,
        0.45473065972328186
      ],
      "interactivity": true,
      "content": "Heart",
      "source": "box_yolo_content_yolo"
    },
    {
      "type": "icon",
      "bbox": [
        0.627912163734436,
        0.02796563133597374,
        0.6655830144882202,
        0.09548777341842651
      ],
      "interactivity": true,
      "content": "Delete",
      "source": "box_yolo_content_yolo"
    },
    {
      "type": "icon",
      "bbox": [
        0.007950241677463055,
        0.01785200461745262,
        0.04806280881166458,
        0.10489268600940704
      ],
      "interactivity": true,
      "content": "More options",
      "source": "box_yolo_content_yolo"
    },
    {
      "type": "icon",
      "bbox": [
        0.8973162174224854,
        0.14704738557338715,
        0.9411843419075012,
        0.22899998724460602
      ],
      "interactivity": true,
      "content": "More options",
      "source": "box_yolo_content_yolo"
    },
    {
      "type": "icon",
      "bbox": [
        0.024771200492978096,
        0.24445044994354248,
        0.06434138864278793,
        0.31673291325569153
      ],
      "interactivity": true,
      "content": "Add",
      "source": "box_yolo_content_yolo"
    },
    {
      "type": "icon",
      "bbox": [
        0.05992396920919418,
        0.0371561124920845,
        0.08979320526123047,
        0.09162721782922745
      ],
      "interactivity": true,
      "content": "Back",
      "source": "box_yolo_content_yolo"
    },
    {
      "type": "icon",
      "bbox": [
        0.9421766400337219,
        0.14818835258483887,
        0.9783235788345337,
        0.22906455397605896
      ],
      "interactivity": true,
      "content": "View as full screen",
      "source": "box_yolo_content_yolo"
    },
    {
      "type": "icon",
      "bbox": [
        0.7768118381500244,
        0.03475460782647133,
        0.8133156895637512,
        0.09064097702503204
      ],
      "interactivity": true,
      "content": "2, September, 2024",
      "source": "box_yolo_content_yolo"
    },
    {
      "type": "icon",
      "bbox": [
        0.8970174789428711,
        0.027272094041109085,
        0.9310026168823242,
        0.10128984600305557
      ],
      "interactivity": true,
      "content": "Minimize",
      "source": "box_yolo_content_yolo"
    },
    {
      "type": "icon",