{
  "label_coordinates": {
    "0": [
      0.8989583333333333,
      0.07407406700981987,
      0.057291666666666664,
      0.02962962962962963
    ],
    "1": [
      0.8921875,
      0.11944445857295284,
      0.029166666666666667,
      0.018518518518518517
    ],
    "2": [
      0.9255208333333333,
      0.12314814814814815,
      0.019791666666666666,
      0.014814814814814815
    ],
    "3": [
      0.9151041666666667,
      0.13796296296296295,
      0.04583333333333333,
      0.016666666666666666
    ],
    "4": [
      0.9244791666666666,
      0.16944443031593606,
      0.017708333333333333,
      0.016666666666666666
    ],
    "5": [
      0.8921875,
      0.1824074074074074,
      0.027083333333333334,
      0.018518518518518517
    ],
    "6": [
      0.9244791666666666,
      0.18611111111111112,
      0.015625,
      0.014814814814814815
    ],
    "7": [
      0.35617281595865885,
      0.950193504050926,
      0.1479550043741862,
      0.04234280056423611
    ],
    "8": [
      0.8479207356770834,
      0.2271622269241898,
      0.15207926432291666,
      0.044908876772280094
    ],
    "9": [
      0.8482521057128907,
      0.0,
      0.06564445495605468,
      0.03523841434054904
    ],
    "10": [
      0.9087008158365886,
      0.1533407140661169,
      0.04883651733398438,
      0.016052754720052083
    ],
    "11": [
      0.912011464436849,
      0.03588362799750434,
      0.029671859741210938,
      0.03784474973325376
    ],
    "12": [
      0.5883307139078776,
      0.9484174940321181,
      0.026707839965820313,
      0.04954065393518518
    ],
    "13": [
      0.5591588338216146,
      0.9505470558449074,
      0.02660191853841146,
      0.04849333586516204
    ],
    "14": [
      0.5036830584208171,
      0.9488456443504051,
      0.025755691528320312,
      0.0503173828125
    ],
    "15": [
      0.5319150606791179,
      0.9488731101707176,
      0.025015481313069663,
      0.04994665075231482
    ],
    "16": [
      0.9432169596354166,
      0.0005973127153184679,
      0.030052820841471355,
      0.03378459082709418
    ],
    "17": [
      0.9737638473510742,
      0.0,
      0.02591705322265625,
      0.03414816326565213
    ],
    "18": [
      0.6175110499064128,
      0.9482716878255208,
      0.02701225280761719,
      0.05011144567418981
    ],
    "19": [
      0.32731815973917644,
      0.9485463460286458,
      0.027720069885253905,
      0.04501614040798611
    ],
    "20": [
      0.6498167673746745,
      0.9483033356843171,
      0.019101333618164063,
      0.050712528935185186
    ],
    "21": [
      0.912513542175293,
      0.0,
      0.031274032592773435,
      0.035200977325439455
    ],
    "22": [
      0.8481555938720703,
      0.27092282330548323,
      0.15184440612792968,
      0.056605021158854164
    ],
    "23": [
      0.08814334869384766,
      0.19816261574074073,
      0.748484738667806,
      0.7067526358145254
    ]
  },
  "parsed_content_list": [
    {
      "type": "text",
      "bbox": [
        0.8989583253860474,
        0.07407407462596893,
        0.956250011920929,
        0.10370370000600815
      ],
      "interactivity": false,
      "content": "Manual",
      "source": "box_ocr_content_ocr"
    },
    {
      "type": "text",
      "bbox": [
        0.8921874761581421,
        0.11944444477558136,
        0.9213541746139526,
        0.1379629671573639
      ],
      "interactivity": false,
      "content": "SPACE",
      "source": "box_ocr_content_ocr"
    },
    {
      "type": "text",
      "bbox": [
        0.9255208373069763,
        0.12314815074205399,
        0.9453125,
        0.1379629671573639
      ],
      "interactivity": false,
      "content": "Scan",
      "source": "box_ocr_content_ocr"
    },
    {
      "type": "text",
      "bbox": [
        0.9151041507720947,
        0.1379629671573639,
        0.9609375,
        0.1546296328306198
      ],
      "interactivity": false,
      "content": "Select action",
      "source": "box_ocr_content_ocr"
    },
    {
      "type": "text",
      "bbox": [
        0.9244791865348816,
        0.16944444179534912,
        0.942187488079071,
        0.18611110746860504
      ],
      "interactivity": false,
      "content": "back",
      "source": "box_ocr_content_ocr"
    },
    {
      "type": "text",
      "bbox": [
        0.8921874761581421,
        0.182407408952713,
        0.9192708134651184,
        0.20092593133449554
      ],
      "interactivity": false,
      "content": "QIESC",
      "source": "box_ocr_content_ocr"
    },
    {
      "type": "text",
      "bbox": [
        0.9244791865348816,
        0.18611110746860504,
        0.9401041865348816,
        0.20092593133449554
      ],
      "interactivity": false,
      "content": "Quit",
      "source": "box_ocr_content_ocr"
    },
    {
      "type": "icon",
      "bbox": [
        0.3561728298664093,
        0.9501935243606567,
        0.5041278004646301,
        0.9925363063812256
      ],
      "interactivity": true,
      "content": "Search ",
      "source": "box_yolo_content_ocr"
    },
    {
      "type": "icon",
      "bbox": [
        0.8479207754135132,
        0.2271622121334076,
        1.0,
        0.27207109332084656
      ],
      "interactivity": true,
      "content": "Taking screenshot__. ",
      "source": "box_yolo_content_ocr"
    },
    {
      "type": "icon",
      "bbox": [
        0.8482521176338196,
        0.0,
        0.9138965606689453,
        0.035238415002822876
      ],
      "interactivity": true,
      "content": "BCI Manual ",
      "source": "box_yolo_content_ocr"
    },
    {
      "type": "icon",
      "bbox": [
        0.9087007641792297,
        0.15334071218967438,
        0.9575372934341431,
        0.16939346492290497
      ],
      "interactivity": true,
      "content": "More options ",
      "source": "box_yolo_content_ocr"
    },
    {
      "type": "icon",
      "bbox": [
        0.912011444568634,
        0.03588362783193588,
        0.9416833519935608,
        0.07372837513685226
      ],
      "interactivity": true,
      "content": "BCI ",
      "source": "box_yolo_content_ocr"
    },
    {
      "type": "icon",
      "bbox": [
        0.5883306860923767,
        0.9484174847602844,
        0.6150385737419128,
        0.997958242893219
      ],
      "interactivity": true,
      "content": "Google Chrome",
      "source": "box_yolo_content_yolo"
    },
    {
      "type": "icon",
      "bbox": [
        0.5591588616371155,
        0.95054692029953,
        0.585760772228241,
        0.9990403652191162
      ],
      "interactivity": true,
      "content": "Microsoft Edge browser",
      "source": "box_yolo_content_yolo"
    },
    {
      "type": "icon",
      "bbox": [
        0.5036830306053162,
        0.948845624923706,
        0.5294387340545654,
        0.999163031578064
      ],
      "interactivity": true,
      "content": "Gallery",
      "source": "box_yolo_content_yolo"
    },
    {
      "type": "icon",
      "bbox": [
        0.5319150686264038,
        0.9488731026649475,
        0.5569305419921875,
        0.9988197684288025
      ],
      "interactivity": true,
      "content": "Spotify",
      "source": "box_yolo_content_yolo"
    },
    {
      "type": "icon",
      "bbox": [
        0.9432169795036316,
        0.0005973126972094178,
        0.9732697606086731,
        0.03438189998269081
      ],
      "interactivity": true,
      "content": "Maximize",
      "source": "box_yolo_content_yolo"
    },
    {
      "type": "icon",
      "bbox": [
        0.9737638235092163,
        0.0,
        0.9996808767318726,
        0.034148164093494415
      ],
      "interactivity": true,
      "content": "Close",
      "source": "box_yolo_content_yolo"
    },
    {
      "type": "icon",
      "bbox": [
        0.6175110936164856,
        0.9482716917991638,
        0.6445233821868896,
        0.9983832240104675
      ],
      "interactivity": true,