{
  "label_coordinates": {
    "0": [
      0.8989583333333333,
      0.07407406700981987,
      0.057291666666666664,
      0.02962962962962963
    ],
    "1": [
      0.8921875,
      0.11944445857295284,
      0.029166666666666667,
      0.018518518518518517
    ],
    "2": [
      0.9255208333333333,
      0.12314814814814815,
      0.019791666666666666,
      0.014814814814814815
    ],
    "3": [
      0.9151041666666667,
      0.13796296296296295,
      0.04583333333333333,
      0.016666666666666666
    ],
    "4": [
      0.9244791666666666,
      0.16944443031593606,
      0.017708333333333333,
      0.016666666666666666
    ],
    "5": [
      0.8921875,
      0.1824074074074074,
      0.027083333333333334,
      0.018518518518518517
    ],
    "6": [
      0.9244791666666666,
      0.18611111111111112,
      0.015625,
      0.014814814814814815
    ],
    "7": [
      0.35618454615275064,
      0.9501789234302662,
      0.14794851938883463,
      0.042323133680555555
    ],
    "8": [
      0.8489130020141602,
      0.00014403837698477286,
      0.09546699523925781,
      0.034438860857928244
    ],
    "9": [
      0.8494178771972656,
      0.22774655377423322,
      0.15058212280273436,
      0.043697215892650465
    ],
    "10": [
      0.9121125539143881,
      0.036463401935718676,
      0.028940582275390626,
      0.037178919050428604
    ],
    "11": [
      0.9093624750773112,
      0.15337296945077403,
      0.04805005391438802,
      0.01602548669885706
    ],
    "12": [
      0.5596291224161783,
      0.9517721670645255,
      0.02613042195638021,
      0.04749100296585648
    ],
    "13": [
      0.588424555460612,
      0.9485535798249422,
      0.026759592692057292,
      0.049919976128472224
    ],
    "14": [
      0.5036675453186035,
      0.9488265426070602,
      0.025963783264160156,
      0.050568305121527775
    ],
    "15": [
      0.5321069081624349,
      0.9489160608362268,
      0.024971898396809897,
      0.050182201244212965
    ],
    "16": [
      0.976467514038086,
      4.4688472041377316e-05,
      0.023214340209960938,
      0.03390931729917173
    ],
    "17": [
      0.6178491592407227,
      0.9484240496600116,
      0.025853729248046874,
      0.050469292534722224
    ],
    "18": [
      0.32777795791625974,
      0.949656507703993,
      0.026988410949707033,
      0.04259349681712963
    ],
    "19": [
      0.6496034622192383,
      0.9481891773365162,
      0.01965929667154948,
      0.05099035192418982
    ],
    "20": [
      0.9434110641479492,
      6.160206264919705e-05,
      0.0293487548828125,
      0.03396721592655888
    ],
    "21": [
      0.08813152313232422,
      0.1993088333695023,
      0.748503049214681,
      0.7050156204788773
    ],
    "22": [
      0.8925533294677734,
      0.151157718234592,
      0.007080078125,
      0.02046296861436632
    ]
  },
  "parsed_content_list": [
    {
      "type": "text",
      "bbox": [
        0.8989583253860474,
        0.07407407462596893,
        0.956250011920929,
        0.10370370000600815
      ],
      "interactivity": false,
      "content": "Manual",
      "source": "box_ocr_content_ocr"
    },
    {
      "type": "text",
      "bbox": [
        0.8921874761581421,
        0.11944444477558136,
        0.9213541746139526,
        0.1379629671573639
      ],
      "interactivity": false,
      "content": "SPACE",
      "source": "box_ocr_content_ocr"
    },
    {
      "type": "text",
      "bbox": [
        0.9255208373069763,
        0.12314815074205399,
        0.9453125,
        0.1379629671573639
      ],
      "interactivity": false,
      "content": "Scan",
      "source": "box_ocr_content_ocr"
    },
    {
      "type": "text",
      "bbox": [
        0.9151041507720947,
        0.1379629671573639,
        0.9609375,
        0.1546296328306198
      ],
      "interactivity": false,
      "content": "Select action",
      "source": "box_ocr_content_ocr"
    },
    {
      "type": "text",
      "bbox": [
        0.9244791865348816,
        0.16944444179534912,
        0.942187488079071,
        0.18611110746860504
      ],
      "interactivity": false,
      "content": "back",
      "source": "box_ocr_content_ocr"
    },
    {
      "type": "text",
      "bbox": [
        0.8921874761581421,
        0.182407408952713,
        0.9192708134651184,
        0.20092593133449554
      ],
      "interactivity": false,
      "content": "QIESC",
      "source": "box_ocr_content_ocr"
    },
    {
      "type": "text",
      "bbox": [
        0.9244791865348816,
        0.18611110746860504,
        0.9401041865348816,
        0.20092593133449554
      ],
      "interactivity": false,
      "content": "Quit",
      "source": "box_ocr_content_ocr"
    },
    {
      "type": "icon",
      "bbox": [
        0.35618454217910767,
        0.9501789212226868,
        0.5041330456733704,
        0.9925020337104797
      ],
      "interactivity": true,
      "content": "Search ",
      "source": "box_yolo_content_ocr"
    },
    {
      "type": "icon",
      "bbox": [
        0.8489130139350891,
        0.00014403661771211773,
        0.944379985332489,
        0.03458290174603462
      ],
      "interactivity": true,
      "content": "BCI Manual ",
      "source": "box_yolo_content_ocr"
    },
    {
      "type": "icon",
      "bbox": [
        0.8494178652763367,
        0.22774654626846313,
        1.0,
        0.27144375443458557
      ],
      "interactivity": true,
      "content": "Press SPACE to scan ",
      "source": "box_yolo_content_ocr"
    },
    {
      "type": "icon",
      "bbox": [
        0.9121125340461731,
        0.03646339848637581,
        0.9410531520843506,
        0.0736423209309578
      ],
      "interactivity": true,
      "content": "BCI ",
      "source": "box_yolo_content_ocr"
    },
    {
      "type": "icon",
      "bbox": [
        0.9093624353408813,
        0.15337295830249786,
        0.9574125409126282,
        0.1693984568119049
      ],
      "interactivity": true,
      "content": "More options ",
      "source": "box_yolo_content_ocr"
    },
    {
      "type": "icon",
      "bbox": [
        0.5596291422843933,
        0.951772153377533,
        0.5857595801353455,
        0.9992630481719971
      ],
      "interactivity": true,
      "content": "Microsoft Edge browser",
      "source": "box_yolo_content_yolo"
    },
    {
      "type": "icon",
      "bbox": [
        0.588424563407898,
        0.9485535621643066,
        0.6151841282844543,
        0.9984736442565918
      ],
      "interactivity": true,
      "content": "Google Chrome",
      "source": "box_yolo_content_yolo"
    },
    {
      "type": "icon",
      "bbox": [
        0.5036675333976746,
        0.9488265514373779,
        0.5296313166618347,
        0.999394953250885
      ],
      "interactivity": true,
      "content": "Gallery",
      "source": "box_yolo_content_yolo"
    },
    {
      "type": "icon",
      "bbox": [
        0.532106876373291,
        0.9489160776138306,
        0.5570787787437439,
        0.9990982413291931
      ],
      "interactivity": true,
      "content": "Spotify",
      "source": "box_yolo_content_yolo"
    },
    {
      "type": "icon",
      "bbox": [
        0.976467490196228,
        4.469023770070635e-05,
        0.999681830406189,
        0.03395400568842888
      ],
      "interactivity": true,
      "content": "Close",
      "source": "box_yolo_content_yolo"
    },
    {
      "type": "icon",
      "bbox": [
        0.6178492307662964,
        0.9484240412712097,
        0.6437029242515564,
        0.9988933205604553
      ],
      "interactivity": true,
      "content": "PyCharm",
      "source": "box_yolo_content_yolo"
    },
    {
      "type": "icon",
      "bbox": [
        0.3277779519557953,
        0.9496564865112305,
        0.3547663688659668,
        0.9922499060630798
      ],
      "interactivity": true,
      "content": "Windows",