{
  "label_coordinates": {
    "0": [
      0.016666664679845174,
      0.005888124677454056,
      0.059375,
      0.023552502453385672
    ],
    "1": [
      0.22552083333333334,
      0.13444553483807656,
      0.18020833333333333,
      0.03631010794896958
    ],
    "2": [
      0.546875,
      0.21589793915603533,
      0.08229166666666667,
      0.02747791952894995
    ],
    "3": [
      0.5578125,
      0.2512266928361138,
      0.09114583333333333,
      0.02649656526005888
    ],
    "4": [
      0.27395833333333336,
      0.3415113155226478,
      0.121875,
      0.03042198233562316
    ],
    "5": [
      0.546875,
      0.37684003925417076,
      0.10104166666666667,
      0.03140333660451423
    ],
    "6": [
      0.5463541666666667,
      0.41020605444791153,
      0.07864583333333333,
      0.02649656526005888
    ],
    "7": [
      0.6375,
      0.4102060843964671,
      0.07083333333333333,
      0.023552502453385672
    ],
    "8": [
      0.5468749364217123,
      0.4514229936384476,
      0.08333333333333333,
      0.02551521099116781
    ],
    "9": [
      0.5458333333333333,
      0.48282630029440626,
      0.128125,
      0.02551521099116781
    ],
    "10": [
      0.546875,
      0.5103042198233563,
      0.09791666666666667,
      0.02551521099116781
    ],
    "11": [
      0.2734375,
      0.5858684985279686,
      0.0375,
      0.019627085377821395
    ],
    "12": [
      0.3182291666666667,
      0.5897939156035329,
      0.03854166666666667,
      0.019627085377821395
    ],
    "13": [
      0.27342478434244794,
      0.20574675645163765,
      0.2096837361653646,
      0.12309251659868743
    ],
    "14": [
      0.7165917714436849,
      0.12833306459496135,
      0.05239919026692708,
      0.041819863511254905
    ],
    "15": [
      0.27088540395100913,
      0.36562307730273247,
      0.21054496765136718,
      0.17000444316770424
    ],
    "16": [
      0.6714649200439453,
      0.13068465512680938,
      0.0374420166015625,
      0.03770017015571332
    ],
    "17": [
      0.11414400736490886,
      0.05171385176399388,
      0.0983491579691569,
      0.0309542991930182
    ],
    "18": [
      0.274166202545166,
      0.5471027288165481,
      0.05434830983479818,
      0.03159500736015702
    ],
    "19": [
      0.5455284118652344,
      0.3057726260139383,
      0.18202184041341146,
      0.030882411428943816
    ],
    "20": [
      0.8339626312255859,
      0.04037551954754202,
      0.16268692016601563,
      0.05821975243805201
    ],
    "21": [
      0.4990025202433268,
      0.3721427880044774,
      0.04195531209309896,
      0.07469541121043916
    ],
    "22": [
      0.22419490814208984,
      0.42953155787115127,
      0.04430303573608398,
      0.10162655996036249
    ],
    "23": [
      0.224859619140625,
      0.338354228640211,
      0.042472553253173825,
      0.07627549700226938
    ],
    "24": [
      0.5000857353210449,
      0.2105260966921461,
      0.0404939333597819,
      0.08076766054342492
    ],
    "25": [
      0.08213531970977783,
      0.05364395006833062,
      0.01989889144897461,
      0.034049845537329794
    ],
    "26": [
      0.7789407094319661,
      0.05117147593549704,
      0.018909581502278647,
      0.035034243328180587
    ],
    "27": [
      0.06087932586669922,
      0.055276726600115386,
      0.01499630610148112,
      0.028630515895016178
    ],
    "28": [
      0.22786776224772134,
      0.2126339359302165,
      0.037572288513183595,
      0.08058707075334273
    ],
    "29": [
      0.8056520462036133,
      0.04988308533134123,
      0.020333480834960938,
      0.03975218528620277
    ],
    "30": [
      0.9698589324951172,
      0.0,
      0.023546346028645835,
      0.03309880669381363
    ],
    "31": [
      0.4998178482055664,
      0.45266699673968047,
      0.040850067138671876,
      0.07659166390341328
    ],
    "32": [
      0.22363955179850262,
      0.5484064493375859,
      0.04520463943481445,
      0.0775368103686212
    ],
    "33": [
      0.03431626160939535,
      0.05339940513783044,
      0.0191193421681722,
      0.03182231689692713
    ],
    "34": [
      0.9935521443684896,
      0.0,
      0.006447855631510417,
      0.032294395978364206
    ],
    "35": [
      0.49867830276489256,
      0.2940796317717278,
      0.04288460413614909,
      0.06763072664300172
    ],
    "36": [
      6.332298119862875e-05,
      0.04637393820391085,
      0.004557224611441295,
      0.04823932142323203
    ]
  },
  "parsed_content_list": [
    {
      "type": "text",
      "bbox": [
        0.01666666753590107,
        0.005888125393539667,
        0.07604166865348816,
        0.029440628364682198
      ],
      "interactivity": false,
      "content": "Control Panel",
      "source": "box_ocr_content_ocr"
    },
    {
      "type": "text",
      "bbox": [
        0.22552083432674408,
        0.13444553315639496,
        0.40572917461395264,
        0.17075563967227936
      ],
      "interactivity": false,
      "content": "Adjust your computer's settings",
      "source": "box_ocr_content_ocr"
    },
    {
      "type": "text",
      "bbox": [
        0.546875,
        0.21589793264865875,
        0.6291666626930237,
        0.24337585270404816
      ],
      "interactivity": false,
      "content": "User Accounts",
      "source": "box_ocr_content_ocr"
    },
    {
      "type": "text",
      "bbox": [
        0.557812511920929,
        0.2512266933917999,
        0.6489583253860474,
        0.2777232527732849
      ],
      "interactivity": false,
      "content": "Change account type",
      "source": "box_ocr_content_ocr"
    },
    {
      "type": "text",
      "bbox": [
        0.27395832538604736,
        0.3415112793445587,
        0.3958333432674408,
        0.3719332814216614
      ],
      "interactivity": false,
      "content": "Network and Internet",
      "source": "box_ocr_content_ocr"
    },
    {
      "type": "text",
      "bbox": [
        0.546875,
        0.3768400251865387,
        0.6479166746139526,
        0.4082433879375458
      ],
      "interactivity": false,
      "content": "Clock and Region",
      "source": "box_ocr_content_ocr"
    },
    {
      "type": "text",
      "bbox": [
        0.5463541746139526,
        0.4102060794830322,
        0.625,
        0.4367026388645172
      ],
      "interactivity": false,
      "content": "Change date, time,",
      "source": "box_ocr_content_ocr"
    },
    {
      "type": "text",
      "bbox": [
        0.637499988079071,
        0.4102060794830322,
        0.7083333134651184,
        0.43375858664512634
      ],
      "interactivity": false,
      "content": "number formats",
      "source": "box_ocr_content_ocr"
    },
    {
      "type": "text",
      "bbox": [
        0.546875,
        0.45142295956611633,
        0.6302083134651184,
        0.4769381880760193
      ],
      "interactivity": false,
      "content": "Ease of Access",
      "source": "box_ocr_content_ocr"
    },
    {
      "type": "text",
      "bbox": [
        0.5458333492279053,
        0.482826292514801,
        0.6739583611488342,
        0.5083414912223816
      ],
      "interactivity": false,
      "content": "Let Windows suggest settings",
      "source": "box_ocr_content_ocr"
    },
    {
      "type": "text",
      "bbox": [
        0.546875,
        0.5103042125701904,
        0.6447916626930237,
        0.535819411277771
      ],
      "interactivity": false,
      "content": "Optimize visual display",
      "source": "box_ocr_content_ocr"
    },
    {
      "type": "text",
      "bbox": [
        0.2734375,
        0.5858684778213501,
        0.3109374940395355,
        0.6054955720901489
      ],
      "interactivity": false,
      "content": "Uninstall",
      "source": "box_ocr_content_ocr"
    },
    {
      "type": "text",
      "bbox": [
        0.31822916865348816,
        0.5897939205169678,
        0.3567708432674408,
        0.6094210147857666
      ],