{
  "label_coordinates": {
    "0": [
      0.43209876543209874,
      0.9611111111111111,
      0.037037037037037035,
      0.022222222222222223
    ],
    "1": [
      0.3983790268132716,
      0.03482645176075123,
      0.20185682508680555,
      0.038118019810429324
    ],
    "2": [
      0.3524559868706597,
      0.026546522423073097,
      0.04069673514660494,
      0.0586380852593316
    ],
    "3": [
      0.6102104657961999,
      0.034287191320348666,
      0.02894102496865355,
      0.04097951959680628
    ],
    "4": [
      0.7228982807677469,
      0.022953806983100043,
      0.045455668885030866,
      0.062154854668511283
    ],
    "5": [
      0.6111085114655671,
      0.9474873295536748,
      0.03578525119357639,
      0.05251267044632523
    ],
    "6": [
      0.5792473687065972,
      0.9485195583767361,
      0.03166601863908179,
      0.0498401783130787
    ],
    "7": [
      0.7154167269483025,
      0.9493889702690972,
      0.0315111701871142,
      0.05061102973090278
    ],
    "8": [
      0.371579733012635,
      0.9509860568576389,
      0.03186313958815586,
      0.03886153609664352
    ],
    "9": [
      0.6473225911458333,
      0.9479394418221933,
      0.03216266396604938,
      0.04997892026548032
    ],
    "10": [
      0.7468404887635031,
      0.9491927535445602,
      0.03401542004243827,
      0.04900716145833333
    ],
    "11": [
      0.6805505069685571,
      0.948235179759838,
      0.03310381100501543,
      0.050264259620949076
    ],
    "12": [
      0.8111440399546682,
      0.03345169138025354,
      0.03081928771219136,
      0.04409266931039316
    ],
    "13": [
      0.6562152627073689,
      0.0322912922611943,
      0.028465741946373458,
      0.0458383630823206
    ],
    "14": [
      0.777984619140625,
      0.03194841808742947,
      0.031179621190200617,
      0.04768848772402163
    ],
    "15": [
      0.6856452094184028,
      0.030228409943757233,
      0.03129204644097222,
      0.05069519325538918
    ],
    "16": [
      0.7860196337287808,
      0.9495190655743634,
      0.022999101803626545,
      0.04368512188946759
    ],
    "17": [
      0.8457270869502315,
      0.03304487864176432,
      0.02957612967785494,
      0.04491517808702257
    ],
    "18": [
      0.26050409387659146,
      0.029995006985134548,
      0.03623389726803627,
      0.055880906846788196
    ],
    "19": [
      0.3019889548972801,
      0.0384680500736943,
      0.025202659324363427,
      0.03637725688793041
    ],
    "20": [
      0.2685628066828221,
      0.16524758515534577,
      0.03062329704378858,
      0.047341127748842596
    ],
    "21": [
      0.3281399573808835,
      0.03685547510782878,
      0.022524007161458335,
      0.039595028206154154
    ],
    "22": [
      0.26486968994140625,
      0.23385449162235966,
      0.03807146990740741,
      0.05761344344527633
    ],
    "23": [
      0.9898729865933642,
      0.9568949381510417,
      0.010127013406635802,
      0.030682373046875
    ],
    "24": [
      0.41092875916280863,
      0.9558848063151042,
      0.019440601490162038,
      0.03346874095775463
    ],
    "25": [
      0.2654259764117959,
      0.10183705930356626,
      0.03497284312307099,
      0.06612907692238136
    ]
  },
  "parsed_content_list": [
    {
      "type": "text",
      "bbox": [
        0.43209877610206604,
        0.9611111283302307,
        0.4691357910633087,
        0.9833333492279053
      ],
      "interactivity": false,
      "content": "Search",
      "source": "box_ocr_content_ocr"
    },
    {
      "type": "icon",
      "bbox": [
        0.39837905764579773,
        0.034826453775167465,
        0.6002358794212341,
        0.07294446974992752
      ],
      "interactivity": true,
      "content": "What doyou want to p_ ",
      "source": "box_yolo_content_ocr"
    },
    {
      "type": "icon",
      "bbox": [
        0.3524559736251831,
        0.026546521112322807,
        0.39315271377563477,
        0.08518460392951965
      ],
      "interactivity": true,
      "content": "Home",
      "source": "box_yolo_content_yolo"
    },
    {
      "type": "icon",
      "bbox": [
        0.6102104783058167,
        0.034287188202142715,
        0.6391515135765076,
        0.07526671141386032
      ],
      "interactivity": true,
      "content": "Delete",
      "source": "box_yolo_content_yolo"
    },
    {
      "type": "icon",
      "bbox": [
        0.7228983044624329,
        0.022953808307647705,
        0.7683539986610413,
        0.08510866016149521
      ],
      "interactivity": true,
      "content": "A text input or translation option.",
      "source": "box_yolo_content_yolo"
    },
    {
      "type": "icon",
      "bbox": [
        0.6111084818840027,
        0.9474872946739197,
        0.6468937397003174,
        1.0
      ],
      "interactivity": true,
      "content": "Spotify",
      "source": "box_yolo_content_yolo"
    },
    {
      "type": "icon",
      "bbox": [
        0.5792473554611206,
        0.9485195875167847,
        0.6109133958816528,
        0.998359739780426
      ],
      "interactivity": true,
      "content": "Gallery",
      "source": "box_yolo_content_yolo"
    },
    {
      "type": "icon",
      "bbox": [
        0.7154167890548706,
        0.949388861656189,
        0.7469279170036316,
        1.0
      ],
      "interactivity": true,
      "content": "Navigator",
      "source": "box_yolo_content_yolo"
    },
    {
      "type": "icon",
      "bbox": [
        0.37157973647117615,
        0.9509860277175903,
        0.4034428596496582,
        0.9898474812507629
      ],
      "interactivity": true,
      "content": "Windows",
      "source": "box_yolo_content_yolo"
    },
    {
      "type": "icon",
      "bbox": [
        0.6473225951194763,
        0.9479394555091858,
        0.6794852614402771,
        0.9979183673858643
      ],
      "interactivity": true,
      "content": "Microsoft Edge browser",
      "source": "box_yolo_content_yolo"
    },
    {
      "type": "icon",
      "bbox": [
        0.7468404769897461,
        0.9491927623748779,
        0.7808558940887451,
        0.9981999397277832
      ],
      "interactivity": true,
      "content": "PowerPoint Pro",
      "source": "box_yolo_content_yolo"
    },
    {
      "type": "icon",
      "bbox": [
        0.6805505752563477,
        0.9482351541519165,
        0.7136543393135071,
        0.9984994530677795
      ],
      "interactivity": true,
      "content": "Google Chrome",
      "source": "box_yolo_content_yolo"
    },
    {
      "type": "icon",
      "bbox": [
        0.8111440539360046,
        0.033451687544584274,
        0.8419634103775024,
        0.07754436135292053
      ],
      "interactivity": true,
      "content": "Maximize",
      "source": "box_yolo_content_yolo"
    },
    {
      "type": "icon",
      "bbox": [
        0.656215250492096,
        0.032291293144226074,
        0.6846809983253479,
        0.07812965661287308
      ],
      "interactivity": true,
      "content": "Notifications",
      "source": "box_yolo_content_yolo"
    },
    {
      "type": "icon",
      "bbox": [
        0.777984619140625,
        0.03194841742515564,
        0.8091641664505005,
        0.07963690161705017
      ],
      "interactivity": true,
      "content": "Minimize",
      "source": "box_yolo_content_yolo"
    },
    {
      "type": "icon",
      "bbox": [
        0.6856451630592346,
        0.03022841364145279,
        0.716937243938446,
        0.08092360198497772
      ],
      "interactivity": true,
      "content": "28, September, 2024",
      "source": "box_yolo_content_yolo"
    },
    {
      "type": "icon",
      "bbox": [
        0.7860196232795715,
        0.949519157409668,
        0.8090187907218933,
        0.9932041764259338
      ],
      "interactivity": true,
      "content": "Inkiting",
      "source": "box_yolo_content_yolo"
    },
    {
      "type": "icon",