{
  "label_coordinates": {
    "0": [
      0.42777777777777776,
      0.03425925925925926,
      0.2,
      0.03333333333333333
    ],
    "1": [
      0.27160491943359377,
      0.4212962962962963,
      0.2919753274799865,
      0.0787037037037037
    ],
    "2": [
      0.24506170955705053,
      0.5398148148148149,
      0.34074074074074073,
      0.037037037037037035
    ],
    "3": [
      0.492592630268615,
      0.8305555555555556,
      0.174691320348669,
      0.06111111111111111
    ],
    "4": [
      0.08641975308641975,
      0.8833333333333333,
      0.04197530864197531,
      0.022222222222222223
    ],
    "5": [
      0.7617590633439429,
      0.12462757251880786,
      0.15104935257523147,
      0.039362109148943863
    ],
    "6": [
      0.08891960426613137,
      0.8496311329029225,
      0.1701969853153935,
      0.03161168981481482
    ],
    "7": [
      0.012929664423436295,
      0.8359561496310763,
      0.06144458158516589,
      0.08749400951244213
    ],
    "8": [
      0.32117705168547456,
      0.01001837341873734,
      0.05354237497588735,
      0.07670064855504918
    ],
    "9": [
      0.017809999724965036,
      0.28291422526041665,
      0.052177485713252314,
      0.07547675238715278
    ],
    "10": [
      0.5423765959563078,
      0.9476903279622396,
      0.033976161627121915,
      0.05126472755714699
    ],
    "11": [
      0.8159689820842978,
      0.022716651139435946,
      0.03712911723572531,
      0.051747286761248554
    ],
    "12": [
      0.6115807050540123,
      0.9509937427662037,
      0.033564588758680555,
      0.0455577709056713
    ],
    "13": [
      0.57842557930652,
      0.9498292145905671,
      0.03020607277199074,
      0.047630705656828705
    ],
    "14": [
      0.6457297242717979,
      0.9513427734375,
      0.03105740017361111,
      0.045430501302083336
    ],
    "15": [
      0.9173926836178626,
      0.8618017691153067,
      0.023840482735339508,
      0.03935524269386574
    ],
    "16": [
      0.47704976399739585,
      0.951605224609375,
      0.027736936969521606,
      0.041126392505787035
    ],
    "17": [
      0.950105568214699,
      0.8615567242657697,
      0.024592948254243827,
      0.038692785192418984
    ],
    "18": [
      0.025161707842791523,
      0.19265697620533132,
      0.03822146521674262,
      0.056957372029622394
    ],
    "19": [
      0.058494859860267166,
      0.02931637410764341,
      0.03177151150173611,
      0.04321922019675926
    ],
    "20": [
      0.007617394718123071,
      0.018958233020923757,
      0.0409879943470896,
      0.062104613692672166
    ],
    "21": [
      0.024247127109103733,
      0.1207720438639323,
      0.0416009220076196,
      0.06290964197229457
    ],
    "22": [
      0.9828006697289737,
      0.8625557228370949,
      0.017199405623070988,
      0.036809398509837964
    ],
    "23": [
      0.508959659529321,
      0.950299072265625,
      0.03211805555555555,
      0.047292073567708336
    ],
    "24": [
      0.27396875075352045,
      0.8545983208550347,
      0.028705964265046298,
      0.048155268916377315
    ],
    "25": [
      0.09265419288917824,
      0.03007258662471065,
      0.030421805676118827,
      0.04013777838812934
    ],
    "26": [
      0.8837369188850308,
      0.8600480256257234,
      0.024301637249228396,
      0.04010326244212963
    ],
    "27": [
      0.668396598910108,
      0.8397878576208044,
      0.02788477768132716,
      0.04198879665798611
    ],
    "28": [
      0.871557014371142,
      0.019566090901692708,
      0.04484818070023148,
      0.06164378413447627
    ],
    "29": [
      0.6811854986496914,
      0.9499284532335069,
      0.026646894290123457,
      0.04995320638020833
    ],
    "30": [
      0.962895824291088,
      0.015458234151204427,
      0.03703914689429012,
      0.06228634163185402
    ],
    "31": [
      0.9236661934558256,
      0.02198682007966218,
      0.03746443383487654,
      0.0520927005343967
    ],
    "32": [
      0.018793461646562742,
      0.3794647216796875,
      0.051113335880232445,
      0.07562905770760996
    ],
    "33": [
      0.01851639217800564,
      0.7682298448350694,
      0.051713957609953703,
      0.045127812138310186
    ],
    "34": [
      0.3773128179856289,
      0.2641504640932436,
      0.07878591278452932,
      0.12077783655237269
    ],
    "35": [
      0.9812244556568287,
      0.9582052725332755,
      0.018645863474151234,
      0.028645381221064813
    ],
    "36": [
      0.018564238371672453,
      0.6721112286603009,
      0.05190256377797068,
      0.08217513472945602
    ],
    "37": [
      0.01885321110854914,
      0.5745258472583912,
      0.05089292173032407,
      0.07698070384837963
    ],
    "38": [
      0.01872500902340736,
      0.47617984347873266,
      0.051065760482976466,
      0.0782756664134838
    ],
    "39": [
      0.3921973711178627,
      0.028447417859677915,
      0.02695116584683642,
      0.04448908346670645
    ]
  },
  "parsed_content_list": [
    {
      "type": "text",
      "bbox": [
        0.4277777671813965,
        0.034259259700775146,
        0.6277777552604675,
        0.06759259104728699
      ],
      "interactivity": false,
      "content": "What doyou want to play?",
      "source": "box_ocr_content_ocr"
    },
    {
      "type": "text",
      "bbox": [
        0.2716049253940582,
        0.42129629850387573,
        0.5635802745819092,
        0.5
      ],
      "interactivity": false,
      "content": "You're offline",
      "source": "box_ocr_content_ocr"
    },
    {
      "type": "text",
      "bbox": [
        0.2450617253780365,
        0.539814829826355,
        0.5858024954795837,
        0.5768518447875977
      ],
      "interactivity": false,
      "content": "Download music and podcasts to listen offline.",
      "source": "box_ocr_content_ocr"
    },
    {
      "type": "text",
      "bbox": [
        0.49259260296821594,
        0.8305555582046509,
        0.6672839522361755,
        0.8916666507720947
      ],
      "interactivity": false,
      "content": "7 K 0 X",
      "source": "box_ocr_content_ocr"
    },
    {
      "type": "text",
      "bbox": [
        0.08641975373029709,
        0.8833333253860474,
        0.12839506566524506,
        0.9055555462837219
      ],
      "interactivity": false,
      "content": "nimino",
      "source": "box_ocr_content_ocr"
    },
    {
      "type": "icon",
      "bbox": [
        0.7617590427398682,
        0.12462756037712097,
        0.9128084182739258,
        0.16398967802524567
      ],
      "interactivity": true,
      "content": "The onlyMajed ",
      "source": "box_yolo_content_ocr"
    },
    {
      "type": "icon",
      "bbox": [
        0.08891959488391876,
        0.849631130695343,
        0.2591165602207184,
        0.8812428116798401
      ],
      "interactivity": true,
      "content": "IOnly Smoke When Drink ",
      "source": "box_yolo_content_ocr"
    },
    {
      "type": "icon",
      "bbox": [
        0.012929665856063366,
        0.8359561562538147,
        0.0743742510676384,
        0.9234501123428345
      ],
      "interactivity": true,
      "content": "Music",
      "source": "box_yolo_content_yolo"
    },
    {
      "type": "icon",
      "bbox": [
        0.32117706537246704,
        0.010018372908234596,
        0.3747194707393646,
        0.08671902120113373
      ],
      "interactivity": true,
      "content": "Home",
      "source": "box_yolo_content_yolo"
    },
    {
      "type": "icon",
      "bbox": [
        0.017809998244047165,
        0.28291425108909607,
        0.06998749077320099,
        0.3583909869194031
      ],
      "interactivity": true,
      "content": "Heart",
      "source": "box_yolo_content_yolo"
    },
    {
      "type": "icon",
      "bbox": [
        0.5423765778541565,
        0.9476902484893799,
        0.5763527750968933,
        0.9989549517631531
      ],
      "interactivity": true,