{
  "label_coordinates": {
    "0": [
      0.46612408955891926,
      0.43250836512839147,
      0.06578394571940104,
      0.12059103795724321
    ],
    "1": [
      0.012177197138468425,
      0.008757435998251272,
      0.07037832472059462,
      0.07447431007404968
    ],
    "2": [
      0.7876580980088975,
      0.9063214442526647,
      0.09469367133246528,
      0.06787361716731266
    ],
    "3": [
      0.4662169986300998,
      0.02838154479822755,
      0.06780607435438368,
      0.036041880762854285
    ],
    "4": [
      0.19258927239312065,
      0.9201806829881298,
      0.058269034491644965,
      0.03907984849402455
    ],
    "5": [
      0.2835603290134006,
      0.9197494940548289,
      0.0326432122124566,
      0.04002486827761628
    ],
    "6": [
      0.7841640896267361,
      0.0,
      0.04318813747829861,
      0.10479299658644722
    ],
    "7": [
      0.26611412896050346,
      0.00038272157811995315,
      0.04657808939615885,
      0.10215447793019218
    ],
    "8": [
      0.4657159169514974,
      0.9204741879643088,
      0.022101338704427084,
      0.04087368277616279
    ],
    "9": [
      0.8856636895073785,
      0.8975317508983366,
      0.036969502766927086,
      0.0881294033632106
    ],
    "10": [
      0.5091810014512804,
      0.9182679326651324,
      0.024719323052300346,
      0.04228316905886628
    ],
    "11": [
      0.2591541502210829,
      0.9198129737716004,
      0.014787377251519098,
      0.0393959065124354
    ],
    "12": [
      0.018985509872436523,
      0.9154627600381541,
      0.028003199895222982,
      0.048734600845849484
    ],
    "13": [
      0.07675175136990017,
      0.8933293147912629,
      0.04027305179172092,
      0.09549730877543605
    ],
    "14": [
      0.6551696353488499,
      0.025952494421670604,
      0.023950025770399307,
      0.0482738406159157
    ],
    "15": [
      0.7547730339898003,
      0.919326821654958,
      0.02462276882595486,
      0.040665027707122096
    ],
    "16": [
      0.22329080369737414,
      0.0008795440042973797,
      0.04250509474012587,
      0.10435249269470688
    ],
    "17": [
      0.1799705293443468,
      0.010559670992907935,
      0.0362807379828559,
      0.07863709600088824
    ],
    "18": [
      0.8441838582356771,
      0.0,
      0.04669647216796875,
      0.10501071032935642
    ],
    "19": [
      0.1387674755520291,
      0.024065742196962815,
      0.026740943060980904,
      0.05238019958022953
    ],
    "20": [
      0.1253292825486925,
      0.8927191997991359,
      0.03338175879584419,
      0.09768952756581073
    ],
    "21": [
      0.7024236891004775,
      0.027819860197160904,
      0.021897718641493057,
      0.046532377100114056
    ],
    "22": [
      0.9562182956271701,
      0.025065353058413325,
      0.021975029839409722,
      0.04462213048023155
    ],
    "23": [
      0.9524929470486111,
      0.9154058254350371,
      0.027384779188368055,
      0.051681479126291986
    ],
    "24": [
      0.9061857435438369,
      0.02669381725695706,
      0.021044413248697918,
      0.04086709823411257
    ],
    "25": [
      0.1704956160651313,
      0.9167676033591732,
      0.024922635820176866,
      0.04632584130733204
    ],
    "26": [
      0.09138098822699653,
      0.014621074193515826,
      0.03295245700412326,
      0.06893896255690306
    ],
    "27": [
      0.0,
      0.8899325585180475,
      0.007461593548456828,
      0.03370197305999677
    ],
    "28": [
      0.7396879408094618,
      8.296227270318556e-05,
      0.04422760009765625,
      0.1101785704146984
    ],
    "29": [
      0.9911571926540799,
      0.8898458949047158,
      0.00884280734592014,
      0.08880757176598837
    ]
  },
  "parsed_content_list": [
    {
      "type": "icon",
      "bbox": [
        0.46612411737442017,
        0.4325083792209625,
        0.5319080352783203,
        0.5530993938446045
      ],
      "interactivity": true,
      "content": "Omniparser ",
      "source": "box_yolo_content_ocr"
    },
    {
      "type": "icon",
      "bbox": [
        0.012177200056612492,
        0.008757435716688633,
        0.08255552500486374,
        0.08323173969984055
      ],
      "interactivity": true,
      "content": "Edit ",
      "source": "box_yolo_content_ocr"
    },
    {
      "type": "icon",
      "bbox": [
        0.7876580953598022,
        0.9063215255737305,
        0.8823516964912415,
        0.9741950631141663
      ],
      "interactivity": true,
      "content": "100% ",
      "source": "box_yolo_content_ocr"
    },
    {
      "type": "icon",
      "bbox": [
        0.466217041015625,
        0.02838154509663582,
        0.534023106098175,
        0.06442342698574066
      ],
      "interactivity": true,
      "content": "images-png ",
      "source": "box_yolo_content_ocr"
    },
    {
      "type": "icon",
      "bbox": [
        0.19258926808834076,
        0.9201807379722595,
        0.2508583068847656,
        0.9592605829238892
      ],
      "interactivity": true,
      "content": "90 x 90 ",
      "source": "box_yolo_content_ocr"
    },
    {
      "type": "icon",
      "bbox": [
        0.2835603356361389,
        0.9197494983673096,
        0.3162035346031189,
        0.959774374961853
      ],
      "interactivity": true,
      "content": "KB ",
      "source": "box_yolo_content_ocr"
    },
    {
      "type": "icon",
      "bbox": [
        0.7841640710830688,
        0.0,
        0.8273522853851318,
        0.1047929972410202
      ],
      "interactivity": true,
      "content": "More options",
      "source": "box_yolo_content_yolo"
    },
    {
      "type": "icon",
      "bbox": [
        0.26611411571502686,
        0.0003827228210866451,
        0.31269222497940063,
        0.10253719985485077
      ],
      "interactivity": true,
      "content": "More options",
      "source": "box_yolo_content_yolo"
    },
    {
      "type": "icon",
      "bbox": [
        0.4657159149646759,
        0.9204741716384888,
        0.48781725764274597,
        0.9613478779792786
      ],
      "interactivity": true,
      "content": "Receipt",
      "source": "box_yolo_content_yolo"
    },
    {
      "type": "icon",
      "bbox": [
        0.8856637477874756,
        0.8975317478179932,
        0.922633171081543,
        0.9856611490249634
      ],
      "interactivity": true,
      "content": "More options",
      "source": "box_yolo_content_yolo"
    },
    {
      "type": "icon",
      "bbox": [
        0.5091809630393982,
        0.9182679057121277,
        0.5339003205299377,
        0.9605510830879211
      ],
      "interactivity": true,
      "content": "Cross-reference",
      "source": "box_yolo_content_yolo"
    },
    {
      "type": "icon",
      "bbox": [
        0.25915414094924927,
        0.9198130369186401,
        0.2739415168762207,
        0.9592089056968689
      ],
      "interactivity": true,
      "content": "Save",
      "source": "box_yolo_content_yolo"
    },
    {
      "type": "icon",
      "bbox": [
        0.018985509872436523,
        0.9154627323150635,
        0.04698871076107025,
        0.9641973376274109
      ],
      "interactivity": true,
      "content": "Video",
      "source": "box_yolo_content_yolo"
    },
    {
      "type": "icon",
      "bbox": [
        0.07675174623727798,
        0.8933293223381042,
        0.11702479422092438,
        0.9888266324996948
      ],
      "interactivity": true,
      "content": "Heart",
      "source": "box_yolo_content_yolo"
    },
    {
      "type": "icon",
      "bbox": [
        0.655169665813446,
        0.025952493771910667,
        0.6791197061538696,
        0.07422633469104767
      ],
      "interactivity": true,
      "content": "Microsoft 365",
      "source": "box_yolo_content_yolo"
    },
    {
      "type": "icon",
      "bbox": [
        0.7547730207443237,
        0.9193268418312073,
        0.7793958187103271,
        0.9599918723106384
      ],