{
  "label_coordinates": {
    "0": [
      0.15522875816993464,
      0.5535714285714286,
      0.4117647058823529,
      0.031746031746031744
    ],
    "1": [
      0.6397058823529411,
      0.6051587301587301,
      0.26552287581699346,
      0.054563492063492064
    ],
    "2": [
      0.1029411827037537,
      0.9067460317460317,
      0.15359477124183007,
      0.02976190476190476
    ],
    "3": [
      0.37663398692810457,
      0.8878968253968254,
      0.25,
      0.061507936507936505
    ],
    "4": [
      0.6391503826465482,
      0.12473219916934059,
      0.18061778747957516,
      0.0358909425281343
    ],
    "5": [
      0.1156621446796492,
      0.11449473244803292,
      0.4986794664968852,
      0.4185264224097842
    ],
    "6": [
      0.23949896120557598,
      0.029741046920655264,
      0.2721727657941432,
      0.03906994774228051
    ],
    "7": [
      0.10420967550838695,
      0.8925348917643229,
      0.05681079041724112,
      0.08507174537295387
    ],
    "8": [
      0.6451111338496988,
      0.6564863901289683,
      0.06458686379825368,
      0.028116256471664186
    ],
    "9": [
      0.16229809031767004,
      0.011401380811418806,
      0.06573077432470384,
      0.07456709846617683
    ],
    "10": [
      0.01708322724485709,
      0.8919757055857825,
      0.07304730134851792,
      0.08584037659660218
    ],
    "11": [
      0.7505837234796262,
      0.011481697597200908,
      0.06844793581495098,
      0.07323434617784289
    ],
    "12": [
      0.5245111502853095,
      0.02184660661788214,
      0.04536996479907067,
      0.052320381951710536
    ],
    "13": [
      0.8763091642093035,
      0.10849199597797697,
      0.053147259880514705,
      0.07001076804267035
    ],
    "14": [
      0.5847294128019046,
      0.02195463294074649,
      0.052979313470179736,
      0.05563141050792876
    ],
    "15": [
      0.7404852973090278,
      0.9180423797123016,
      0.02840787600847631,
      0.03775654141865079
    ],
    "16": [
      0.03011308931836895,
      0.18947817787291513,
      0.04710585151622498,
      0.056327607896592885
    ],
    "17": [
      0.2657669665766697,
      0.9110455588688926,
      0.037377301384420955,
      0.05210731143043155
    ],
    "18": [
      0.7793439977309283,
      0.9192080422053261,
      0.028483571569904,
      0.03420463440910218
    ],
    "19": [
      0.6991868860581342,
      0.9173546442909847,
      0.03215415804993873,
      0.03797839936755952
    ],
    "20": [
      0.019423766852983464,
      0.018582854952131,
      0.05172159780863843,
      0.06803772941468254
    ],
    "21": [
      0.8987965303308824,
      0.025497430846804663,
      0.03977557412939134,
      0.04597393671671549
    ],
    "22": [
      0.08508692224041309,
      0.026290433747427806,
      0.03572169783847784,
      0.049722853161039804
    ],
    "23": [
      0.8193713917451746,
      0.9192930554586743,
      0.029442531610626023,
      0.032191685267857144
    ],
    "24": [
      0.6325230317957261,
      0.8973845830039372,
      0.029109082190819036,
      0.07773020910838294
    ],
    "25": [
      0.9272341260723039,
      0.9184635101802765,
      0.02679622874540441,
      0.032418145073784724
    ],
    "26": [
      0.12522152670068679,
      0.025214931321522548,
      0.03365545335158803,
      0.050977525256928946
    ],
    "27": [
      0.6946945190429688,
      0.029239453966655428,
      0.044373954822814546,
      0.03758297647748675
    ],
    "28": [
      0.33859587027356514,
      0.9087444487072173,
      0.030433754515803716,
      0.06587606763082837
    ],
    "29": [
      0.9300032472298816,
      0.11508490547301277,
      0.04099647671568627,
      0.06238595266190786
    ],
    "30": [
      0.9607838150722529,
      0.9177728683229477,
      0.029120551215277776,
      0.0351045396592882
    ],
    "31": [
      0.9445615282245711,
      0.6310131133548798,
      0.03326615476919935,
      0.04022156246124752
    ],
    "32": [
      0.9084710015190972,
      0.6302750602601066,
      0.032963771446078434,
      0.039732312399243554
    ],
    "33": [
      0.007645198722290837,
      0.7503884936135913,
      0.0928128685047424,
      0.12040165492466517
    ],
    "34": [
      0.020249790615505643,
      0.27828455728197854,
      0.06684239705403645,
      0.07465665302579365
    ],
    "35": [
      0.6439115736219618,
      0.017618926744612438,
      0.04822904300066381,
      0.05872310154021732
    ],
    "36": [
      0.020837640450670828,
      0.37316582694886224,
      0.06525985867369409,
      0.07389795212518602
    ],
    "37": [
      0.9538426617391749,
      0.025989445428999645,
      0.03655407475490196,
      0.048426094509306405
    ],
    "38": [
      0.8385393728617749,
      0.016885405495053248,
      0.04951546862234477,
      0.06718985239664714
    ],
    "39": [
      0.8507058137382557,
      0.9166152590797061,
      0.06719412211499183,
      0.03264278835720486
    ],
    "40": [
      0.017720967336417804,
      0.5628920661078559,
      0.06820099026549097,
      0.07542322552393353
    ],
    "41": [
      0.02599891650131325,
      0.1214334245712038,
      0.053404128629397724,
      0.06446953425331721
    ]
  },
  "parsed_content_list": [
    {
      "type": "text",
      "bbox": [
        0.15522876381874084,
        0.5535714030265808,
        0.5669934749603271,
        0.5853174328804016
      ],
      "interactivity": false,
      "content": "Download music and podcasts to listen offline.",
      "source": "box_ocr_content_ocr"
    },
    {
      "type": "text",
      "bbox": [
        0.6397058963775635,
        0.6051587462425232,
        0.9052287340164185,
        0.6597222089767456
      ],
      "interactivity": false,
      "content": "IOnly Smoke Whe",
      "source": "box_ocr_content_ocr"
    },
    {
      "type": "text",
      "bbox": [
        0.10294117778539658,
        0.9067460298538208,
        0.25653594732284546,
        0.9365079402923584
      ],
      "interactivity": false,
      "content": "IOnly Smoke Wher",
      "source": "box_ocr_content_ocr"
    },
    {
      "type": "text",
      "bbox": [
        0.37663400173187256,
        0.8878968358039856,
        0.6266340017318726,
        0.949404776096344
      ],
      "interactivity": false,
      "content": "X K 0 X Q",
      "source": "box_ocr_content_ocr"
    },
    {
      "type": "icon",
      "bbox": [
        0.6391503810882568,
        0.12473219633102417,
        0.8197681307792664,
        0.16062313318252563
      ],
      "interactivity": true,
      "content": "Theonly Majed ",
      "source": "box_yolo_content_ocr"
    },
    {
      "type": "icon",
      "bbox": [
        0.11566214263439178,
        0.11449471116065979,
        0.6143415570259094,
        0.5330211520195007
      ],
      "interactivity": true,
      "content": "You're offline ",
      "source": "box_yolo_content_ocr"
    },
    {
      "type": "icon",
      "bbox": [
        0.23949898779392242,
        0.02974104695022106,
        0.5116717219352722,
        0.06881099194288254
      ],
      "interactivity": true,
      "content": "What doyou wan_ ",
      "source": "box_yolo_content_ocr"
    },
    {
      "type": "icon",
      "bbox": [
        0.10420968383550644,
        0.8925348520278931,
        0.16102047264575958,
        0.9776066541671753
      ],
      "interactivity": true,
      "content": "nimino ",
      "source": "box_yolo_content_ocr"
    },
    {
      "type": "icon",
      "bbox": [
        0.6451111435890198,
        0.6564863324165344,
        0.7096980214118958,
        0.6846026182174683
      ],
      "interactivity": true,
      "content": "nimino ",
      "source": "box_yolo_content_ocr"
    },
    {
      "type": "icon",
      "bbox": [
        0.1622980833053589,
        0.011401377618312836,
        0.22802886366844177,
        0.08596847951412201
      ],
      "interactivity": true,