{
  "label_coordinates": {
    "0": [
      0.016666664679845174,
      0.005888124677454056,
      0.059375,
      0.023552502453385672
    ],
    "1": [
      0.1421875,
      0.05986261040235525,
      0.057291666666666664,
      0.019627085377821395
    ],
    "2": [
      0.22552083333333334,
      0.13444553483807656,
      0.18020833333333333,
      0.03631010794896958
    ],
    "3": [
      0.546875,
      0.21589793915603533,
      0.08229166666666667,
      0.02747791952894995
    ],
    "4": [
      0.5578125,
      0.2512266928361138,
      0.09114583333333333,
      0.02649656526005888
    ],
    "5": [
      0.546875,
      0.37684003925417076,
      0.10104166666666667,
      0.03140333660451423
    ],
    "6": [
      0.2734375,
      0.3994112173872209,
      0.12708333333333333,
      0.019627085377821395
    ],
    "7": [
      0.5463541666666667,
      0.41020605444791153,
      0.07864583333333333,
      0.02649656526005888
    ],
    "8": [
      0.6375,
      0.4102060843964671,
      0.07083333333333333,
      0.023552502453385672
    ],
    "9": [
      0.5468749364217123,
      0.4514229936384476,
      0.08333333333333333,
      0.02551521099116781
    ],
    "10": [
      0.5458333333333333,
      0.48282630029440626,
      0.128125,
      0.02551521099116781
    ],
    "11": [
      0.546875,
      0.5103042198233563,
      0.09791666666666667,
      0.02551521099116781
    ],
    "12": [
      0.2734375,
      0.60549558390579,
      0.0375,
      0.019627085377821395
    ],
    "13": [
      0.3182291666666667,
      0.6094210009813543,
      0.03854166666666667,
      0.019627085377821395
    ],
    "14": [
      0.273271369934082,
      0.20587619410880764,
      0.20982386271158854,
      0.1212304951047289
    ],
    "15": [
      0.27318878173828126,
      0.33557170834227795,
      0.21335042317708333,
      0.06085941812592002
    ],
    "16": [
      0.7165164947509766,
      0.12828342486410543,
      0.05246454874674479,
      0.04190216214195903
    ],
    "17": [
      0.6713788350423177,
      0.13064444919095775,
      0.037556966145833336,
      0.037681631999815994
    ],
    "18": [
      0.2737005869547526,
      0.4387467583683452,
      0.209199587504069,
      0.11408890264658979
    ],
    "19": [
      0.27145910263061523,
      0.5622932351723503,
      0.20738639831542968,
      0.03748145585439156
    ],
    "20": [
      0.5456254959106446,
      0.3056290526385396,
      0.18195902506510417,
      0.03106180327680324
    ],
    "21": [
      0.223138427734375,
      0.441716636829919,
      0.046110916137695315,
      0.11131015586665849
    ],
    "22": [
      0.8339399973551432,
      0.04034950922703018,
      0.16274859110514323,
      0.05823712260028214
    ],
    "23": [
      0.49901110331217446,
      0.37214928684103593,
      0.041966883341471355,
      0.07466588193464795
    ],
    "24": [
      0.22511638005574544,
      0.3361896967864481,
      0.04361461003621419,
      0.08307717335469823
    ],
    "25": [
      0.49999265670776366,
      0.2103070230081575,
      0.04062458674112956,
      0.08113105631670142
    ],
    "26": [
      0.08214457829793294,
      0.053645425034692405,
      0.0198760986328125,
      0.03407615534339733
    ],
    "27": [
      0.7789563496907552,
      0.0511817670079045,
      0.018878809611002603,
      0.035039285916224544
    ],
    "28": [
      0.06087077061335246,
      0.05530503547226716,
      0.014995300769805908,
      0.028595431162166875
    ],
    "29": [
      0.499800173441569,
      0.4526477098698939,
      0.04083792368570963,
      0.07638681578332004
    ],
    "30": [
      0.22788127263387045,
      0.2116848961527846,
      0.037699445088704424,
      0.08250551532599362
    ],
    "31": [
      0.8056612014770508,
      0.049851077812576666,
      0.020322418212890624,
      0.039842540078355006
    ],
    "32": [
      0.9699316024780273,
      0.0,
      0.023474884033203126,
      0.03311102570448586
    ],
    "33": [
      0.03434265851974487,
      0.053451860032909866,
      0.01899263858795166,
      0.03170788346609728
    ],
    "34": [
      0.11142261823018391,
      0.05100127455062791,
      0.018213939666748048,
      0.033657579356484606
    ],
    "35": [
      0.9935535430908203,
      0.0,
      0.006446456909179688,
      0.032309501281079414
    ],
    "36": [
      0.4986850738525391,
      0.29404878475949153,
      0.04296442667643229,
      0.06754782904118621
    ],
    "37": [
      6.315559148788452e-05,
      0.04647104639534393,
      0.004556219776471456,
      0.04815852022030637
    ],
    "38": [
      0.22184975941975912,
      0.5650356843029318,
      0.04773495992024739,
      0.07991592362303729
    ]
  },
  "parsed_content_list": [
    {
      "type": "text",
      "bbox": [
        0.01666666753590107,
        0.005888125393539667,
        0.07604166865348816,
        0.029440628364682198
      ],
      "interactivity": false,
      "content": "Control Panel",
      "source": "box_ocr_content_ocr"
    },
    {
      "type": "text",
      "bbox": [
        0.14218750596046448,
        0.05986260995268822,
        0.19947916269302368,
        0.07948969304561615
      ],
      "interactivity": false,
      "content": "Control Panel",
      "source": "box_ocr_content_ocr"
    },
    {
      "type": "text",
      "bbox": [
        0.22552083432674408,
        0.13444553315639496,
        0.40572917461395264,
        0.17075563967227936
      ],
      "interactivity": false,
      "content": "Adjust your computer's settings",
      "source": "box_ocr_content_ocr"
    },
    {
      "type": "text",
      "bbox": [
        0.546875,
        0.21589793264865875,
        0.6291666626930237,
        0.24337585270404816
      ],
      "interactivity": false,
      "content": "User Accounts",
      "source": "box_ocr_content_ocr"
    },
    {
      "type": "text",
      "bbox": [
        0.557812511920929,
        0.2512266933917999,
        0.6489583253860474,
        0.2777232527732849
      ],
      "interactivity": false,
      "content": "Change account type",
      "source": "box_ocr_content_ocr"
    },
    {
      "type": "text",
      "bbox": [
        0.546875,
        0.3768400251865387,
        0.6479166746139526,
        0.4082433879375458
      ],
      "interactivity": false,
      "content": "Clock and Region",
      "source": "box_ocr_content_ocr"
    },
    {
      "type": "text",
      "bbox": [
        0.2734375,
        0.3994112014770508,
        0.40052083134651184,
        0.4190382659435272
      ],
      "interactivity": false,
      "content": "View network status and tasks",
      "source": "box_ocr_content_ocr"
    },
    {
      "type": "text",
      "bbox": [
        0.5463541746139526,
        0.4102060794830322,
        0.625,
        0.4367026388645172
      ],
      "interactivity": false,
      "content": "Change date, time,",
      "source": "box_ocr_content_ocr"
    },
    {
      "type": "text",
      "bbox": [
        0.637499988079071,
        0.4102060794830322,
        0.7083333134651184,
        0.43375858664512634
      ],
      "interactivity": false,
      "content": "number formats",
      "source": "box_ocr_content_ocr"
    },
    {
      "type": "text",
      "bbox": [
        0.546875,
        0.45142295956611633,
        0.6302083134651184,
        0.4769381880760193
      ],
      "interactivity": false,
      "content": "Ease of Access",
      "source": "box_ocr_content_ocr"
    },
    {
      "type": "text",
      "bbox": [
        0.5458333492279053,
        0.482826292514801,
        0.6739583611488342,
        0.5083414912223816
      ],
      "interactivity": false,
      "content": "Let Windows suggest settings",
      "source": "box_ocr_content_ocr"
    },
    {
      "type": "text",
      "bbox": [
        0.546875,
        0.5103042125701904,
        0.6447916626930237,
        0.535819411277771
      ],