{
  "label_coordinates": {
    "0": [
      0.4661260816786024,
      0.4324881383614947,
      0.06578038533528646,
      0.12060846530805878
    ],
    "1": [
      0.012178224987453884,
      0.008757879567700763,
      0.07037863201565213,
      0.07447457621571937
    ],
    "2": [
      0.787656487358941,
      0.906315135709383,
      0.09469502766927083,
      0.0678810297056686
    ],
    "3": [
      0.4662165323893229,
      0.028380016947901526,
      0.0678055657280816,
      0.03604369446904776
    ],
    "4": [
      0.19259264204237198,
      0.9201768190053699,
      0.05826789008246528,
      0.039085210755813955
    ],
    "5": [
      0.2835593753390842,
      0.9197459454992328,
      0.03264660305447049,
      0.040031176820897935
    ],
    "6": [
      0.7841623942057292,
      0.0,
      0.043191019694010416,
      0.1047901084564761
    ],
    "7": [
      0.2661160363091363,
      0.0003819182245614301,
      0.046579233805338544,
      0.10214945080976462
    ],
    "8": [
      0.4657131195068359,
      0.9204696142704296,
      0.022104644775390626,
      0.04088787699854651
    ],
    "9": [
      0.8856612311469184,
      0.8975375863008721,
      0.03697391086154514,
      0.08811473600008075
    ],
    "10": [
      0.5091790093315972,
      0.9182600469860304,
      0.024725172254774306,
      0.0423046181060239
    ],
    "11": [
      0.2591540018717448,
      0.9198055612332445,
      0.014788309733072916,
      0.039402372769299095
    ],
    "12": [
      0.01898104084862603,
      0.9154603943344235,
      0.028013147248162163,
      0.04873917453972868
    ],
    "13": [
      0.07675262557135688,
      0.8933291570776809,
      0.04027067290412055,
      0.09549920133842055
    ],
    "14": [
      0.6551617940266927,
      0.025946659019135072,
      0.023963843451605904,
      0.04828162772402899
    ],
    "15": [
      0.2232956780327691,
      0.0008816829947538154,
      0.042496405707465275,
      0.10434117674519541
    ],
    "16": [
      0.7547621832953559,
      0.9192836869902697,
      0.024645148383246527,
      0.04072101602874677
    ],
    "17": [
      0.17997245788574218,
      0.010563017477976876,
      0.036279720730251735,
      0.0786337741585665
    ],
    "18": [
      0.8441864013671875,
      0.0,
      0.04669138590494792,
      0.10501391388649164
    ],
    "19": [
      0.1387555228339301,
      0.02403267409450324,
      0.02676510281032986,
      0.05245485724712835
    ],
    "20": [
      0.1253291024102105,
      0.8927184900880168,
      0.03338177998860677,
      0.0976955206819283
    ],
    "21": [
      0.702416271633572,
      0.027809044495417472,
      0.021912256876627605,
      0.04656612780667091
    ],
    "22": [
      0.9562137179904514,
      0.025058223911650114,
      0.021983676486545138,
      0.044637783553249155
    ],
    "23": [
      0.952481926812066,
      0.9153891866521318,
      0.027404954698350695,
      0.051722011516876616
    ],
    "24": [
      0.9061813354492188,
      0.026682161237534318,
      0.02105441623263889,
      0.04088931613498264
    ],
    "25": [
      0.17049293518066405,
      0.9167663416505168,
      0.024927181667751735,
      0.0463356195494186
    ],
    "26": [
      0.09137903849283854,
      0.014611244201660156,
      0.03295434315999349,
      0.06895581819598373
    ],
    "27": [
      0.0,
      0.8899277482537952,
      0.0074617332882351345,
      0.03370575818596576
    ],
    "28": [
      0.7396909077962239,
      8.253841745144945e-05,
      0.044218953450520834,
      0.11017746641962411
    ],
    "29": [
      0.9911571926540799,
      0.8898449486232235,
      0.00884280734592014,
      0.08881845400314922
    ]
  },
  "parsed_content_list": [
    {
      "type": "icon",
      "bbox": [
        0.46612611413002014,
        0.4324881136417389,
        0.5319064855575562,
        0.5530965924263
      ],
      "interactivity": true,
      "content": "Omniparser ",
      "source": "box_yolo_content_ocr"
    },
    {
      "type": "icon",
      "bbox": [
        0.012178230099380016,
        0.008757879957556725,
        0.08255685865879059,
        0.08323246240615845
      ],
      "interactivity": true,
      "content": "Edit ",
      "source": "box_yolo_content_ocr"
    },
    {
      "type": "icon",
      "bbox": [
        0.7876564860343933,
        0.9063151478767395,
        0.8823515772819519,
        0.9741961359977722
      ],
      "interactivity": true,
      "content": "100% ",
      "source": "box_yolo_content_ocr"
    },
    {
      "type": "icon",
      "bbox": [
        0.4662165641784668,
        0.028380012139678,
        0.5340221524238586,
        0.06442371010780334
      ],
      "interactivity": true,
      "content": "images-png ",
      "source": "box_yolo_content_ocr"
    },
    {
      "type": "icon",
      "bbox": [
        0.19259266555309296,
        0.9201768040657043,
        0.2508605420589447,
        0.9592620134353638
      ],
      "interactivity": true,
      "content": "90 x 90 ",
      "source": "box_yolo_content_ocr"
    },
    {
      "type": "icon",
      "bbox": [
        0.2835593819618225,
        0.9197458624839783,
        0.3162059783935547,
        0.9597771167755127
      ],
      "interactivity": true,
      "content": "KB ",
      "source": "box_yolo_content_ocr"
    },
    {
      "type": "icon",
      "bbox": [
        0.7841624021530151,
        0.0,
        0.8273534178733826,
        0.1047901064157486
      ],
      "interactivity": true,
      "content": "More options",
      "source": "box_yolo_content_yolo"
    },
    {
      "type": "icon",
      "bbox": [
        0.26611602306365967,
        0.0003819132980424911,
        0.3126952350139618,
        0.10253136605024338
      ],
      "interactivity": true,
      "content": "More options",
      "source": "box_yolo_content_yolo"
    },
    {
      "type": "icon",
      "bbox": [
        0.46571311354637146,
        0.9204696416854858,
        0.48781776428222656,
        0.9613574743270874
      ],
      "interactivity": true,
      "content": "Receipt",
      "source": "box_yolo_content_yolo"
    },
    {
      "type": "icon",
      "bbox": [
        0.8856613039970398,
        0.8975375890731812,
        0.9226351976394653,
        0.9856523275375366
      ],
      "interactivity": true,
      "content": "More options",
      "source": "box_yolo_content_yolo"
    },
    {
      "type": "icon",
      "bbox": [
        0.5091789960861206,
        0.9182599782943726,
        0.5339041948318481,
        0.9605646729469299
      ],
      "interactivity": true,
      "content": "Cross-reference",
      "source": "box_yolo_content_yolo"
    },
    {
      "type": "icon",
      "bbox": [
        0.25915399193763733,
        0.9198055863380432,
        0.27394232153892517,
        0.9592080116271973
      ],
      "interactivity": true,
      "content": "Save",
      "source": "box_yolo_content_yolo"
    },
    {
      "type": "icon",
      "bbox": [
        0.01898104138672352,
        0.9154604077339172,
        0.04699418693780899,
        0.9641995429992676
      ],
      "interactivity": true,
      "content": "Video",
      "source": "box_yolo_content_yolo"
    },
    {
      "type": "icon",
      "bbox": [
        0.07675262540578842,
        0.8933291435241699,
        0.1170232966542244,
        0.9888283014297485
      ],
      "interactivity": true,
      "content": "Heart",
      "source": "box_yolo_content_yolo"
    },
    {
      "type": "icon",
      "bbox": [
        0.6551617383956909,
        0.025946658104658127,
        0.6791256070137024,
        0.07422828674316406
      ],
      "interactivity": true,
      "content": "Microsoft 365",
      "source": "box_yolo_content_yolo"
    },
    {
      "type": "icon",
      "bbox": [
        0.2232956737279892,
        0.0008816830231808126,
        0.2657920718193054,
        0.10522285848855972
      ],