{
  "label_coordinates": {
    "0": [
      0.5749999491373697,
      0.2577777777777778,
      0.13083333333333333,
      0.028888888888888888
    ],
    "1": [
      0.5749999491373697,
      0.3622222222222222,
      0.28833338419596355,
      0.03333333333333333
    ],
    "2": [
      0.1725,
      0.37777777777777777,
      0.20583333333333334,
      0.028888888888888888
    ],
    "3": [
      0.175,
      0.4288888888888889,
      0.195,
      0.03111111111111111
    ],
    "4": [
      0.5750000508626302,
      0.43777777777777777,
      0.16166666666666665,
      0.035555555555555556
    ],
    "5": [
      0.17416666666666666,
      0.47,
      0.20166666666666666,
      0.022222222222222223
    ],
    "6": [
      0.5733332824707031,
      0.4755555894639757,
      0.1275,
      0.032222154405381946
    ],
    "7": [
      0.7208333333333333,
      0.47888888888888886,
      0.11166666666666666,
      0.022222222222222223
    ],
    "8": [
      0.5733332824707031,
      0.5577777777777778,
      0.20333333333333334,
      0.03111111111111111
    ],
    "9": [
      0.5733333841959636,
      0.5911111111111111,
      0.15833333333333333,
      0.02666666666666667
    ],
    "10": [
      0.1725,
      0.66,
      0.09166666666666666,
      0.04111111111111111
    ],
    "11": [
      0.17416666666666666,
      0.703333265516493,
      0.06,
      0.022222222222222223
    ],
    "12": [
      0.2475,
      0.71,
      0.06,
      0.02
    ],
    "13": [
      0.0077557118733723954,
      0.0007486300998263889,
      0.1579488754272461,
      0.050871768527560764
    ],
    "14": [
      0.23376754760742188,
      0.0726393805609809,
      0.11482650756835938,
      0.033379143608940974
    ],
    "15": [
      0.8112350463867187,
      0.1609488762749566,
      0.08185414632161458,
      0.04291171603732639
    ],
    "16": [
      0.5755236307779948,
      0.5208947414822048,
      0.13065470377604166,
      0.03367289225260417
    ],
    "17": [
      0.739275156656901,
      0.16310443454318577,
      0.05997385660807292,
      0.03889000786675347
    ],
    "18": [
      0.17481124877929688,
      0.24726223415798612,
      0.29401265462239584,
      0.14325080023871528
    ],
    "19": [
      0.17338517506917317,
      0.5136437649197049,
      0.2979457600911458,
      0.12777014838324652
    ],
    "20": [
      0.5708287048339844,
      0.290716315375434,
      0.16835489908854168,
      0.039812147352430556
    ],
    "21": [
      0.09761675516764323,
      0.16361277262369792,
      0.29002558390299477,
      0.04073072645399305
    ],
    "22": [
      0.7248177083333334,
      0.05930265638563368,
      0.25878519694010416,
      0.06467664930555556
    ],
    "23": [
      0.01714742660522461,
      0.06901187472873264,
      0.03824360529581706,
      0.048601192898220485
    ],
    "24": [
      0.06351078033447266,
      0.07104697757297092,
      0.03379102071126302,
      0.04278508080376519
    ],
    "25": [
      0.5007992553710937,
      0.5256596204969618,
      0.06473673502604167,
      0.08559980604383681
    ],
    "26": [
      0.1038096555074056,
      0.07236424763997396,
      0.02801679611206055,
      0.03764097425672743
    ],
    "27": [
      0.1404370880126953,
      0.07059416029188369,
      0.034133351643880205,
      0.04660190158420139
    ],
    "28": [
      0.18769079844156902,
      0.07132440355088976,
      0.03020654042561849,
      0.03453916761610243
    ],
    "29": [
      0.4997999064127604,
      0.4353294881184896,
      0.06767822265625,
      0.08320787217881945
    ],
    "30": [
      0.6372438049316407,
      0.06739646487765842,
      0.030321858723958334,
      0.042996126810709634
    ],
    "31": [
      0.49957422892252606,
      0.2437621561686198,
      0.06843739827473959,
      0.09773859659830729
    ],
    "32": [
      0.09441131591796875,
      0.6641206868489583,
      0.07548912048339844,
      0.08101426866319444
    ],
    "33": [
      0.09342806498209635,
      0.5312088012695313,
      0.07357658386230469,
      0.1109993150499132
    ],
    "34": [
      0.9441805013020833,
      0.0029644266764322917,
      0.036619873046875,
      0.045411559210883246
    ],
    "35": [
      0.8875015258789063,
      0.0009039688110351562,
      0.033289794921875,
      0.04693415323893229
    ],
    "36": [
      0.6798626708984375,
      0.06636802673339844,
      0.031662699381510416,
      0.051860182020399305
    ],
    "37": [
      0.49715840657552085,
      0.34675950792100696,
      0.07289377848307292,
      0.07399190266927083
    ],
    "38": [
      0.09612505594889323,
      0.2476418728298611,
      0.0703118896484375,
      0.17154249403211805
    ],
    "39": [
      0.0977352778116862,
      0.4254315863715278,
      0.06833552042643229,
      0.08390096028645834
    ],
    "40": [
      0.8293433125813802,
      0.0018864419725206163,
      0.03172032674153646,
      0.04437789069281684
    ]
  },
  "parsed_content_list": [
    {
      "type": "text",
      "bbox": [
        0.574999988079071,
        0.25777778029441833,
        0.7058333158493042,
        0.2866666615009308
      ],
      "interactivity": false,
      "content": "User Accounts",
      "source": "box_ocr_content_ocr"
    },
    {
      "type": "text",
      "bbox": [
        0.574999988079071,
        0.36222222447395325,
        0.8633333444595337,
        0.3955555558204651
      ],
      "interactivity": false,
      "content": "Appearance and Personalization",
      "source": "box_ocr_content_ocr"
    },
    {
      "type": "text",
      "bbox": [
        0.17249999940395355,
        0.3777777850627899,
        0.37833333015441895,
        0.40666666626930237
      ],
      "interactivity": false,
      "content": "Backup and Restore (Windows",
      "source": "box_ocr_content_ocr"
    },
    {
      "type": "text",
      "bbox": [
        0.17499999701976776,
        0.42888888716697693,
        0.3700000047683716,
        0.46000000834465027
      ],
      "interactivity": false,
      "content": "Network and Internet",
      "source": "box_ocr_content_ocr"
    },
    {
      "type": "text",
      "bbox": [
        0.574999988079071,
        0.4377777874469757,
        0.7366666793823242,
        0.47333332896232605
      ],
      "interactivity": false,
      "content": "Clock and Region",
      "source": "box_ocr_content_ocr"
    },
    {
      "type": "text",
      "bbox": [
        0.17416666448116302,
        0.4699999988079071,
        0.37583333253860474,
        0.49222221970558167
      ],
      "interactivity": false,
      "content": "View network status and tasks",
      "source": "box_ocr_content_ocr"
    },
    {
      "type": "text",
      "bbox": [
        0.5733333230018616,
        0.47555556893348694,
        0.7008333206176758,
        0.507777750492096
      ],
      "interactivity": false,
      "content": "Change date, time,",
      "source": "box_ocr_content_ocr"
    },
    {
      "type": "text",
      "bbox": [
        0.7208333611488342,
        0.4788888990879059,
        0.8324999809265137,
        0.5011110901832581
      ],
      "interactivity": false,
      "content": "number formats",
      "source": "box_ocr_content_ocr"
    },
    {
      "type": "text",
      "bbox": [
        0.5733333230018616,
        0.5577777624130249,
        0.7766666412353516,
        0.5888888835906982
      ],
      "interactivity": false,
      "content": "Let Windows suggest settings",
      "source": "box_ocr_content_ocr"
    },
    {
      "type": "text",
      "bbox": [
        0.5733333230018616,
        0.5911111235618591,
        0.7316666841506958,
        0.6177777647972107
      ],
      "interactivity": false,
      "content": "Optimize visual display",
      "source": "box_ocr_content_ocr"
    },
    {
      "type": "text",