{
  "label_coordinates": {
    "0": [
      0.0677321272897938,
      0.5596420864461668,
      0.05022829888981045,
      0.019880715705765408
    ],
    "1": [
      0.02213391285145845,
      0.49739593445188246,
      0.15759841709920805,
      0.05005149765469682
    ],
    "2": [
      0.0093765374913789,
      0.2104440617039948,
      0.16358535511127165,
      0.04980653796944893
    ],
    "3": [
      0.02043792863959047,
      0.5942464718524789,
      0.1595161008326793,
      0.047174594037338466
    ],
    "4": [
      0.022262991291202912,
      0.4499559042230989,
      0.1569412672719273,
      0.0492809136392582
    ],
    "5": [
      0.020042018803287313,
      0.6898452425097851,
      0.16001255726342514,
      0.04835525421688618
    ],
    "6": [
      0.015013841370650803,
      0.25914981303584744,
      0.1578748403981759,
      0.05179318376848285
    ],
    "7": [
      0.020729105585060525,
      0.8797216093089898,
      0.148948030747598,
      0.047849985050633696
    ],
    "8": [
      0.02010078372113418,
      0.737447021969744,
      0.14931060698115844,
      0.04997772156125745
    ],
    "9": [
      0.04250595232123109,
      0.3679636354237854,
      0.12832074912897165,
      0.02310502221048708
    ],
    "10": [
      0.013688951141032272,
      0.3091777399567439,
      0.15939874518407535,
      0.04655793267737326
    ],
    "11": [
      0.017803830824667643,
      0.8319723383332815,
      0.15232986148271024,
      0.04897956013916501
    ],
    "12": [
      0.023664918664383562,
      0.9597979748462351,
      0.06304397466883085,
      0.02264428565326789
    ],
    "13": [
      0.5454690082613918,
      0.22665861823686786,
      0.09527801560121765,
      0.02505456761384816
    ],
    "14": [
      0.9572979652718322,
      0.9500208830027647,
      0.02714308647260274,
      0.04044859262394384
    ],
    "15": [
      0.9285749322203196,
      0.9508020237947317,
      0.025192005267789194,
      0.03965865451820328
    ],
    "16": [
      0.01999814107537814,
      0.6403992427272304,
      0.1602023050665311,
      0.05032949276994284
    ],
    "17": [
      0.8915106136142028,
      0.0005398024147594899,
      0.03865652795614536,
      0.051720992708300974
    ],
    "18": [
      0.9473182062761606,
      0.0015322986701373788,
      0.03824070853548326,
      0.04845463731890881
    ],
    "19": [
      0.840181069105546,
      0.0004339502535567843,
      0.038880230629280824,
      0.0633972577498874
    ],
    "20": [
      0.015664755300118318,
      0.3641952909010779,
      0.023027184891374144,
      0.032398929178833254
    ],
    "21": [
      0.1527028076543474,
      0.5585774294661717,
      0.01721119408919568,
      0.02676373400223658
    ],
    "22": [
      0.045098892629963076,
      0.9363719416897055,
      0.021979545349399793,
      0.022372721677746024
    ]
  },
  "parsed_content_list": [
    {
      "type": "text",
      "bbox": [
        0.06773211807012558,
        0.5596421360969543,
        0.11796042323112488,
        0.5795228481292725
      ],
      "interactivity": false,
      "content": "Pictures",
      "source": "box_ocr_content_ocr"
    },
    {
      "type": "icon",
      "bbox": [
        0.02213391289114952,
        0.49739590287208557,
        0.1797323226928711,
        0.5474473834037781
      ],
      "interactivity": true,
      "content": "Videos ",
      "source": "box_yolo_content_ocr"
    },
    {
      "type": "icon",
      "bbox": [
        0.00937653798609972,
        0.21044406294822693,
        0.17296189069747925,
        0.26025059819221497
      ],
      "interactivity": true,
      "content": "Home ",
      "source": "box_yolo_content_ocr"
    },
    {
      "type": "icon",
      "bbox": [
        0.020437920466065407,
        0.594246506690979,
        0.17995402216911316,
        0.6414210796356201
      ],
      "interactivity": true,
      "content": "tutorial ",
      "source": "box_yolo_content_ocr"
    },
    {
      "type": "icon",
      "bbox": [
        0.02226298488676548,
        0.44995588064193726,
        0.17920425534248352,
        0.4992368221282959
      ],
      "interactivity": true,
      "content": "Downloads ",
      "source": "box_yolo_content_ocr"
    },
    {
      "type": "icon",
      "bbox": [
        0.020042020827531815,
        0.6898452043533325,
        0.18005456030368805,
        0.7382004857063293
      ],
      "interactivity": true,
      "content": "signed and final ",
      "source": "box_yolo_content_ocr"
    },
    {
      "type": "icon",
      "bbox": [
        0.015013838186860085,
        0.25914981961250305,
        0.17288868129253387,
        0.31094300746917725
      ],
      "interactivity": true,
      "content": "Gallery ",
      "source": "box_yolo_content_ocr"
    },
    {
      "type": "icon",
      "bbox": [
        0.02072911337018013,
        0.8797216415405273,
        0.16967712342739105,
        0.9275715947151184
      ],
      "interactivity": true,
      "content": "Acer ",
      "source": "box_yolo_content_ocr"
    },
    {
      "type": "icon",
      "bbox": [
        0.020100785419344902,
        0.7374470233917236,
        0.16941139101982117,
        0.7874246835708618
      ],
      "interactivity": true,
      "content": "Screenshots ",
      "source": "box_yolo_content_ocr"
    },
    {
      "type": "icon",
      "bbox": [
        0.04250594601035118,
        0.36796364188194275,
        0.17082668840885162,
        0.3910686671733856
      ],
      "interactivity": true,
      "content": "Ashen Personal ",
      "source": "box_yolo_content_ocr"
    },
    {
      "type": "icon",
      "bbox": [
        0.013688947074115276,
        0.3091777265071869,
        0.1730876863002777,
        0.3557356595993042
      ],
      "interactivity": true,
      "content": "Ashen Personal ",
      "source": "box_yolo_content_ocr"
    },
    {
      "type": "icon",
      "bbox": [
        0.01780383661389351,
        0.8319723606109619,
        0.17013369500637054,
        0.8809519410133362
      ],
      "interactivity": true,
      "content": "This ",
      "source": "box_yolo_content_ocr"
    },
    {
      "type": "icon",
      "bbox": [
        0.023664919659495354,
        0.9597979784011841,
        0.08670889586210251,
        0.9824422597885132
      ],
      "interactivity": true,
      "content": "399 items ",
      "source": "box_yolo_content_ocr"
    },
    {
      "type": "icon",
      "bbox": [
        0.5454689860343933,
        0.22665861248970032,
        0.6407470107078552,
        0.25171318650245667
      ],
      "interactivity": true,
      "content": "Working on ",
      "source": "box_yolo_content_ocr"
    },
    {
      "type": "icon",
      "bbox": [
        0.9572979807853699,
        0.9500209093093872,
        0.9844410419464111,
        0.9904694557189941
      ],
      "interactivity": true,
      "content": "Toggle Screen",
      "source": "box_yolo_content_yolo"
    },
    {
      "type": "icon",
      "bbox": [
        0.9285749197006226,
        0.9508020281791687,
        0.9537670016288757,
        0.9904606342315674
      ],
      "interactivity": true,
      "content": "Justified",
      "source": "box_yolo_content_yolo"
    },
    {
      "type": "icon",
      "bbox": [
        0.019998127594590187,
        0.6403992772102356,
        0.18020044267177582,
        0.6907287240028381
      ],
      "interactivity": true,
      "content": "Movies",
      "source": "box_yolo_content_yolo"
    },
    {
      "type": "icon",
      "bbox": [
        0.891510546207428,
        0.0005398003268055618,
        0.9301671385765076,
        0.05226079374551773
      ],
      "interactivity": true,
      "content": "Maximize",
      "source": "box_yolo_content_yolo"
    },
    {
      "type": "icon",