{
  "label_coordinates": {
    "0": [
      0.033098209441128595,
      0.021450459652706845,
      0.018448182311448725,
      0.020429009193054137
    ],
    "1": [
      0.9544220715842038,
      0.13789581205311544,
      0.027129679869777535,
      0.01634320735444331
    ],
    "2": [
      0.12967986977753662,
      0.18896833503575078,
      0.0683667932718394,
      0.01634320735444331
    ],
    "3": [
      0.14487250706325455,
      0.342185935155851,
      0.019533369506239826,
      0.01634320735444331
    ],
    "4": [
      0.041779711139118034,
      0.4811031664964249,
      0.029300050119699116,
      0.01634320735444331
    ],
    "5": [
      0.007474422196105195,
      0.5082987238851826,
      0.10376963457592919,
      0.04263520752202503
    ],
    "6": [
      0.008257211321925445,
      0.4260588072171859,
      0.10450747112702624,
      0.04319318979826353
    ],
    "7": [
      0.007246927146476957,
      0.22188191710989372,
      0.10476530574937262,
      0.043211752839911584
    ],
    "8": [
      0.009352863578775688,
      0.38142889098809374,
      0.1040234951240759,
      0.04656726809882533
    ],
    "9": [
      0.006911995484656894,
      0.6705190718965462,
      0.10594948050902062,
      0.04254568098027324
    ],
    "10": [
      0.007207596230882054,
      0.26349699899051965,
      0.10463270414024349,
      0.04116774530771195
    ],
    "11": [
      0.008294567619402385,
      0.17800802010681338,
      0.10406780605140227,
      0.04600261497302732
    ],
    "12": [
      0.007394419114872999,
      0.7118728528592633,
      0.105694560207754,
      0.04224755011491318
    ],
    "13": [
      0.740051567586815,
      0.05806847904505354,
      0.22682505383545848,
      0.04874690974452766
    ],
    "14": [
      0.33352980714612723,
      0.11740141138967138,
      0.054457599807548836,
      0.05166753003253878
    ],
    "15": [
      0.006769628416114182,
      0.11408628750139652,
      0.06278721793346022,
      0.0587435012209525
    ],
    "16": [
      0.008386588135427971,
      0.3045453236222389,
      0.10354995934522093,
      0.03934217692639173
    ],
    "17": [
      0.27088298166309177,
      0.11669412209624777,
      0.056904089560795915,
      0.05451131475836313
    ],
    "18": [
      0.013652644206568138,
      0.7585459193852145,
      0.060988700978470055,
      0.029258844923072014
    ],
    "19": [
      0.18792269246706286,
      0.060563657330054185,
      0.03862872980110554,
      0.0425169596998392
    ],
    "20": [
      0.03894254919373983,
      0.055209108222127566,
      0.03350315104343292,
      0.05906520995470306
    ],
    "21": [
      0.007437146622010437,
      0.054808681904965205,
      0.03252307190173227,
      0.05928451023744733
    ],
    "22": [
      0.17017421215303682,
      0.11402634337194363,
      0.03064405303640464,
      0.059885401039006636
    ],
    "23": [
      0.007602192821285354,
      0.5478197668619127,
      0.10242939461073149,
      0.04356850301647089
    ],
    "24": [
      0.008417643869434176,
      0.5898225529079418,
      0.10170178302137733,
      0.041751164094420326
    ],
    "25": [
      0.20288973480737926,
      0.1140804583010805,
      0.03143489380213985,
      0.05919609030858976
    ],
    "26": [
      0.0720056543127713,
      0.055539400998856854,
      0.03283537410874763,
      0.058705693245908214
    ],
    "27": [
      0.23503022548367133,
      0.11418968566956876,
      0.028549219173901248,
      0.05892701192822714
    ],
    "28": [
      0.13901331420832203,
      0.1143098622712709,
      0.029280813116776317,
      0.05978333548213659
    ],
    "29": [
      0.9581995615801343,
      0.9563169079976379,
      0.016931940535132934,
      0.036833688114466294
    ],
    "30": [
      0.07148501747532894,
      0.11452321256144662,
      0.03400404997901689,
      0.0579814657614594
    ],
    "31": [
      0.9754157146551139,
      0.9566545028608593,
      0.018664371947911016,
      0.036568225708631254
    ],
    "32": [
      0.3964924556175393,
      0.11674372485027372,
      0.026935148937703473,
      0.05514650276659458
    ],
    "33": [
      0.1076618180091266,
      0.11528216197371362,
      0.026550226734180005,
      0.057763915018114786
    ],
    "34": [
      0.1072466431657581,
      0.05843144417783213,
      0.028661238390404572,
      0.051257171474998406
    ],
    "35": [
      0.14104439729720564,
      0.060791888446437695,
      0.02654211299935567,
      0.04276337199849176
    ],
    "36": [
      0.0031449788301067382,
      0.7979215752481805,
      0.11293835363113809,
      0.1665248539645046
    ],
    "37": [
      0.15168218255625168,
      0.012960858681106958,
      0.017140612547900842,
      0.0381984691210738
    ],
    "38": [
      0.9661268460899349,
      0.0,
      0.025972561931972327,
      0.046545252736669276
    ],
    "39": [
      0.9042258715409658,
      0.0,
      0.02293676665084102,
      0.05343589354097174
    ],
    "40": [
      0.9304921175562941,
      0.0,
      0.0312853692603771,
      0.0511698659520836
    ],
    "41": [
      0.12627855902189025,
      0.21859244014439957,
      0.028302197345106483,
      0.05020180566805254
    ],
    "42": [
      0.014070689904579829,
      0.964746679787251,
      0.023480560749817723,
      0.02064646641981614
    ],
    "43": [
      0.964673328451404,
      0.06044583812553866,
      0.02271766269329897,
      0.044356115261307776
    ],
    "44": [
      0.1008886294848752,
      0.47521240109686225,
      0.01316185225239928,
      0.0290670112399451
    ],
    "45": [
      0.16803748492501186,
      0.06198816426075515,
      0.018542533456405996,
      0.04121701685717449
    ],
    "46": [
      0.17820983986070604,
      0.01690569206448205,
      0.018551839413490232,
      0.03181794374054859
    ],
    "47": [
      0.00010661644193056286,
      0.1583537958006815,
      0.006568579588386589,
      0.016111317401765194
    ]
  },
  "parsed_content_list": [
    {
      "type": "text",
      "bbox": [
        0.03309820964932442,
        0.021450459957122803,
        0.05154639109969139,
        0.04187946766614914
      ],
      "interactivity": false,
      "content": "This",
      "source": "box_ocr_content_ocr"
    },
    {
      "type": "text",
      "bbox": [
        0.954422116279602,
        0.13789580762386322,
        0.9815518260002136,
        0.1542390137910843
      ],
      "interactivity": false,
      "content": "Details",
      "source": "box_ocr_content_ocr"
    },
    {
      "type": "text",
      "bbox": [
        0.129679873585701,
        0.18896833062171936,
        0.19804666936397552,
        0.20531153678894043
      ],
      "interactivity": false,
      "content": "Devices and drives",
      "source": "box_ocr_content_ocr"
    },
    {
      "type": "text",
      "bbox": [
        0.1448724865913391,
        0.342185914516449,
        0.16440586745738983,
        0.35852912068367004
      ],
      "interactivity": false,
      "content": "Acer",
      "source": "box_ocr_content_ocr"
    },
    {
      "type": "text",
      "bbox": [
        0.04177970811724663,
        0.48110315203666687,
        0.07107976078987122,
        0.4974463880062103
      ],
      "interactivity": false,
      "content": "Pictures",
      "source": "box_ocr_content_ocr"
    },
    {
      "type": "icon",
      "bbox": [
        0.007474422920495272,
        0.5082987546920776,
        0.11124406009912491,
        0.5509339570999146
      ],
      "interactivity": true,
      "content": "tutorial ",
      "source": "box_yolo_content_ocr"
    },
    {
      "type": "icon",
      "bbox": [
        0.00825721025466919,
        0.426058828830719,
        0.11276469379663467,
        0.46925199031829834
      ],
      "interactivity": true,
      "content": "Videos ",
      "source": "box_yolo_content_ocr"
    },
    {
      "type": "icon",