{
  "label_coordinates": {
    "0": [
      0.23541666666666666,
      0.03925417075564279,
      0.20260416666666667,
      0.047105004906771344
    ],
    "1": [
      0.17760416666666667,
      0.4759568503607244,
      0.29270833333333335,
      0.09519133413387819
    ],
    "2": [
      0.14947916666666666,
      0.6270853778213935,
      0.34479166666666666,
      0.04121687929342493
    ],
    "3": [
      0.571703847249349,
      0.15909667010396222,
      0.15287793477376302,
      0.04909742241167812
    ],
    "4": [
      0.12596454620361328,
      0.013557400389906235,
      0.05513772964477539,
      0.09906786019247578
    ],
    "5": [
      0.8243179321289062,
      0.013154637240334045,
      0.055648422241210936,
      0.09935460263777295
    ],
    "6": [
      0.01749160091082255,
      0.8537444918616597,
      0.053893669446309404,
      0.09700181416370215
    ],
    "7": [
      0.018502557277679445,
      0.3601067330582219,
      0.051971431573232016,
      0.09464019086573847
    ],
    "8": [
      0.6278738657633464,
      0.027942766034217064,
      0.037744394938151044,
      0.06755738263041278
    ],
    "9": [
      0.007807892560958862,
      0.01748459191738799,
      0.040377259254455566,
      0.08776253502783059
    ],
    "10": [
      0.8971595764160156,
      0.14679928406180998,
      0.044106547037760416,
      0.08233079545280299
    ],
    "11": [
      0.024770460526148477,
      0.24442534591779624,
      0.03958253860473633,
      0.07234121515425662
    ],
    "12": [
      0.05988310178120931,
      0.037038030053495305,
      0.02997593879699707,
      0.05478341024921032
    ],
    "13": [
      0.9420884450276693,
      0.14798636993318356,
      0.03630332946777344,
      0.08124806532331023
    ],
    "14": [
      0.7767473856608073,
      0.034828717622017606,
      0.03660850524902344,
      0.05591735989586528
    ],
    "15": [
      0.896949577331543,
      0.026567161492674345,
      0.03410263061523437,
      0.07495383729644566
    ],
    "16": [
      0.6846793492635092,
      0.02689399382317031,
      0.040931320190429686,
      0.07638925659059893
    ],
    "17": [
      0.0249007244904836,
      0.15575361766571855,
      0.04092573324839274,
      0.07630511612372731
    ],
    "18": [
      0.9314308166503906,
      0.033297773666306964,
      0.03315925598144531,
      0.06297131539327006
    ],
    "19": [
      0.018856247266133625,
      0.48301731218182653,
      0.05233520666758219,
      0.0959802090361261
    ],
    "20": [
      0.7356286366780599,
      0.028746383112943908,
      0.0366180419921875,
      0.066712885773334
    ],
    "21": [
      0.09490948518117269,
      0.038917515298920125,
      0.02809758186340332,
      0.05287250148185453
    ],
    "22": [
      0.1977513313293457,
      0.03270624102741275,
      0.029699039459228516,
      0.06268112886408243
    ],
    "23": [
      0.01907513936360677,
      0.7297837067399104,
      0.05195074081420899,
      0.09810008759353533
    ],
    "24": [
      0.9681358337402344,
      0.03314627889796024,
      0.029519144694010416,
      0.059940959567293686
    ],
    "25": [
      0.28048203786214193,
      0.2721773246787598,
      0.0807742436726888,
      0.15341345250782018
    ],
    "26": [
      0.019158174594243366,
      0.6068710611659716,
      0.05184295177459717,
      0.09629191360249019
    ]
  },
  "parsed_content_list": [
    {
      "type": "text",
      "bbox": [
        0.23541666567325592,
        0.039254169911146164,
        0.43802082538604736,
        0.0863591730594635
      ],
      "interactivity": false,
      "content": "What do you want to play?",
      "source": "box_ocr_content_ocr"
    },
    {
      "type": "text",
      "bbox": [
        0.17760416865348816,
        0.47595682740211487,
        0.4703125059604645,
        0.571148157119751
      ],
      "interactivity": false,
      "content": "You're offline",
      "source": "box_ocr_content_ocr"
    },
    {
      "type": "text",
      "bbox": [
        0.14947916567325592,
        0.6270853877067566,
        0.49427083134651184,
        0.6683022379875183
      ],
      "interactivity": false,
      "content": "Download music and podcasts to listen offline:",
      "source": "box_ocr_content_ocr"
    },
    {
      "type": "icon",
      "bbox": [
        0.5717039108276367,
        0.15909667313098907,
        0.724581778049469,
        0.2081940919160843
      ],
      "interactivity": true,
      "content": "TheonlyMajed ",
      "source": "box_yolo_content_ocr"
    },
    {
      "type": "icon",
      "bbox": [
        0.12596455216407776,
        0.01355740800499916,
        0.18110227584838867,
        0.11262525618076324
      ],
      "interactivity": true,
      "content": "Home",
      "source": "box_yolo_content_yolo"
    },
    {
      "type": "icon",
      "bbox": [
        0.8243179321289062,
        0.013154640793800354,
        0.8799663782119751,
        0.11250923573970795
      ],
      "interactivity": true,
      "content": "3, September, 2024",
      "source": "box_yolo_content_yolo"
    },
    {
      "type": "icon",
      "bbox": [
        0.017491597682237625,
        0.8537444472312927,
        0.07138527184724808,
        0.9507462978363037
      ],
      "interactivity": true,
      "content": "A video game or video game.",
      "source": "box_yolo_content_yolo"
    },
    {
      "type": "icon",
      "bbox": [
        0.018502557650208473,
        0.3601067364215851,
        0.07047399133443832,
        0.45474693179130554
      ],
      "interactivity": true,
      "content": "Heart",
      "source": "box_yolo_content_yolo"
    },
    {
      "type": "icon",
      "bbox": [
        0.6278738379478455,
        0.02794276550412178,
        0.6656182408332825,
        0.095500148832798
      ],
      "interactivity": true,
      "content": "Delete",
      "source": "box_yolo_content_yolo"
    },
    {
      "type": "icon",
      "bbox": [
        0.007807892747223377,
        0.01748458854854107,
        0.04818515107035637,
        0.1052471324801445
      ],
      "interactivity": true,
      "content": "More options",
      "source": "box_yolo_content_yolo"
    },
    {
      "type": "icon",
      "bbox": [
        0.8971595764160156,
        0.14679929614067078,
        0.9412660598754883,
        0.2291300743818283
      ],
      "interactivity": true,
      "content": "More options",
      "source": "box_yolo_content_yolo"
    },
    {
      "type": "icon",
      "bbox": [
        0.024770462885499,
        0.24442535638809204,
        0.06435299664735794,
        0.3167665898799896
      ],
      "interactivity": true,
      "content": "Add",
      "source": "box_yolo_content_yolo"
    },
    {
      "type": "icon",
      "bbox": [
        0.059883102774620056,
        0.037038031965494156,
        0.08985903859138489,
        0.09182143956422806
      ],
      "interactivity": true,
      "content": "Back",
      "source": "box_yolo_content_yolo"
    },
    {
      "type": "icon",
      "bbox": [
        0.9420884847640991,
        0.14798636734485626,
        0.9783918261528015,
        0.22923444211483002
      ],
      "interactivity": true,
      "content": "View as full screen",
      "source": "box_yolo_content_yolo"
    },
    {
      "type": "icon",
      "bbox": [
        0.7767474055290222,
        0.03482871875166893,
        0.8133558630943298,
        0.09074608236551285
      ],
      "interactivity": true,
      "content": "2, September, 2024",
      "source": "box_yolo_content_yolo"
    },
    {
      "type": "icon",
      "bbox": [
        0.8969495892524719,
        0.026567164808511734,
        0.9310522079467773,
        0.10152100026607513
      ],
      "interactivity": true,
      "content": "Minimize",
      "source": "box_yolo_content_yolo"
    },
    {
      "type": "icon",