{
  "label_coordinates": {
    "0": [
      0.05572916666666667,
      0.02453385672227674,
      0.05416666666666667,
      0.017664376840039256
    ],
    "1": [
      0.1140625,
      0.02453385672227674,
      0.017708333333333333,
      0.019627085377821395
    ],
    "2": [
      0.08125,
      0.07654563297350343,
      0.215625,
      0.02551521099116781
    ],
    "3": [
      0.30104166666666665,
      0.0804710575362066,
      0.019791666666666666,
      0.023552502453385672
    ],
    "4": [
      0.8296875,
      0.07163886162904809,
      0.053125,
      0.03532875368007851
    ],
    "5": [
      0.9384546279907227,
      0.06174185980290496,
      0.059429931640625,
      0.05207585118586697
    ],
    "6": [
      0.8843213399251302,
      0.058369850854995325,
      0.027740987141927083,
      0.059142995278430525
    ],
    "7": [
      0.0008730550607045491,
      0.00357525107671047,
      0.03021184802055359,
      0.056488845720375366
    ],
    "8": [
      0.0016928980747858682,
      0.06081784953078999,
      0.02799116770426432,
      0.05496112497795786
    ],
    "9": [
      0.7998493830362956,
      0.06979868760637727,
      0.018168258666992187,
      0.04148255292987917
    ],
    "10": [
      0.914303970336914,
      0.05846057626052272,
      0.022676467895507812,
      0.0587871577718658
    ],
    "11": [
      0.031110322475433348,
      0.0608301396692817,
      0.02469050884246826,
      0.05544345020896904
    ],
    "12": [
      0.22452410062154135,
      0.01126524838193944,
      0.020423475901285806,
      0.04228578816452251
    ],
    "13": [
      0.8597997029622396,
      0.05896537413891913,
      0.022420501708984374,
      0.05725154558505582
    ],
    "14": [
      0.19731101989746094,
      0.011777320015769711,
      0.017685794830322267,
      0.038088033898889845
    ],
    "15": [
      0.9840255737304687,
      0.11666614805751273,
      0.012973785400390625,
      0.029042319764800817
    ],
    "16": [
      0.9847616195678711,
      0.9350479919613285,
      0.012061309814453126,
      0.02632334281464671
    ],
    "17": [
      0.9325927734375,
      0.005180772551142549,
      0.027359390258789064,
      0.046108848564290206
    ],
    "18": [
      0.8263114929199219,
      0.06055838273247746,
      0.02350921630859375,
      0.052927812720421366
    ],
    "19": [
      0.007346801459789276,
      0.9632666590637267,
      0.0066196297605832415,
      0.019337662536800786
    ],
    "20": [
      0.9737730026245117,
      0.9616506949023246,
      0.008968734741210937,
      0.02098507268155054
    ],
    "21": [
      0.9703486760457357,
      0.007955622275280414,
      0.02320556640625,
      0.04238646023406833
    ],
    "22": [
      0.9935699462890625,
      7.583535805534684e-05,
      0.0064300537109375,
      0.056037094221030884
    ],
    "23": [
      0.8967460632324219,
      0.003181502442364604,
      0.02616539001464844,
      0.04951393194825656
    ],
    "24": [
      0.13939119974772135,
      0.4912861682715898,
      0.7472356160481771,
      0.5087138317284102
    ]
  },
  "parsed_content_list": [
    {
      "type": "text",
      "bbox": [
        0.05572916567325592,
        0.02453385666012764,
        0.10989583283662796,
        0.04219823330640793
      ],
      "interactivity": false,
      "content": "react-native-",
      "source": "box_ocr_content_ocr"
    },
    {
      "type": "text",
      "bbox": [
        0.11406250298023224,
        0.02453385666012764,
        0.13177083432674408,
        0.04416094347834587
      ],
      "interactivity": false,
      "content": "svg",
      "source": "box_ocr_content_ocr"
    },
    {
      "type": "text",
      "bbox": [
        0.08124999701976776,
        0.07654563337564468,
        0.296875,
        0.10206084698438644
      ],
      "interactivity": false,
      "content": "File   C/Users/User/Downloads/react-native-",
      "source": "box_ocr_content_ocr"
    },
    {
      "type": "text",
      "bbox": [
        0.3010416626930237,
        0.08047105371952057,
        0.32083332538604736,
        0.10402355343103409
      ],
      "interactivity": false,
      "content": "svg",
      "source": "box_ocr_content_ocr"
    },
    {
      "type": "text",
      "bbox": [
        0.8296874761581421,
        0.07163885980844498,
        0.8828125,
        0.10696761310100555
      ],
      "interactivity": false,
      "content": "{3 | 0",
      "source": "box_ocr_content_ocr"
    },
    {
      "type": "icon",
      "bbox": [
        0.9384546279907227,
        0.06174185872077942,
        0.9978845715522766,
        0.11381770670413971
      ],
      "interactivity": true,
      "content": "Chat ",
      "source": "box_yolo_content_ocr"
    },
    {
      "type": "icon",
      "bbox": [
        0.8843213319778442,
        0.058369845151901245,
        0.9120623469352722,
        0.11751284450292587
      ],
      "interactivity": true,
      "content": "Accounts",
      "source": "box_yolo_content_yolo"
    },
    {
      "type": "icon",
      "bbox": [
        0.0008730560657568276,
        0.0035752509720623493,
        0.031084902584552765,
        0.06006409600377083
      ],
      "interactivity": true,
      "content": "Expand",
      "source": "box_yolo_content_yolo"
    },
    {
      "type": "icon",
      "bbox": [
        0.0016928970580920577,
        0.06081784516572952,
        0.029684066772460938,
        0.11577897518873215
      ],
      "interactivity": true,
      "content": "Back",
      "source": "box_yolo_content_yolo"
    },
    {
      "type": "icon",
      "bbox": [
        0.7998493313789368,
        0.06979868561029434,
        0.8180176019668579,
        0.11128124594688416
      ],
      "interactivity": true,
      "content": "Star",
      "source": "box_yolo_content_yolo"
    },
    {
      "type": "icon",
      "bbox": [
        0.9143039584159851,
        0.058460574597120285,
        0.9369804263114929,
        0.11724773794412613
      ],
      "interactivity": true,
      "content": "More options",
      "source": "box_yolo_content_yolo"
    },
    {
      "type": "icon",
      "bbox": [
        0.03111032210290432,
        0.06083013489842415,
        0.05580083280801773,
        0.11627358943223953
      ],
      "interactivity": true,
      "content": "Reload",
      "source": "box_yolo_content_yolo"
    },
    {
      "type": "icon",
      "bbox": [
        0.2245241105556488,
        0.01126524806022644,
        0.24494758248329163,
        0.05355103313922882
      ],
      "interactivity": true,
      "content": "New Project",
      "source": "box_yolo_content_yolo"
    },
    {
      "type": "icon",
      "bbox": [
        0.8597996830940247,
        0.058965373784303665,
        0.8822202086448669,
        0.11621692031621933
      ],
      "interactivity": true,
      "content": "Promote",
      "source": "box_yolo_content_yolo"
    },
    {
      "type": "icon",
      "bbox": [
        0.19731101393699646,
        0.011777318082749844,
        0.2149968147277832,
        0.04986535757780075
      ],
      "interactivity": true,
      "content": "Close",
      "source": "box_yolo_content_yolo"
    },
    {
      "type": "icon",
      "bbox": [
        0.9840255975723267,
        0.11666614562273026,
        0.9969993829727173,
        0.14570847153663635
      ],
      "interactivity": true,
      "content": "a play button for starting a video or audio file.",
      "source": "box_yolo_content_yolo"
    },
    {
      "type": "icon",
      "bbox": [
        0.9847615957260132,
        0.9350479245185852,
        0.9968229532241821,
        0.9613713026046753
      ],
      "interactivity": true,
      "content": "M0,0L9,0 4.5,5z",
      "source": "box_yolo_content_yolo"
    },
    {
      "type": "icon",
      "bbox": [
        0.9325927495956421,
        0.005180771928280592,
        0.959952175617218,
        0.051289621740579605
      ],