{
  "label_coordinates": {
    "0": [
      0.8989583333333333,
      0.07407406700981987,
      0.057291666666666664,
      0.02962962962962963
    ],
    "1": [
      0.8921875,
      0.11944445857295284,
      0.029166666666666667,
      0.018518518518518517
    ],
    "2": [
      0.9255208333333333,
      0.12314814814814815,
      0.019791666666666666,
      0.014814814814814815
    ],
    "3": [
      0.9151041666666667,
      0.13796296296296295,
      0.04583333333333333,
      0.016666666666666666
    ],
    "4": [
      0.9244791666666666,
      0.16944443031593606,
      0.017708333333333333,
      0.016666666666666666
    ],
    "5": [
      0.8921875,
      0.1824074074074074,
      0.027083333333333334,
      0.018518518518518517
    ],
    "6": [
      0.9244791666666666,
      0.18611111111111112,
      0.015625,
      0.014814814814814815
    ],
    "7": [
      0.35638866424560545,
      0.9502100061487269,
      0.14784266153971354,
      0.04227023654513889
    ],
    "8": [
      0.8488149642944336,
      0.0001461682496247468,
      0.09594764709472656,
      0.034534362510398584
    ],
    "9": [
      0.8479135513305665,
      0.22714309692382811,
      0.15208638509114583,
      0.04492249665436921
    ],
    "10": [
      0.9087247848510742,
      0.153353754679362,
      0.04878501892089844,
      0.01602562798394097
    ],
    "11": [
      0.912115478515625,
      0.03667720158894857,
      0.02874412536621094,
      0.03727362950642903
    ],
    "12": [
      0.5884133021036784,
      0.9473420319733796,
      0.026736068725585937,
      0.051971661603009256
    ],
    "13": [
      0.6453608830769857,
      0.9473025286639178,
      0.028549830118815105,
      0.050246344672309026
    ],
    "14": [
      0.5594425201416016,
      0.9504918981481482,
      0.02623774210611979,
      0.049250623914930555
    ],
    "15": [
      0.617693837483724,
      0.9472747802734375,
      0.024747848510742188,
      0.05182427300347222
    ],
    "16": [
      0.5037705739339192,
      0.9486191361038773,
      0.02569440205891927,
      0.04493136935763889
    ],
    "17": [
      0.9760322570800781,
      4.46213616265191e-05,
      0.023661041259765626,
      0.03392881817287869
    ],
    "18": [
      0.5322111447652181,
      0.9482079399956598,
      0.024878724416097005,
      0.05026991102430556
    ],
    "19": [
      0.32717046737670896,
      0.9488519739221644,
      0.027957344055175783,
      0.044464789496527775
    ],
    "20": [
      0.9433815002441406,
      3.12840497052228e-05,
      0.029424285888671874,
      0.03418811162312826
    ],
    "21": [
      0.8481353759765625,
      0.27090496487087673,
      0.1518646240234375,
      0.05656563087745949
    ],
    "22": [
      0.038226922353108726,
      0.19582335860640915,
      0.7490746815999348,
      0.7090519657841435
    ]
  },
  "parsed_content_list": [
    {
      "type": "text",
      "bbox": [
        0.8989583253860474,
        0.07407407462596893,
        0.956250011920929,
        0.10370370000600815
      ],
      "interactivity": false,
      "content": "Manual",
      "source": "box_ocr_content_ocr"
    },
    {
      "type": "text",
      "bbox": [
        0.8921874761581421,
        0.11944444477558136,
        0.9213541746139526,
        0.1379629671573639
      ],
      "interactivity": false,
      "content": "SPACE",
      "source": "box_ocr_content_ocr"
    },
    {
      "type": "text",
      "bbox": [
        0.9255208373069763,
        0.12314815074205399,
        0.9453125,
        0.1379629671573639
      ],
      "interactivity": false,
      "content": "Scan",
      "source": "box_ocr_content_ocr"
    },
    {
      "type": "text",
      "bbox": [
        0.9151041507720947,
        0.1379629671573639,
        0.9609375,
        0.1546296328306198
      ],
      "interactivity": false,
      "content": "Select action",
      "source": "box_ocr_content_ocr"
    },
    {
      "type": "text",
      "bbox": [
        0.9244791865348816,
        0.16944444179534912,
        0.942187488079071,
        0.18611110746860504
      ],
      "interactivity": false,
      "content": "back",
      "source": "box_ocr_content_ocr"
    },
    {
      "type": "text",
      "bbox": [
        0.8921874761581421,
        0.182407408952713,
        0.9192708134651184,
        0.20092593133449554
      ],
      "interactivity": false,
      "content": "QIESC",
      "source": "box_ocr_content_ocr"
    },
    {
      "type": "text",
      "bbox": [
        0.9244791865348816,
        0.18611110746860504,
        0.9401041865348816,
        0.20092593133449554
      ],
      "interactivity": false,
      "content": "Quit",
      "source": "box_ocr_content_ocr"
    },
    {
      "type": "icon",
      "bbox": [
        0.356388658285141,
        0.9502100348472595,
        0.504231333732605,
        0.9924802184104919
      ],
      "interactivity": true,
      "content": "Search ",
      "source": "box_yolo_content_ocr"
    },
    {
      "type": "icon",
      "bbox": [
        0.8488149642944336,
        0.00014616780390497297,
        0.9447625875473022,
        0.034680526703596115
      ],
      "interactivity": true,
      "content": "BCI Manual ",
      "source": "box_yolo_content_ocr"
    },
    {
      "type": "icon",
      "bbox": [
        0.8479135632514954,
        0.2271430939435959,
        1.0,
        0.27206557989120483
      ],
      "interactivity": true,
      "content": "Taking screenshot__. ",
      "source": "box_yolo_content_ocr"
    },
    {
      "type": "icon",
      "bbox": [
        0.9087247848510742,
        0.153353750705719,
        0.9575098156929016,
        0.16937938332557678
      ],
      "interactivity": true,
      "content": "More options ",
      "source": "box_yolo_content_ocr"
    },
    {
      "type": "icon",
      "bbox": [
        0.9121154546737671,
        0.036677200347185135,
        0.9408596158027649,
        0.07395083457231522
      ],
      "interactivity": true,
      "content": "BCI ",
      "source": "box_yolo_content_ocr"
    },
    {
      "type": "icon",
      "bbox": [
        0.5884133577346802,
        0.9473420977592468,
        0.6151494383811951,
        0.9993137121200562
      ],
      "interactivity": true,
      "content": "Google Chrome",
      "source": "box_yolo_content_yolo"
    },
    {
      "type": "icon",
      "bbox": [
        0.6453608870506287,
        0.9473025798797607,
        0.6739106774330139,
        0.9975488781929016
      ],
      "interactivity": true,
      "content": "Inkiting",
      "source": "box_yolo_content_yolo"
    },
    {
      "type": "icon",
      "bbox": [
        0.5594424605369568,
        0.9504919052124023,
        0.5856802463531494,
        0.9997425079345703
      ],
      "interactivity": true,
      "content": "Microsoft Edge browser",
      "source": "box_yolo_content_yolo"
    },
    {
      "type": "icon",
      "bbox": [
        0.6176938414573669,
        0.9472748041152954,
        0.6424416899681091,
        0.99909907579422
      ],
      "interactivity": true,
      "content": "PyCharm",
      "source": "box_yolo_content_yolo"
    },
    {
      "type": "icon",
      "bbox": [
        0.5037705302238464,
        0.9486191272735596,
        0.5294649600982666,
        0.9935504198074341
      ],
      "interactivity": true,
      "content": "folder",
      "source": "box_yolo_content_yolo"
    },
    {
      "type": "icon",
      "bbox": [
        0.9760322570800781,
        4.462135984795168e-05,
        0.9996932744979858,
        0.033973440527915955
      ],
      "interactivity": true,
      "content": "Close",
      "source": "box_yolo_content_yolo"
    },
    {
      "type": "icon",
      "bbox": [
        0.5322111248970032,
        0.9482078552246094,
        0.5570898652076721,
        0.9984778761863708
      ],
      "interactivity": true,
      "content": "Spotify",