{
  "label_coordinates": {
    "0": [
      0.05583333333333333,
      0.07836990595611286,
      0.32416666666666666,
      0.03761755485893417
    ],
    "1": [
      0.041666666666666664,
      0.18808777429467086,
      0.06,
      0.027168234064785787
    ],
    "2": [
      0.8266666666666667,
      0.45141065830721006,
      0.15833333333333333,
      0.03134796238244514
    ],
    "3": [
      0.8583333333333333,
      0.48066875653082547,
      0.09666666666666666,
      0.027168234064785787
    ],
    "4": [
      0.8050000508626302,
      0.5161964153421337,
      0.04,
      0.025078401794752483
    ],
    "5": [
      0.8975,
      0.5172413155327521,
      0.03166666666666667,
      0.02089864158829676
    ],
    "6": [
      0.9341666666666667,
      0.5235109717868338,
      0.06583333333333333,
      0.018808777429467086
    ],
    "7": [
      0.6516666666666666,
      0.542319749216301,
      0.029166666666666667,
      0.01671891327063741
    ],
    "8": [
      0.805,
      0.5444096133751306,
      0.15916666666666668,
      0.02089864158829676
    ],
    "9": [
      0.8658333333333333,
      0.5673981828998498,
      0.08,
      0.02089864158829676
    ],
    "10": [
      0.8591666666666666,
      0.6300940438871473,
      0.09333333333333334,
      0.02089864158829676
    ],
    "11": [
      0.04166667302449544,
      0.6917450365726228,
      0.125,
      0.025078369905956112
    ],
    "12": [
      0.4583333333333333,
      0.7628004179728317,
      0.06833333333333333,
      0.025078369905956112
    ],
    "13": [
      0.5333333333333333,
      0.7617554221158241,
      0.12166656494140625,
      0.030303030303030304
    ],
    "14": [
      0.6658333333333334,
      0.7659352142110762,
      0.04,
      0.018808777429467086
    ],
    "15": [
      0.4583333333333333,
      0.7878787878787878,
      0.051666666666666666,
      0.027168234064785787
    ],
    "16": [
      0.09916667302449544,
      0.9205850981868796,
      0.125,
      0.02089864158829676
    ],
    "17": [
      0.0018898518880208334,
      0.5159014439757217,
      0.12307819366455078,
      0.12635715528466235
    ],
    "18": [
      0.6092046101888021,
      0.39016207034311323,
      0.11873423258463542,
      0.1172654362183255
    ],
    "19": [
      0.12593177795410157,
      0.5159435690757249,
      0.11993731180826823,
      0.12408772531347963
    ],
    "20": [
      0.24641075134277343,
      0.3895001227080884,
      0.12411137898763021,
      0.09656112495510058
    ],
    "21": [
      0.0007753817240397135,
      0.3887006386943247,
      0.12635968526204427,
      0.10092108874983673
    ],
    "22": [
      0.9045267740885417,
      0.6748780317316484,
      0.09547322591145833,
      0.042311840794801464
    ],
    "23": [
      0.4869415283203125,
      0.51532518153654,
      0.12049601236979167,
      0.12779384122746865
    ],
    "24": [
      0.24854214986165366,
      0.5173193155286703,
      0.11475718180338541,
      0.10526938124510188
    ],
    "25": [
      0.37307164510091145,
      0.3887845062287748,
      0.10971333821614583,
      0.09934967264237199
    ],
    "26": [
      0.48707722981770835,
      0.25444845520465975,
      0.11943745930989583,
      0.1055482168805512
    ],
    "27": [
      0.3636187744140625,
      0.2511865661684871,
      0.12467803955078124,
      0.11157537478264597
    ],
    "28": [
      0.3638130187988281,
      0.5190914078316843,
      0.1198577372233073,
      0.12303338603913597
    ],
    "29": [
      0.7915367635091146,
      0.6749846678667059,
      0.11017354329427083,
      0.042435186659156215
    ],
    "30": [
      0.003969593048095703,
      0.2511716741005829,
      0.12020533243815104,
      0.10430728031425517
    ],
    "31": [
      0.12545120239257812,
      0.3876962372750947,
      0.12022850036621094,
      0.11201424434267242
    ],
    "32": [
      0.48544774373372396,
      0.38770379491983414,
      0.1232208251953125,
      0.11725255314459247
    ],
    "33": [
      0.24356753031412762,
      0.2483699722848093,
      0.12196802775065105,
      0.11319904068296108
    ],
    "34": [
      0.6027652486165365,
      0.6850200720839864,
      0.08535552978515625,
      0.0405907386771813
    ],
    "35": [
      0.12491905212402343,
      0.2503608855085064,
      0.11900797526041666,
      0.1142562818377743
    ],
    "36": [
      0.8514643351236979,
      0.7494460278294801,
      0.1051995849609375,
      0.02618937557144723
    ],
    "37": [
      0.6003827412923177,
      0.2522304299732236,
      0.12675944010416668,
      0.10251374279568312
    ],
    "38": [
      0.39716463724772133,
      0.7577998082590451,
      0.05136339823404948,
      0.057898446683973356
    ],
    "39": [
      0.040473467508951824,
      0.7498852003330722,
      0.1762245814005534,
      0.08694684418266718
    ],
    "40": [
      0.6217847188313802,
      0.1821229589894772,
      0.06532063802083334,
      0.040571541621767244
    ],
    "41": [
      0.02182005564371745,
      0.08134722734568883,
      0.025925992329915364,
      0.03319754446063545
    ],
    "42": [
      0.03891900698343913,
      0.8971071631930838,
      0.05199243863423665,
      0.06796994901874347
    ],
    "43": [
      0.8955183919270834,
      0.2990086474762441,
      0.02211954752604167,
      0.03348738173083203
    ],
    "44": [
      0.6558572896321615,
      0.9105160194006335,
      0.042314860026041665,
      0.04489840484587252
    ]
  },
  "parsed_content_list": [
    {
      "type": "text",
      "bbox": [
        0.05583333224058151,
        0.07836990803480148,
        0.3799999952316284,
        0.11598745733499527
      ],
      "interactivity": false,
      "content": "pearch for apps, settings, and documents",
      "source": "box_ocr_content_ocr"
    },
    {
      "type": "text",
      "bbox": [
        0.0416666679084301,
        0.18808777630329132,
        0.10166666656732559,
        0.215256005525589
      ],
      "interactivity": false,
      "content": "Pinned",
      "source": "box_ocr_content_ocr"
    },
    {
      "type": "text",
      "bbox": [
        0.8266666531562805,
        0.4514106512069702,
        0.9850000143051147,
        0.48275861144065857
      ],
      "interactivity": false,
      "content": "Access your mobile",
      "source": "box_ocr_content_ocr"
    },
    {
      "type": "text",
      "bbox": [
        0.8583333492279053,
        0.4806687533855438,
        0.9549999833106995,
        0.5078369975090027
      ],
      "interactivity": false,
      "content": "device here",
      "source": "box_ocr_content_ocr"
    },
    {
      "type": "text",
      "bbox": [
        0.8050000071525574,
        0.5161964297294617,
        0.8450000286102295,
        0.5412748456001282
      ],
      "interactivity": false,
      "content": "Keep",
      "source": "box_ocr_content_ocr"
    },
    {
      "type": "text",
      "bbox": [
        0.8974999785423279,
        0.517241358757019,
        0.9291666746139526,
        0.5381399989128113
      ],
      "interactivity": false,
      "content": "calls;",
      "source": "box_ocr_content_ocr"
    },
    {
      "type": "text",
      "bbox": [
        0.934166669845581,
        0.5235109925270081,
        1.0,
        0.5423197746276855
      ],
      "interactivity": false,
      "content": "messages",
      "source": "box_ocr_content_ocr"
    },
    {
      "type": "text",
      "bbox": [
        0.6516666412353516,
        0.5423197746276855,
        0.6808333396911621,
        0.5590386390686035
      ],
      "interactivity": false,
      "content": "video",
      "source": "box_ocr_content_ocr"
    },
    {
      "type": "text",
      "bbox": [
        0.8050000071525574,
        0.5444096326828003,
        0.9641666412353516,
        0.5653082728385925
      ],
      "interactivity": false,
      "content": "and recent activity here",